{"type":"FeatureCollection","name":"Ginza simplified building footprints","bbox":[139.759,35.6645,139.772,35.6755],"features":[{"type":"Feature","properties":{"osm_type":"relation","osm_id":3962017,"building":"yes","source_height_m":null,"source_levels":null,"display_height_m":20.0,"height_basis":"visual_fallback"},"geometry":{"type":"Polygon","coordinates":[[[139.767322,35.667809],[139.766934,35.668105],[139.767219,35.66835],[139.767464,35.668162],[139.767579,35.668261],[139.76772,35.668154],[139.767322,35.667809]],[[139.767277,35.668185],[139.767428,35.668069],[139.767326,35.66798],[139.767174,35.668096],[139.767277,35.668185]]]}},{"type":"Feature","properties":{"osm_type":"relation","osm_id":4859313,"building":"yes","source_height_m":null,"source_levels":null,"display_height_m":23.0,"height_basis":"visual_fallback"},"geometry":{"type":"Polygon","coordinates":[[[139.767643,35.669847],[139.767839,35.670069],[139.7679,35.670133],[139.768,35.670069],[139.76812,35.669966],[139.768204,35.670024],[139.768303,35.669933],[139.768224,35.669875],[139.768336,35.669778],[139.768439,35.669851],[139.768552,35.669751],[139.768566,35.669763],[139.768655,35.669691],[139.768014,35.669171],[139.76792,35.669246],[139.767843,35.669189],[139.767716,35.669302],[139.767734,35.669315],[139.767646,35.66939],[139.767627,35.669377],[139.767553,35.66944],[139.767497,35.669488],[139.767576,35.66955],[139.767526,35.669592],[139.767566,35.669624],[139.767573,35.669618],[139.767687,35.669744],[139.7676,35.669797],[139.767643,35.669847]],[[139.767819,35.669621],[139.768014,35.669453],[139.767868,35.66934],[139.767677,35.669511],[139.767819,35.669621]]]}},{"type":"Feature","properties":{"osm_type":"relation","osm_id":7825658,"building":"commercial","source_height_m":null,"source_levels":null,"display_height_m":23.0,"height_basis":"visual_fallback"},"geometry":{"type":"Polygon","coordinates":[[[139.761246,35.6755],[139.761226,35.675442],[139.760971,35.6755],[139.761246,35.6755]]]}},{"type":"Feature","properties":{"osm_type":"relation","osm_id":7826097,"building":"yes","source_height_m":null,"source_levels":null,"display_height_m":20.0,"height_basis":"visual_fallback"},"geometry":{"type":"MultiPolygon","coordinates":[[[[139.76127,35.665647],[139.76143,35.665839],[139.761348,35.665884],[139.761188,35.665692],[139.76127,35.665647]]],[[[139.761727,35.66599],[139.761682,35.665937],[139.761706,35.665924],[139.76175,35.665977],[139.761727,35.66599]]],[[[139.761492,35.666083],[139.761379,35.665946],[139.761269,35.666007],[139.761223,35.665952],[139.761348,35.665884],[139.76143,35.665839],[139.761547,35.665775],[139.761593,35.665829],[139.761492,35.665884],[139.761605,35.66602],[139.761492,35.666083]]],[[[139.761492,35.666083],[139.761379,35.665946],[139.761269,35.666007],[139.761412,35.666179],[139.761521,35.666118],[139.761492,35.666083]]],[[[139.761593,35.665829],[139.761492,35.665884],[139.761605,35.66602],[139.761635,35.666056],[139.761735,35.666001],[139.761727,35.66599],[139.761682,35.665937],[139.761593,35.665829]]],[[[139.761223,35.665952],[139.761269,35.666007],[139.761412,35.666179],[139.761521,35.666118],[139.761492,35.666083],[139.761605,35.66602],[139.761635,35.666056],[139.761735,35.666001],[139.761727,35.66599],[139.76175,35.665977],[139.761706,35.665924],[139.761682,35.665937],[139.761593,35.665829],[139.761547,35.665775],[139.76143,35.665839],[139.761348,35.665884],[139.761223,35.665952]]]]}},{"type":"Feature","properties":{"osm_type":"relation","osm_id":7892350,"building":"yes","source_height_m":null,"source_levels":null,"display_height_m":14.0,"height_basis":"visual_fallback"},"geometry":{"type":"Polygon","coordinates":[[[139.768294,35.667558],[139.768363,35.667611],[139.768504,35.667485],[139.768442,35.667438],[139.768294,35.667558]]]}},{"type":"Feature","properties":{"osm_type":"relation","osm_id":8441306,"building":"yes","source_height_m":null,"source_levels":null,"display_height_m":17.0,"height_basis":"visual_fallback"},"geometry":{"type":"MultiPolygon","coordinates":[[[[139.770755,35.6645],[139.770764,35.664507],[139.770772,35.6645],[139.770755,35.6645]]],[[[139.770675,35.664583],[139.770702,35.664561],[139.770716,35.664549],[139.770729,35.664536],[139.770764,35.664507],[139.770772,35.6645],[139.770924,35.6645],[139.771699,35.665098],[139.77164,35.665147],[139.77153,35.665242],[139.770968,35.664809],[139.770922,35.664774],[139.770675,35.664583]]]]}},{"type":"Feature","properties":{"osm_type":"relation","osm_id":13816471,"building":"dormitory","source_height_m":null,"source_levels":null,"display_height_m":17.0,"height_basis":"visual_fallback"},"geometry":{"type":"Polygon","coordinates":[[[139.766708,35.665378],[139.766447,35.665609],[139.766687,35.665788],[139.766949,35.665557],[139.766708,35.665378]],[[139.766633,35.665585],[139.766713,35.665517],[139.766782,35.665567],[139.766702,35.665637],[139.766633,35.665585]]]}},{"type":"Feature","properties":{"osm_type":"way","osm_id":39168892,"building":"yes","source_height_m":null,"source_levels":null,"display_height_m":20.0,"height_basis":"visual_fallback"},"geometry":{"type":"Polygon","coordinates":[[[139.763375,35.673746],[139.763367,35.67372],[139.763355,35.673676],[139.763321,35.673551],[139.763344,35.673506],[139.763387,35.673415],[139.763402,35.673384],[139.763495,35.673406],[139.763709,35.673503],[139.763853,35.673661],[139.763375,35.673746]]]}},{"type":"Feature","properties":{"osm_type":"way","osm_id":39169051,"building":"yes","source_height_m":null,"source_levels":null,"display_height_m":17.0,"height_basis":"visual_fallback"},"geometry":{"type":"Polygon","coordinates":[[[139.762319,35.673938],[139.7622,35.673491],[139.762291,35.673414],[139.762366,35.673375],[139.762529,35.673316],[139.762631,35.673291],[139.762664,35.673285],[139.762762,35.673272],[139.762874,35.673264],[139.762953,35.673266],[139.763021,35.673276],[139.763082,35.673289],[139.763141,35.673304],[139.763177,35.673323],[139.763191,35.673359],[139.7632,35.673423],[139.763225,35.673528],[139.763237,35.673565],[139.763268,35.673691],[139.763278,35.673735],[139.763286,35.673765],[139.762319,35.673938]]]}},{"type":"Feature","properties":{"osm_type":"way","osm_id":39169159,"building":"yes","source_height_m":110.0,"source_levels":null,"display_height_m":110.0,"height_basis":"osm_height"},"geometry":{"type":"Polygon","coordinates":[[[139.7635,35.674304],[139.763535,35.67438],[139.763603,35.674435],[139.7637,35.674469],[139.763791,35.674478],[139.763964,35.674473],[139.764114,35.674452],[139.764229,35.674429],[139.76414,35.674043],[139.76399,35.673834],[139.763402,35.673949],[139.7635,35.674304]]]}},{"type":"Feature","properties":{"osm_type":"way","osm_id":39169283,"building":"yes","source_height_m":110.0,"source_levels":null,"display_height_m":110.0,"height_basis":"osm_height"},"geometry":{"type":"Polygon","coordinates":[[[139.763111,35.674373],[139.762994,35.674022],[139.763346,35.673959],[139.763439,35.674317],[139.763111,35.674373]]]}},{"type":"Feature","properties":{"osm_type":"way","osm_id":39169389,"building":"commercial","source_height_m":null,"source_levels":null,"display_height_m":26.0,"height_basis":"visual_fallback"},"geometry":{"type":"Polygon","coordinates":[[[139.762636,35.674248],[139.762456,35.674127],[139.76268,35.674084],[139.762691,35.674126],[139.762636,35.674248]]]}},{"type":"Feature","properties":{"osm_type":"way","osm_id":39520708,"building":"yes","source_height_m":33.863,"source_levels":5.0,"display_height_m":33.9,"height_basis":"osm_height"},"geometry":{"type":"Polygon","coordinates":[[[139.763171,35.672249],[139.762994,35.672077],[139.763161,35.671956],[139.763407,35.672192],[139.763303,35.672263],[139.763247,35.672272],[139.763171,35.672249]]]}},{"type":"Feature","properties":{"osm_type":"way","osm_id":43988826,"building":"hotel","source_height_m":null,"source_levels":null,"display_height_m":17.0,"height_basis":"visual_fallback"},"geometry":{"type":"Polygon","coordinates":[[[139.764995,35.668179],[139.765245,35.668376],[139.76518,35.66843],[139.765194,35.668441],[139.765068,35.668546],[139.765144,35.668605],[139.765,35.668726],[139.764661,35.668458],[139.764995,35.668179]]]}},{"type":"Feature","properties":{"osm_type":"way","osm_id":43988830,"building":"yes","source_height_m":65.9,"source_levels":16.0,"display_height_m":65.9,"height_basis":"osm_height"},"geometry":{"type":"Polygon","coordinates":[[[139.765838,35.668881],[139.765655,35.669035],[139.765482,35.668898],[139.765683,35.668729],[139.765835,35.668848],[139.765838,35.668881]]]}},{"type":"Feature","properties":{"osm_type":"way","osm_id":74314559,"building":"shrine","source_height_m":null,"source_levels":null,"display_height_m":26.0,"height_basis":"visual_fallback"},"geometry":{"type":"Polygon","coordinates":[[[139.772,35.666144],[139.771805,35.666305],[139.772,35.66646],[139.772,35.666478],[139.771984,35.666491],[139.772,35.666504],[139.772,35.666533],[139.771992,35.66654],[139.771979,35.66655],[139.772,35.666566],[139.772,35.666144]]]}},{"type":"Feature","properties":{"osm_type":"way","osm_id":103509438,"building":"retail","source_height_m":null,"source_levels":12.0,"display_height_m":38.4,"height_basis":"osm_levels_x_3.2m"},"geometry":{"type":"Polygon","coordinates":[[[139.767246,35.673122],[139.767423,35.67299],[139.76744,35.673003],[139.767562,35.672924],[139.767547,35.672907],[139.76756,35.6729],[139.767509,35.672846],[139.767181,35.673062],[139.767246,35.673122]]]}},{"type":"Feature","properties":{"osm_type":"way","osm_id":103509447,"building":"yes","source_height_m":null,"source_levels":null,"display_height_m":20.0,"height_basis":"visual_fallback"},"geometry":{"type":"Polygon","coordinates":[[[139.766756,35.671276],[139.766525,35.671058],[139.766235,35.671263],[139.766465,35.671476],[139.766756,35.671276]]]}},{"type":"Feature","properties":{"osm_type":"way","osm_id":103509449,"building":"yes","source_height_m":null,"source_levels":12.0,"display_height_m":38.4,"height_basis":"osm_levels_x_3.2m"},"geometry":{"type":"Polygon","coordinates":[[[139.766795,35.673083],[139.766919,35.673202],[139.766627,35.673403],[139.766502,35.673284],[139.766572,35.673236],[139.766778,35.673094],[139.766795,35.673083]]]}},{"type":"Feature","properties":{"osm_type":"way","osm_id":103509451,"building":"yes","source_height_m":null,"source_levels":null,"display_height_m":17.0,"height_basis":"visual_fallback"},"geometry":{"type":"Polygon","coordinates":[[[139.767536,35.673396],[139.767426,35.673288],[139.767591,35.673171],[139.767685,35.673253],[139.767734,35.673224],[139.767752,35.673241],[139.767702,35.673274],[139.767536,35.673396]]]}},{"type":"Feature","properties":{"osm_type":"way","osm_id":103509454,"building":"retail","source_height_m":null,"source_levels":12.0,"display_height_m":38.4,"height_basis":"osm_levels_x_3.2m"},"geometry":{"type":"Polygon","coordinates":[[[139.765386,35.671988],[139.765529,35.671887],[139.765412,35.671776],[139.765264,35.671881],[139.765274,35.67189],[139.765154,35.671974],[139.765189,35.672007],[139.765314,35.67192],[139.765386,35.671988]]]}},{"type":"Feature","properties":{"osm_type":"way","osm_id":103509457,"building":"yes","source_height_m":null,"source_levels":8.0,"display_height_m":25.6,"height_basis":"osm_levels_x_3.2m"},"geometry":{"type":"Polygon","coordinates":[[[139.76572,35.672071],[139.765461,35.672256],[139.765301,35.672108],[139.765411,35.67203],[139.765478,35.672092],[139.765627,35.671985],[139.76572,35.672071]]]}},{"type":"Feature","properties":{"osm_type":"way","osm_id":103509462,"building":"retail","source_height_m":null,"source_levels":null,"display_height_m":20.0,"height_basis":"visual_fallback"},"geometry":{"type":"Polygon","coordinates":[[[139.766135,35.672704],[139.766076,35.67265],[139.766239,35.672536],[139.766316,35.672612],[139.766242,35.672663],[139.76622,35.672643],[139.766135,35.672704]]]}},{"type":"Feature","properties":{"osm_type":"way","osm_id":103509464,"building":"yes","source_height_m":null,"source_levels":12.0,"display_height_m":38.4,"height_basis":"osm_levels_x_3.2m"},"geometry":{"type":"Polygon","coordinates":[[[139.762616,35.668734],[139.762876,35.668567],[139.76272,35.668434],[139.762638,35.668487],[139.762654,35.668503],[139.762491,35.668617],[139.762616,35.668734]]]}},{"type":"Feature","properties":{"osm_type":"way","osm_id":103509466,"building":"retail","source_height_m":null,"source_levels":8.0,"display_height_m":25.6,"height_basis":"osm_levels_x_3.2m"},"geometry":{"type":"Polygon","coordinates":[[[139.765047,35.671872],[139.765135,35.671952],[139.765399,35.671761],[139.76532,35.67169],[139.765214,35.671767],[139.765205,35.671758],[139.765047,35.671872]]]}},{"type":"Feature","properties":{"osm_type":"way","osm_id":103509469,"building":"retail","source_height_m":28.0,"source_levels":7.0,"display_height_m":28.0,"height_basis":"osm_height"},"geometry":{"type":"Polygon","coordinates":[[[139.764958,35.671514],[139.764785,35.67164],[139.764994,35.67183],[139.765264,35.671634],[139.765142,35.671524],[139.765122,35.671513],[139.765099,35.671505],[139.765076,35.6715],[139.765052,35.671497],[139.765027,35.671497],[139.765003,35.6715],[139.76498,35.671506],[139.764958,35.671514]]]}},{"type":"Feature","properties":{"osm_type":"way","osm_id":103509470,"building":"retail","source_height_m":null,"source_levels":8.0,"display_height_m":25.6,"height_basis":"osm_levels_x_3.2m"},"geometry":{"type":"Polygon","coordinates":[[[139.766913,35.672817],[139.767249,35.672587],[139.766909,35.67222],[139.766881,35.672189],[139.766478,35.67175],[139.766077,35.67202],[139.766913,35.672817]]]}},{"type":"Feature","properties":{"osm_type":"way","osm_id":117820990,"building":"yes","source_height_m":null,"source_levels":8.0,"display_height_m":25.6,"height_basis":"osm_levels_x_3.2m"},"geometry":{"type":"Polygon","coordinates":[[[139.764343,35.668365],[139.764232,35.668465],[139.764114,35.668379],[139.764225,35.668278],[139.764343,35.668365]]]}},{"type":"Feature","properties":{"osm_type":"way","osm_id":117820991,"building":"yes","source_height_m":null,"source_levels":5.0,"display_height_m":16.0,"height_basis":"osm_levels_x_3.2m"},"geometry":{"type":"Polygon","coordinates":[[[139.764492,35.668343],[139.764537,35.668341],[139.764562,35.66832],[139.764512,35.66828],[139.764464,35.66832],[139.764492,35.668343]]]}},{"type":"Feature","properties":{"osm_type":"way","osm_id":117820994,"building":"yes","source_height_m":null,"source_levels":null,"display_height_m":26.0,"height_basis":"visual_fallback"},"geometry":{"type":"Polygon","coordinates":[[[139.765192,35.667749],[139.765081,35.667658],[139.765152,35.6676],[139.765218,35.667654],[139.76527,35.667611],[139.765331,35.667661],[139.765223,35.667749],[139.765192,35.667749]]]}},{"type":"Feature","properties":{"osm_type":"way","osm_id":117820997,"building":"yes","source_height_m":null,"source_levels":7.0,"display_height_m":22.4,"height_basis":"osm_levels_x_3.2m"},"geometry":{"type":"Polygon","coordinates":[[[139.764608,35.668287],[139.764661,35.668243],[139.764576,35.668175],[139.764522,35.668219],[139.764608,35.668287]]]}},{"type":"Feature","properties":{"osm_type":"way","osm_id":117820998,"building":"yes","source_height_m":null,"source_levels":null,"display_height_m":23.0,"height_basis":"visual_fallback"},"geometry":{"type":"Polygon","coordinates":[[[139.765676,35.668724],[139.765602,35.668666],[139.765289,35.668928],[139.765363,35.668987],[139.765676,35.668724]]]}},{"type":"Feature","properties":{"osm_type":"way","osm_id":117820999,"building":"yes","source_height_m":null,"source_levels":null,"display_height_m":26.0,"height_basis":"visual_fallback"},"geometry":{"type":"Polygon","coordinates":[[[139.76532,35.66845],[139.765247,35.668392],[139.765198,35.668433],[139.765206,35.668439],[139.765113,35.668517],[139.765178,35.668568],[139.76532,35.66845]]]}},{"type":"Feature","properties":{"osm_type":"way","osm_id":117821000,"building":"yes","source_height_m":null,"source_levels":null,"display_height_m":14.0,"height_basis":"visual_fallback"},"geometry":{"type":"Polygon","coordinates":[[[139.765569,35.669114],[139.765658,35.669039],[139.765561,35.668964],[139.765455,35.669053],[139.765533,35.669114],[139.765569,35.669114]]]}},{"type":"Feature","properties":{"osm_type":"way","osm_id":117821001,"building":"yes","source_height_m":null,"source_levels":null,"display_height_m":17.0,"height_basis":"visual_fallback"},"geometry":{"type":"Polygon","coordinates":[[[139.765902,35.668199],[139.766211,35.667912],[139.766586,35.668179],[139.766277,35.668465],[139.765902,35.668199]]]}},{"type":"Feature","properties":{"osm_type":"way","osm_id":117821003,"building":"retail","source_height_m":null,"source_levels":null,"display_height_m":23.0,"height_basis":"visual_fallback"},"geometry":{"type":"Polygon","coordinates":[[[139.765345,35.667891],[139.765395,35.667929],[139.765508,35.667833],[139.765435,35.667777],[139.765342,35.667857],[139.765345,35.667891]]]}},{"type":"Feature","properties":{"osm_type":"way","osm_id":117821004,"building":"yes","source_height_m":null,"source_levels":11.0,"display_height_m":35.2,"height_basis":"osm_levels_x_3.2m"},"geometry":{"type":"Polygon","coordinates":[[[139.764759,35.668137],[139.764676,35.668072],[139.764578,35.668155],[139.764661,35.66822],[139.764759,35.668137]]]}},{"type":"Feature","properties":{"osm_type":"way","osm_id":117821006,"building":"commercial","source_height_m":null,"source_levels":6.0,"display_height_m":19.2,"height_basis":"osm_levels_x_3.2m"},"geometry":{"type":"Polygon","coordinates":[[[139.764565,35.668319],[139.764601,35.668289],[139.764515,35.66822],[139.764479,35.66825],[139.764565,35.668319]]]}},{"type":"Feature","properties":{"osm_type":"way","osm_id":117821010,"building":"yes","source_height_m":null,"source_levels":6.0,"display_height_m":19.2,"height_basis":"osm_levels_x_3.2m"},"geometry":{"type":"Polygon","coordinates":[[[139.764355,35.668472],[139.76442,35.668422],[139.764354,35.668371],[139.764292,35.668424],[139.764355,35.668472]]]}},{"type":"Feature","properties":{"osm_type":"way","osm_id":117821012,"building":"yes","source_height_m":null,"source_levels":10.0,"display_height_m":32.0,"height_basis":"osm_levels_x_3.2m"},"geometry":{"type":"Polygon","coordinates":[[[139.765943,35.667977],[139.765703,35.668176],[139.765399,35.667934],[139.765521,35.667833],[139.76555,35.667856],[139.765589,35.667824],[139.765621,35.667849],[139.765701,35.667783],[139.765943,35.667977]]]}},{"type":"Feature","properties":{"osm_type":"way","osm_id":117880671,"building":"yes","source_height_m":null,"source_levels":null,"display_height_m":17.0,"height_basis":"visual_fallback"},"geometry":{"type":"Polygon","coordinates":[[[139.765753,35.669414],[139.765605,35.669302],[139.765585,35.669301],[139.765458,35.669399],[139.765624,35.669523],[139.765753,35.669414]]]}},{"type":"Feature","properties":{"osm_type":"way","osm_id":117880672,"building":"yes","source_height_m":null,"source_levels":null,"display_height_m":20.0,"height_basis":"visual_fallback"},"geometry":{"type":"Polygon","coordinates":[[[139.765192,35.669593],[139.765288,35.669529],[139.765427,35.669632],[139.76534,35.669706],[139.765192,35.669593]]]}},{"type":"Feature","properties":{"osm_type":"way","osm_id":117880673,"building":"yes","source_height_m":null,"source_levels":null,"display_height_m":23.0,"height_basis":"visual_fallback"},"geometry":{"type":"Polygon","coordinates":[[[139.765427,35.669632],[139.76534,35.669706],[139.765461,35.669792],[139.765553,35.669714],[139.765427,35.669632]]]}},{"type":"Feature","properties":{"osm_type":"way","osm_id":117880674,"building":"yes","source_height_m":null,"source_levels":null,"display_height_m":26.0,"height_basis":"visual_fallback"},"geometry":{"type":"Polygon","coordinates":[[[139.765539,35.669847],[139.765629,35.669771],[139.765559,35.66972],[139.765472,35.669796],[139.765539,35.669847]]]}},{"type":"Feature","properties":{"osm_type":"way","osm_id":117880675,"building":"yes","source_height_m":null,"source_levels":7.0,"display_height_m":22.4,"height_basis":"osm_levels_x_3.2m"},"geometry":{"type":"Polygon","coordinates":[[[139.765506,35.669586],[139.765594,35.669509],[139.765451,35.669403],[139.765355,35.669477],[139.765506,35.669586]]]}},{"type":"Feature","properties":{"osm_type":"way","osm_id":117880676,"building":"yes","source_height_m":null,"source_levels":null,"display_height_m":17.0,"height_basis":"visual_fallback"},"geometry":{"type":"Polygon","coordinates":[[[139.765574,35.669638],[139.765509,35.669589],[139.765601,35.669512],[139.765663,35.669558],[139.765574,35.669638]]]}},{"type":"Feature","properties":{"osm_type":"way","osm_id":117880677,"building":"yes","source_height_m":null,"source_levels":null,"display_height_m":20.0,"height_basis":"visual_fallback"},"geometry":{"type":"Polygon","coordinates":[[[139.765059,35.669517],[139.765164,35.669433],[139.765064,35.669351],[139.764977,35.66942],[139.765022,35.669457],[139.765004,35.669472],[139.765059,35.669517]]]}},{"type":"Feature","properties":{"osm_type":"way","osm_id":117880678,"building":"yes","source_height_m":null,"source_levels":12.0,"display_height_m":38.4,"height_basis":"osm_levels_x_3.2m"},"geometry":{"type":"Polygon","coordinates":[[[139.76521,35.669307],[139.765257,35.669268],[139.764554,35.66871],[139.764531,35.668729],[139.76447,35.668779],[139.765144,35.669313],[139.76518,35.669283],[139.76521,35.669307]]]}},{"type":"Feature","properties":{"osm_type":"way","osm_id":117923432,"building":"yes","source_height_m":null,"source_levels":null,"display_height_m":20.0,"height_basis":"visual_fallback"},"geometry":{"type":"Polygon","coordinates":[[[139.766371,35.671633],[139.766193,35.671458],[139.765956,35.671618],[139.766055,35.671715],[139.765879,35.671833],[139.765958,35.671911],[139.766371,35.671633]]]}},{"type":"Feature","properties":{"osm_type":"way","osm_id":117923435,"building":"retail","source_height_m":null,"source_levels":8.0,"display_height_m":25.6,"height_basis":"osm_levels_x_3.2m"},"geometry":{"type":"Polygon","coordinates":[[[139.766171,35.67144],[139.76576,35.67172],[139.765346,35.671331],[139.765348,35.671281],[139.765349,35.671225],[139.765432,35.671162],[139.765556,35.671277],[139.765715,35.671162],[139.765692,35.67114],[139.765833,35.671047],[139.765869,35.671022],[139.765756,35.670915],[139.766095,35.670655],[139.766441,35.670993],[139.766052,35.671253],[139.766009,35.671282],[139.766171,35.67144]]]}},{"type":"Feature","properties":{"osm_type":"way","osm_id":117923438,"building":"yes","source_height_m":null,"source_levels":null,"display_height_m":23.0,"height_basis":"visual_fallback"},"geometry":{"type":"Polygon","coordinates":[[[139.764919,35.670162],[139.765075,35.670045],[139.765001,35.669983],[139.76485,35.670106],[139.764919,35.670162]]]}},{"type":"Feature","properties":{"osm_type":"way","osm_id":117923439,"building":"yes","source_height_m":null,"source_levels":null,"display_height_m":26.0,"height_basis":"visual_fallback"},"geometry":{"type":"Polygon","coordinates":[[[139.764677,35.669979],[139.764796,35.66989],[139.764945,35.670026],[139.764836,35.670115],[139.764677,35.669979]]]}},{"type":"Feature","properties":{"osm_type":"way","osm_id":117923441,"building":"yes","source_height_m":null,"source_levels":null,"display_height_m":17.0,"height_basis":"visual_fallback"},"geometry":{"type":"Polygon","coordinates":[[[139.765286,35.670502],[139.765226,35.670457],[139.765286,35.670408],[139.76534,35.670456],[139.765286,35.670502]]]}},{"type":"Feature","properties":{"osm_type":"way","osm_id":117923442,"building":"yes","source_height_m":null,"source_levels":null,"display_height_m":20.0,"height_basis":"visual_fallback"},"geometry":{"type":"Polygon","coordinates":[[[139.766691,35.671681],[139.766636,35.671629],[139.76667,35.671605],[139.766724,35.671661],[139.766691,35.671681]]]}},{"type":"Feature","properties":{"osm_type":"way","osm_id":117923444,"building":"yes","source_height_m":null,"source_levels":null,"display_height_m":26.0,"height_basis":"visual_fallback"},"geometry":{"type":"Polygon","coordinates":[[[139.765307,35.670519],[139.765366,35.670473],[139.765345,35.670456],[139.765289,35.670504],[139.765307,35.670519]]]}},{"type":"Feature","properties":{"osm_type":"way","osm_id":117923446,"building":"yes","source_height_m":null,"source_levels":null,"display_height_m":17.0,"height_basis":"visual_fallback"},"geometry":{"type":"Polygon","coordinates":[[[139.765201,35.670425],[139.76529,35.670362],[139.765242,35.670314],[139.765149,35.670379],[139.765201,35.670425]]]}},{"type":"Feature","properties":{"osm_type":"way","osm_id":117923447,"building":"yes","source_height_m":null,"source_levels":null,"display_height_m":20.0,"height_basis":"visual_fallback"},"geometry":{"type":"Polygon","coordinates":[[[139.766733,35.671664],[139.766672,35.671602],[139.766704,35.671579],[139.766766,35.671645],[139.766733,35.671664]]]}},{"type":"Feature","properties":{"osm_type":"way","osm_id":117923450,"building":"yes","source_height_m":null,"source_levels":null,"display_height_m":14.0,"height_basis":"visual_fallback"},"geometry":{"type":"Polygon","coordinates":[[[139.765337,35.670544],[139.765397,35.670495],[139.765372,35.670472],[139.76531,35.670521],[139.765337,35.670544]]]}},{"type":"Feature","properties":{"osm_type":"way","osm_id":117923451,"building":"yes","source_height_m":null,"source_levels":null,"display_height_m":17.0,"height_basis":"visual_fallback"},"geometry":{"type":"Polygon","coordinates":[[[139.766617,35.671748],[139.766554,35.671686],[139.766613,35.671647],[139.766673,35.671707],[139.766617,35.671748]]]}},{"type":"Feature","properties":{"osm_type":"way","osm_id":117923453,"building":"yes","source_height_m":null,"source_levels":null,"display_height_m":23.0,"height_basis":"visual_fallback"},"geometry":{"type":"Polygon","coordinates":[[[139.765042,35.670291],[139.765132,35.670221],[139.765076,35.67017],[139.764983,35.670243],[139.765042,35.670291]]]}},{"type":"Feature","properties":{"osm_type":"way","osm_id":117923454,"building":"yes","source_height_m":null,"source_levels":null,"display_height_m":26.0,"height_basis":"visual_fallback"},"geometry":{"type":"Polygon","coordinates":[[[139.766671,35.671697],[139.766615,35.671642],[139.766635,35.671631],[139.76669,35.671684],[139.766671,35.671697]]]}},{"type":"Feature","properties":{"osm_type":"way","osm_id":117923456,"building":"yes","source_height_m":null,"source_levels":null,"display_height_m":17.0,"height_basis":"visual_fallback"},"geometry":{"type":"Polygon","coordinates":[[[139.764981,35.67024],[139.764942,35.670208],[139.765027,35.670143],[139.765062,35.670174],[139.764981,35.67024]]]}},{"type":"Feature","properties":{"osm_type":"way","osm_id":117923458,"building":"yes","source_height_m":null,"source_levels":null,"display_height_m":23.0,"height_basis":"visual_fallback"},"geometry":{"type":"Polygon","coordinates":[[[139.765219,35.670687],[139.765109,35.670583],[139.765197,35.670527],[139.765424,35.670726],[139.765377,35.670759],[139.765265,35.670654],[139.765219,35.670687]]]}},{"type":"Feature","properties":{"osm_type":"way","osm_id":117923459,"building":"yes","source_height_m":null,"source_levels":null,"display_height_m":26.0,"height_basis":"visual_fallback"},"geometry":{"type":"Polygon","coordinates":[[[139.766684,35.671817],[139.766926,35.671668],[139.766774,35.671522],[139.766706,35.671575],[139.766774,35.671648],[139.766623,35.671754],[139.766684,35.671817]]]}},{"type":"Feature","properties":{"osm_type":"way","osm_id":117923462,"building":"yes","source_height_m":null,"source_levels":null,"display_height_m":20.0,"height_basis":"visual_fallback"},"geometry":{"type":"Polygon","coordinates":[[[139.765142,35.670372],[139.765322,35.670252],[139.765164,35.670112],[139.765084,35.670173],[139.765139,35.67022],[139.765045,35.670293],[139.765142,35.670372]]]}},{"type":"Feature","properties":{"osm_type":"way","osm_id":117923463,"building":"yes","source_height_m":null,"source_levels":null,"display_height_m":23.0,"height_basis":"visual_fallback"},"geometry":{"type":"Polygon","coordinates":[[[139.765027,35.67014],[139.765064,35.670173],[139.765159,35.670101],[139.765086,35.67004],[139.764905,35.670176],[139.764939,35.670207],[139.765027,35.67014]]]}},{"type":"Feature","properties":{"osm_type":"way","osm_id":117923464,"building":"yes","source_height_m":null,"source_levels":null,"display_height_m":26.0,"height_basis":"visual_fallback"},"geometry":{"type":"Polygon","coordinates":[[[139.764686,35.670309],[139.764741,35.670271],[139.76483,35.670346],[139.764908,35.670288],[139.764599,35.670024],[139.764471,35.67011],[139.764686,35.670309]]]}},{"type":"Feature","properties":{"osm_type":"way","osm_id":117923466,"building":"yes","source_height_m":null,"source_levels":null,"display_height_m":17.0,"height_basis":"visual_fallback"},"geometry":{"type":"Polygon","coordinates":[[[139.765602,35.670605],[139.765471,35.670489],[139.765481,35.670478],[139.76543,35.670424],[139.765404,35.670443],[139.76544,35.670475],[139.765341,35.670548],[139.765496,35.670676],[139.765602,35.670605]]]}},{"type":"Feature","properties":{"osm_type":"way","osm_id":117928766,"building":"yes","source_height_m":null,"source_levels":9.0,"display_height_m":28.8,"height_basis":"osm_levels_x_3.2m"},"geometry":{"type":"Polygon","coordinates":[[[139.769467,35.675472],[139.769392,35.675347],[139.769712,35.675221],[139.769757,35.675296],[139.76965,35.675339],[139.769669,35.675371],[139.769553,35.675417],[139.769563,35.675434],[139.769467,35.675472]]]}},{"type":"Feature","properties":{"osm_type":"way","osm_id":117928767,"building":"yes","source_height_m":null,"source_levels":9.0,"display_height_m":28.8,"height_basis":"osm_levels_x_3.2m"},"geometry":{"type":"Polygon","coordinates":[[[139.768287,35.674514],[139.768258,35.674486],[139.768078,35.67461],[139.768107,35.674638],[139.768287,35.674514]]]}},{"type":"Feature","properties":{"osm_type":"way","osm_id":117928768,"building":"yes","source_height_m":null,"source_levels":9.0,"display_height_m":28.8,"height_basis":"osm_levels_x_3.2m"},"geometry":{"type":"Polygon","coordinates":[[[139.768861,35.6755],[139.768651,35.6755],[139.768588,35.675402],[139.768949,35.675398],[139.768983,35.67545],[139.768861,35.6755]]]}},{"type":"Feature","properties":{"osm_type":"way","osm_id":117928769,"building":"yes","source_height_m":null,"source_levels":9.0,"display_height_m":28.8,"height_basis":"osm_levels_x_3.2m"},"geometry":{"type":"Polygon","coordinates":[[[139.768367,35.674593],[139.768291,35.674518],[139.768101,35.674646],[139.768046,35.674592],[139.767966,35.674646],[139.768098,35.674775],[139.768367,35.674593]]]}},{"type":"Feature","properties":{"osm_type":"way","osm_id":117928770,"building":"yes","source_height_m":null,"source_levels":13.0,"display_height_m":41.6,"height_basis":"osm_levels_x_3.2m"},"geometry":{"type":"Polygon","coordinates":[[[139.768164,35.675049],[139.768266,35.675045],[139.768681,35.67504],[139.768593,35.674907],[139.768161,35.675038],[139.768164,35.675049]]]}},{"type":"Feature","properties":{"osm_type":"way","osm_id":117928771,"building":"yes","source_height_m":null,"source_levels":9.0,"display_height_m":28.8,"height_basis":"osm_levels_x_3.2m"},"geometry":{"type":"Polygon","coordinates":[[[139.768524,35.674734],[139.768372,35.674595],[139.768102,35.674778],[139.76819,35.674872],[139.768501,35.674778],[139.768524,35.674734]]]}},{"type":"Feature","properties":{"osm_type":"way","osm_id":117928772,"building":"yes","source_height_m":null,"source_levels":8.0,"display_height_m":25.6,"height_basis":"osm_levels_x_3.2m"},"geometry":{"type":"Polygon","coordinates":[[[139.765623,35.671976],[139.765477,35.672075],[139.765396,35.671996],[139.765541,35.671897],[139.765623,35.671976]]]}},{"type":"Feature","properties":{"osm_type":"way","osm_id":117980976,"building":"yes","source_height_m":null,"source_levels":null,"display_height_m":17.0,"height_basis":"visual_fallback"},"geometry":{"type":"Polygon","coordinates":[[[139.768,35.6755],[139.768018,35.6755],[139.768122,35.675468],[139.768072,35.675361],[139.767952,35.675398],[139.768,35.6755]]]}},{"type":"Feature","properties":{"osm_type":"way","osm_id":117980989,"building":"yes","source_height_m":null,"source_levels":null,"display_height_m":26.0,"height_basis":"visual_fallback"},"geometry":{"type":"Polygon","coordinates":[[[139.768368,35.6755],[139.768342,35.675456],[139.768229,35.675493],[139.768233,35.6755],[139.768368,35.6755]]]}},{"type":"Feature","properties":{"osm_type":"way","osm_id":117980993,"building":"yes","source_height_m":null,"source_levels":null,"display_height_m":23.0,"height_basis":"visual_fallback"},"geometry":{"type":"Polygon","coordinates":[[[139.768228,35.675434],[139.768267,35.675421],[139.768223,35.675334],[139.768183,35.675342],[139.768228,35.675434]]]}},{"type":"Feature","properties":{"osm_type":"way","osm_id":117980994,"building":"yes","source_height_m":null,"source_levels":null,"display_height_m":26.0,"height_basis":"visual_fallback"},"geometry":{"type":"Polygon","coordinates":[[[139.767943,35.6755],[139.767994,35.6755],[139.767946,35.675398],[139.767901,35.675412],[139.767943,35.6755]]]}},{"type":"Feature","properties":{"osm_type":"way","osm_id":117980996,"building":"yes","source_height_m":null,"source_levels":null,"display_height_m":17.0,"height_basis":"visual_fallback"},"geometry":{"type":"Polygon","coordinates":[[[139.76842,35.6755],[139.768396,35.675458],[139.768352,35.675471],[139.768371,35.6755],[139.76842,35.6755]]]}},{"type":"Feature","properties":{"osm_type":"way","osm_id":117980999,"building":"yes","source_height_m":null,"source_levels":null,"display_height_m":26.0,"height_basis":"visual_fallback"},"geometry":{"type":"Polygon","coordinates":[[[139.76827,35.67542],[139.768307,35.675409],[139.768269,35.675331],[139.768227,35.675335],[139.76827,35.67542]]]}},{"type":"Feature","properties":{"osm_type":"way","osm_id":117981000,"building":"yes","source_height_m":null,"source_levels":null,"display_height_m":14.0,"height_basis":"visual_fallback"},"geometry":{"type":"Polygon","coordinates":[[[139.768312,35.675406],[139.768363,35.675387],[139.768334,35.675331],[139.768274,35.675332],[139.768312,35.675406]]]}},{"type":"Feature","properties":{"osm_type":"way","osm_id":117981005,"building":"yes","source_height_m":null,"source_levels":null,"display_height_m":14.0,"height_basis":"visual_fallback"},"geometry":{"type":"Polygon","coordinates":[[[139.767877,35.6755],[139.767937,35.6755],[139.767893,35.675414],[139.767838,35.675433],[139.767877,35.6755]]]}},{"type":"Feature","properties":{"osm_type":"way","osm_id":117981006,"building":"yes","source_height_m":null,"source_levels":null,"display_height_m":17.0,"height_basis":"visual_fallback"},"geometry":{"type":"Polygon","coordinates":[[[139.768367,35.675387],[139.768341,35.675334],[139.768416,35.675332],[139.768434,35.675365],[139.768367,35.675387]]]}},{"type":"Feature","properties":{"osm_type":"way","osm_id":117981011,"building":"yes","source_height_m":null,"source_levels":null,"display_height_m":17.0,"height_basis":"visual_fallback"},"geometry":{"type":"Polygon","coordinates":[[[139.768228,35.6755],[139.768224,35.675493],[139.768203,35.6755],[139.768228,35.6755]]]}},{"type":"Feature","properties":{"osm_type":"way","osm_id":131991973,"building":"yes","source_height_m":null,"source_levels":null,"display_height_m":23.0,"height_basis":"visual_fallback"},"geometry":{"type":"Polygon","coordinates":[[[139.766445,35.673323],[139.766299,35.673433],[139.766466,35.673588],[139.766613,35.673488],[139.766445,35.673323]]]}},{"type":"Feature","properties":{"osm_type":"way","osm_id":138576824,"building":"yes","source_height_m":null,"source_levels":null,"display_height_m":26.0,"height_basis":"visual_fallback"},"geometry":{"type":"Polygon","coordinates":[[[139.761699,35.668534],[139.76167,35.668506],[139.761566,35.668573],[139.761598,35.668602],[139.761699,35.668534]]]}},{"type":"Feature","properties":{"osm_type":"way","osm_id":138585381,"building":"yes","source_height_m":null,"source_levels":null,"display_height_m":17.0,"height_basis":"visual_fallback"},"geometry":{"type":"Polygon","coordinates":[[[139.761368,35.668528],[139.761329,35.668484],[139.761186,35.668593],[139.761227,35.668631],[139.761368,35.668528]]]}},{"type":"Feature","properties":{"osm_type":"way","osm_id":138585382,"building":"yes","source_height_m":null,"source_levels":null,"display_height_m":20.0,"height_basis":"visual_fallback"},"geometry":{"type":"Polygon","coordinates":[[[139.761269,35.668664],[139.761233,35.668632],[139.761372,35.66853],[139.761408,35.668562],[139.761269,35.668664]]]}},{"type":"Feature","properties":{"osm_type":"way","osm_id":138585383,"building":"yes","source_height_m":null,"source_levels":null,"display_height_m":23.0,"height_basis":"visual_fallback"},"geometry":{"type":"Polygon","coordinates":[[[139.761411,35.668431],[139.7615,35.668371],[139.76147,35.668343],[139.761377,35.668406],[139.761411,35.668431]]]}},{"type":"Feature","properties":{"osm_type":"way","osm_id":138585385,"building":"yes","source_height_m":null,"source_levels":null,"display_height_m":14.0,"height_basis":"visual_fallback"},"geometry":{"type":"Polygon","coordinates":[[[139.761319,35.668486],[139.761295,35.668463],[139.761276,35.668477],[139.761267,35.668466],[139.761154,35.668553],[139.761186,35.668586],[139.761319,35.668486]]]}},{"type":"Feature","properties":{"osm_type":"way","osm_id":144193426,"building":"yes","source_height_m":null,"source_levels":null,"display_height_m":17.0,"height_basis":"visual_fallback"},"geometry":{"type":"Polygon","coordinates":[[[139.763497,35.666365],[139.763243,35.666153],[139.763183,35.666196],[139.763161,35.666238],[139.763145,35.666291],[139.763155,35.666341],[139.763176,35.666387],[139.763207,35.66642],[139.763249,35.666447],[139.763299,35.666461],[139.763366,35.666456],[139.763414,35.66643],[139.763497,35.666365]]]}},{"type":"Feature","properties":{"osm_type":"way","osm_id":144194035,"building":"yes","source_height_m":null,"source_levels":null,"display_height_m":14.0,"height_basis":"visual_fallback"},"geometry":{"type":"Polygon","coordinates":[[[139.763828,35.665456],[139.763657,35.665589],[139.763732,35.665652],[139.763777,35.665617],[139.763903,35.665519],[139.763828,35.665456]]]}},{"type":"Feature","properties":{"osm_type":"way","osm_id":144194038,"building":"yes","source_height_m":null,"source_levels":null,"display_height_m":23.0,"height_basis":"visual_fallback"},"geometry":{"type":"Polygon","coordinates":[[[139.763525,35.665209],[139.763489,35.665417],[139.763489,35.66544],[139.763495,35.665464],[139.763511,35.665481],[139.763657,35.665589],[139.763828,35.665456],[139.763525,35.665209]]]}},{"type":"Feature","properties":{"osm_type":"way","osm_id":144194039,"building":"yes","source_height_m":null,"source_levels":null,"display_height_m":26.0,"height_basis":"visual_fallback"},"geometry":{"type":"Polygon","coordinates":[[[139.763582,35.666429],[139.763432,35.666552],[139.763511,35.66657],[139.763633,35.66647],[139.763582,35.666429]]]}},{"type":"Feature","properties":{"osm_type":"way","osm_id":144194040,"building":"yes","source_height_m":null,"source_levels":null,"display_height_m":14.0,"height_basis":"visual_fallback"},"geometry":{"type":"Polygon","coordinates":[[[139.763999,35.665599],[139.763903,35.665519],[139.763777,35.665617],[139.76387,35.665697],[139.763999,35.665599]]]}},{"type":"Feature","properties":{"osm_type":"way","osm_id":144194306,"building":"yes","source_height_m":null,"source_levels":null,"display_height_m":17.0,"height_basis":"visual_fallback"},"geometry":{"type":"Polygon","coordinates":[[[139.764164,35.666548],[139.764023,35.666433],[139.763931,35.666508],[139.764073,35.666623],[139.764164,35.666548]]]}},{"type":"Feature","properties":{"osm_type":"way","osm_id":144194307,"building":"yes","source_height_m":null,"source_levels":null,"display_height_m":20.0,"height_basis":"visual_fallback"},"geometry":{"type":"Polygon","coordinates":[[[139.763852,35.666663],[139.763812,35.666634],[139.763725,35.666705],[139.763775,35.666731],[139.763852,35.666663]]]}},{"type":"Feature","properties":{"osm_type":"way","osm_id":144194308,"building":"commercial","source_height_m":null,"source_levels":10.0,"display_height_m":32.0,"height_basis":"osm_levels_x_3.2m"},"geometry":{"type":"Polygon","coordinates":[[[139.763744,35.666578],[139.763698,35.666609],[139.76367,35.666638],[139.763644,35.666661],[139.763713,35.666702],[139.763808,35.666627],[139.763744,35.666578]]]}},{"type":"Feature","properties":{"osm_type":"way","osm_id":144194309,"building":"yes","source_height_m":null,"source_levels":null,"display_height_m":26.0,"height_basis":"visual_fallback"},"geometry":{"type":"Polygon","coordinates":[[[139.764021,35.66643],[139.763957,35.666379],[139.763733,35.666559],[139.763796,35.666611],[139.764021,35.66643]]]}},{"type":"Feature","properties":{"osm_type":"way","osm_id":144194310,"building":"yes","source_height_m":null,"source_levels":null,"display_height_m":14.0,"height_basis":"visual_fallback"},"geometry":{"type":"Polygon","coordinates":[[[139.764408,35.666733],[139.764262,35.666617],[139.76418,35.666684],[139.764326,35.666801],[139.764408,35.666733]]]}},{"type":"Feature","properties":{"osm_type":"way","osm_id":144194311,"building":"yes","source_height_m":null,"source_levels":null,"display_height_m":17.0,"height_basis":"visual_fallback"},"geometry":{"type":"Polygon","coordinates":[[[139.764173,35.666703],[139.764122,35.666742],[139.763983,35.666628],[139.763823,35.666761],[139.76409,35.666904],[139.764227,35.666888],[139.764317,35.666814],[139.764173,35.666703]]]}},{"type":"Feature","properties":{"osm_type":"way","osm_id":144508548,"building":"yes","source_height_m":null,"source_levels":null,"display_height_m":23.0,"height_basis":"visual_fallback"},"geometry":{"type":"Polygon","coordinates":[[[139.762754,35.6755],[139.763337,35.6755],[139.763101,35.675343],[139.762888,35.675194],[139.762675,35.675024],[139.762639,35.675057],[139.762612,35.675083],[139.762754,35.6755]]]}},{"type":"Feature","properties":{"osm_type":"way","osm_id":145394364,"building":"office","source_height_m":null,"source_levels":null,"display_height_m":26.0,"height_basis":"visual_fallback"},"geometry":{"type":"Polygon","coordinates":[[[139.761156,35.674377],[139.761214,35.674365],[139.761517,35.674304],[139.761552,35.674296],[139.761484,35.674076],[139.761437,35.674084],[139.761418,35.674025],[139.761371,35.673989],[139.761275,35.674024],[139.761129,35.674115],[139.76114,35.674145],[139.761088,35.674156],[139.761156,35.674377]]]}},{"type":"Feature","properties":{"osm_type":"way","osm_id":145394366,"building":"roof","source_height_m":null,"source_levels":null,"display_height_m":17.0,"height_basis":"visual_fallback"},"geometry":{"type":"Polygon","coordinates":[[[139.760084,35.675015],[139.760133,35.675024],[139.760179,35.675014],[139.760211,35.674992],[139.760226,35.674962],[139.760232,35.674949],[139.76023,35.67492],[139.760215,35.674894],[139.760189,35.674873],[139.76015,35.674859],[139.760113,35.674859],[139.760087,35.674866],[139.760083,35.674867],[139.760044,35.674896],[139.760029,35.674929],[139.76003,35.674958],[139.76004,35.674981],[139.760059,35.675001],[139.760084,35.675015]]]}},{"type":"Feature","properties":{"osm_type":"way","osm_id":145394374,"building":"office","source_height_m":null,"source_levels":null,"display_height_m":26.0,"height_basis":"visual_fallback"},"geometry":{"type":"Polygon","coordinates":[[[139.761282,35.674773],[139.761828,35.674655],[139.761726,35.674343],[139.761543,35.674383],[139.761241,35.674448],[139.76118,35.674461],[139.761282,35.674773]]]}},{"type":"Feature","properties":{"osm_type":"way","osm_id":145394376,"building":"hotel","source_height_m":null,"source_levels":null,"display_height_m":17.0,"height_basis":"visual_fallback"},"geometry":{"type":"Polygon","coordinates":[[[139.76034,35.67492],[139.760416,35.6749],[139.760417,35.674909],[139.760468,35.674892],[139.760476,35.674914],[139.760917,35.674815],[139.760911,35.674799],[139.760978,35.674783],[139.760843,35.674376],[139.760775,35.674367],[139.760316,35.674689],[139.760338,35.674709],[139.760298,35.674737],[139.760304,35.674743],[139.760239,35.674784],[139.760311,35.674859],[139.76034,35.67492]]]}},{"type":"Feature","properties":{"osm_type":"way","osm_id":145394378,"building":"yes","source_height_m":80.3,"source_levels":16.0,"display_height_m":80.3,"height_basis":"osm_height"},"geometry":{"type":"Polygon","coordinates":[[[139.760176,35.675458],[139.76047,35.675394],[139.760413,35.675222],[139.760119,35.675286],[139.760176,35.675458]]]}},{"type":"Feature","properties":{"osm_type":"way","osm_id":145394380,"building":"yes","source_height_m":null,"source_levels":null,"display_height_m":14.0,"height_basis":"visual_fallback"},"geometry":{"type":"Polygon","coordinates":[[[139.760088,35.675245],[139.760483,35.675159],[139.760451,35.675063],[139.760056,35.675148],[139.760088,35.675245]]]}},{"type":"Feature","properties":{"osm_type":"way","osm_id":145394383,"building":"yes","source_height_m":null,"source_levels":null,"display_height_m":23.0,"height_basis":"visual_fallback"},"geometry":{"type":"Polygon","coordinates":[[[139.760902,35.67529],[139.761131,35.67524],[139.761031,35.674939],[139.760803,35.674988],[139.760902,35.67529]]]}},{"type":"Feature","properties":{"osm_type":"way","osm_id":145394392,"building":"yes","source_height_m":null,"source_levels":9.0,"display_height_m":28.8,"height_basis":"osm_levels_x_3.2m"},"geometry":{"type":"Polygon","coordinates":[[[139.760508,35.675379],[139.760874,35.675299],[139.760777,35.675005],[139.760479,35.67507],[139.760508,35.67516],[139.760441,35.675175],[139.760508,35.675379]]]}},{"type":"Feature","properties":{"osm_type":"way","osm_id":145402292,"building":"yes","source_height_m":null,"source_levels":18.0,"display_height_m":57.6,"height_basis":"osm_levels_x_3.2m"},"geometry":{"type":"Polygon","coordinates":[[[139.759945,35.673472],[139.759987,35.673498],[139.760039,35.673507],[139.760074,35.673504],[139.760114,35.673491],[139.760149,35.673467],[139.760165,35.673447],[139.760179,35.673419],[139.760198,35.673399],[139.760232,35.673384],[139.760339,35.673359],[139.759932,35.672649],[139.759557,35.67279],[139.759945,35.673472]]]}},{"type":"Feature","properties":{"osm_type":"way","osm_id":145402298,"building":"yes","source_height_m":null,"source_levels":null,"display_height_m":23.0,"height_basis":"visual_fallback"},"geometry":{"type":"Polygon","coordinates":[[[139.760157,35.67297],[139.760177,35.673001],[139.760251,35.672968],[139.76023,35.672938],[139.760157,35.67297]]]}},{"type":"Feature","properties":{"osm_type":"way","osm_id":145402300,"building":"commercial","source_height_m":null,"source_levels":null,"display_height_m":14.0,"height_basis":"visual_fallback"},"geometry":{"type":"Polygon","coordinates":[[[139.760998,35.673744],[139.761113,35.673673],[139.761037,35.673591],[139.760921,35.673663],[139.760998,35.673744]]]}},{"type":"Feature","properties":{"osm_type":"way","osm_id":145402302,"building":"yes","source_height_m":null,"source_levels":null,"display_height_m":20.0,"height_basis":"visual_fallback"},"geometry":{"type":"Polygon","coordinates":[[[139.760682,35.673348],[139.760769,35.673295],[139.760741,35.673266],[139.760655,35.673319],[139.760682,35.673348]]]}},{"type":"Feature","properties":{"osm_type":"way","osm_id":145402307,"building":"yes","source_height_m":null,"source_levels":null,"display_height_m":20.0,"height_basis":"visual_fallback"},"geometry":{"type":"Polygon","coordinates":[[[139.760673,35.673426],[139.760763,35.673521],[139.760806,35.673495],[139.760717,35.673399],[139.760673,35.673426]]]}},{"type":"Feature","properties":{"osm_type":"way","osm_id":145402310,"building":"yes","source_height_m":null,"source_levels":null,"display_height_m":14.0,"height_basis":"visual_fallback"},"geometry":{"type":"Polygon","coordinates":[[[139.759802,35.67426],[139.759989,35.674434],[139.760343,35.674183],[139.760378,35.674159],[139.760378,35.674129],[139.760279,35.674038],[139.760209,35.673972],[139.759802,35.67426]]]}},{"type":"Feature","properties":{"osm_type":"way","osm_id":145402311,"building":"commercial","source_height_m":null,"source_levels":null,"display_height_m":17.0,"height_basis":"visual_fallback"},"geometry":{"type":"Polygon","coordinates":[[[139.760842,35.673595],[139.760889,35.673565],[139.76085,35.673525],[139.760803,35.673555],[139.760842,35.673595]]]}},{"type":"Feature","properties":{"osm_type":"way","osm_id":145402312,"building":"commercial","source_height_m":null,"source_levels":null,"display_height_m":20.0,"height_basis":"visual_fallback"},"geometry":{"type":"Polygon","coordinates":[[[139.76067,35.673951],[139.760758,35.673897],[139.760685,35.673819],[139.760597,35.673873],[139.76067,35.673951]]]}},{"type":"Feature","properties":{"osm_type":"way","osm_id":145402313,"building":"yes","source_height_m":null,"source_levels":null,"display_height_m":23.0,"height_basis":"visual_fallback"},"geometry":{"type":"Polygon","coordinates":[[[139.7602,35.673038],[139.76028,35.673003],[139.760257,35.672969],[139.760177,35.673005],[139.7602,35.673038]]]}},{"type":"Feature","properties":{"osm_type":"way","osm_id":145402315,"building":"commercial","source_height_m":null,"source_levels":null,"display_height_m":14.0,"height_basis":"visual_fallback"},"geometry":{"type":"Polygon","coordinates":[[[139.760989,35.673749],[139.760913,35.673668],[139.760881,35.673688],[139.760956,35.673769],[139.760989,35.673749]]]}},{"type":"Feature","properties":{"osm_type":"way","osm_id":145402316,"building":"yes","source_height_m":null,"source_levels":null,"display_height_m":17.0,"height_basis":"visual_fallback"},"geometry":{"type":"Polygon","coordinates":[[[139.760717,35.673389],[139.760804,35.673335],[139.760771,35.6733],[139.760684,35.673354],[139.760717,35.673389]]]}},{"type":"Feature","properties":{"osm_type":"way","osm_id":145402317,"building":"yes","source_height_m":null,"source_levels":null,"display_height_m":20.0,"height_basis":"visual_fallback"},"geometry":{"type":"Polygon","coordinates":[[[139.760354,35.673268],[139.760401,35.673337],[139.760474,35.673287],[139.760438,35.673232],[139.760354,35.673268]]]}},{"type":"Feature","properties":{"osm_type":"way","osm_id":145402319,"building":"yes","source_height_m":null,"source_levels":null,"display_height_m":26.0,"height_basis":"visual_fallback"},"geometry":{"type":"Polygon","coordinates":[[[139.760567,35.673315],[139.760665,35.673419],[139.760712,35.67339],[139.760614,35.673285],[139.760567,35.673315]]]}},{"type":"Feature","properties":{"osm_type":"way","osm_id":145402323,"building":"yes","source_height_m":null,"source_levels":null,"display_height_m":23.0,"height_basis":"visual_fallback"},"geometry":{"type":"Polygon","coordinates":[[[139.759427,35.674546],[139.759551,35.674655],[139.759555,35.674632],[139.759572,35.674616],[139.759598,35.674609],[139.759625,35.674607],[139.759653,35.674624],[139.759658,35.674648],[139.759654,35.674674],[139.759804,35.67456],[139.759788,35.674546],[139.759822,35.674521],[139.759844,35.674541],[139.759975,35.674442],[139.759789,35.674279],[139.759665,35.674373],[139.759685,35.674391],[139.759652,35.674416],[139.759627,35.674395],[139.759427,35.674546]]]}},{"type":"Feature","properties":{"osm_type":"way","osm_id":145402324,"building":"commercial","source_height_m":null,"source_levels":null,"display_height_m":26.0,"height_basis":"visual_fallback"},"geometry":{"type":"Polygon","coordinates":[[[139.760922,35.673791],[139.760947,35.673775],[139.76087,35.673693],[139.760844,35.673709],[139.760922,35.673791]]]}},{"type":"Feature","properties":{"osm_type":"way","osm_id":145402325,"building":"yes","source_height_m":null,"source_levels":null,"display_height_m":14.0,"height_basis":"visual_fallback"},"geometry":{"type":"Polygon","coordinates":[[[139.760497,35.67307],[139.760542,35.673129],[139.760593,35.673103],[139.760547,35.673045],[139.760497,35.67307]]]}},{"type":"Feature","properties":{"osm_type":"way","osm_id":145402326,"building":"yes","source_height_m":null,"source_levels":null,"display_height_m":17.0,"height_basis":"visual_fallback"},"geometry":{"type":"Polygon","coordinates":[[[139.76089,35.673563],[139.760961,35.673518],[139.760924,35.673478],[139.760852,35.673523],[139.76089,35.673563]]]}},{"type":"Feature","properties":{"osm_type":"way","osm_id":145402327,"building":"yes","source_height_m":null,"source_levels":null,"display_height_m":20.0,"height_basis":"visual_fallback"},"geometry":{"type":"Polygon","coordinates":[[[139.76057,35.673337],[139.760394,35.673446],[139.760548,35.673611],[139.760725,35.673503],[139.76057,35.673337]]]}},{"type":"Feature","properties":{"osm_type":"way","osm_id":145402329,"building":"yes","source_height_m":null,"source_levels":null,"display_height_m":26.0,"height_basis":"visual_fallback"},"geometry":{"type":"Polygon","coordinates":[[[139.760241,35.673093],[139.760308,35.673193],[139.760393,35.673156],[139.760326,35.673056],[139.760241,35.673093]]]}},{"type":"Feature","properties":{"osm_type":"way","osm_id":145402330,"building":"yes","source_height_m":null,"source_levels":null,"display_height_m":14.0,"height_basis":"visual_fallback"},"geometry":{"type":"Polygon","coordinates":[[[139.7606,35.673204],[139.760655,35.673175],[139.7606,35.673105],[139.760545,35.673134],[139.7606,35.673204]]]}},{"type":"Feature","properties":{"osm_type":"way","osm_id":145402331,"building":"commercial","source_height_m":null,"source_levels":null,"display_height_m":17.0,"height_basis":"visual_fallback"},"geometry":{"type":"Polygon","coordinates":[[[139.760445,35.673845],[139.760546,35.673781],[139.760507,35.673741],[139.760406,35.673805],[139.760445,35.673845]]]}},{"type":"Feature","properties":{"osm_type":"way","osm_id":145402332,"building":"yes","source_height_m":null,"source_levels":null,"display_height_m":20.0,"height_basis":"visual_fallback"},"geometry":{"type":"Polygon","coordinates":[[[139.760748,35.673418],[139.760838,35.673363],[139.760812,35.673336],[139.760723,35.673391],[139.760748,35.673418]]]}},{"type":"Feature","properties":{"osm_type":"way","osm_id":145402336,"building":"commercial","source_height_m":null,"source_levels":null,"display_height_m":17.0,"height_basis":"visual_fallback"},"geometry":{"type":"Polygon","coordinates":[[[139.760793,35.673727],[139.760839,35.6737],[139.760789,35.673646],[139.760803,35.673637],[139.760758,35.673589],[139.760698,35.673625],[139.760793,35.673727]]]}},{"type":"Feature","properties":{"osm_type":"way","osm_id":145402337,"building":"yes","source_height_m":null,"source_levels":null,"display_height_m":20.0,"height_basis":"visual_fallback"},"geometry":{"type":"Polygon","coordinates":[[[139.759436,35.67252],[139.759414,35.672553],[139.759538,35.672769],[139.759921,35.672635],[139.759763,35.672397],[139.759436,35.67252]]]}},{"type":"Feature","properties":{"osm_type":"way","osm_id":145402338,"building":"public","source_height_m":null,"source_levels":null,"display_height_m":23.0,"height_basis":"visual_fallback"},"geometry":{"type":"Polygon","coordinates":[[[139.759,35.673273],[139.759519,35.673088],[139.759269,35.672629],[139.759,35.672725],[139.759,35.673273]]]}},{"type":"Feature","properties":{"osm_type":"way","osm_id":145402339,"building":"commercial","source_height_m":null,"source_levels":null,"display_height_m":26.0,"height_basis":"visual_fallback"},"geometry":{"type":"Polygon","coordinates":[[[139.760868,35.673683],[139.761027,35.673581],[139.760972,35.673525],[139.760845,35.673607],[139.760805,35.673566],[139.760775,35.673586],[139.760868,35.673683]]]}},{"type":"Feature","properties":{"osm_type":"way","osm_id":145402342,"building":"yes","source_height_m":null,"source_levels":null,"display_height_m":20.0,"height_basis":"visual_fallback"},"geometry":{"type":"Polygon","coordinates":[[[139.760584,35.673198],[139.760519,35.673108],[139.760439,35.673147],[139.760504,35.673237],[139.760584,35.673198]]]}},{"type":"Feature","properties":{"osm_type":"way","osm_id":145402343,"building":"commercial","source_height_m":null,"source_levels":null,"display_height_m":23.0,"height_basis":"visual_fallback"},"geometry":{"type":"Polygon","coordinates":[[[139.760841,35.673843],[139.760912,35.673801],[139.760834,35.673715],[139.760764,35.673758],[139.760841,35.673843]]]}},{"type":"Feature","properties":{"osm_type":"way","osm_id":145402344,"building":"yes","source_height_m":null,"source_levels":null,"display_height_m":26.0,"height_basis":"visual_fallback"},"geometry":{"type":"Polygon","coordinates":[[[139.760649,35.673314],[139.760735,35.673261],[139.760702,35.673225],[139.760616,35.673278],[139.760649,35.673314]]]}},{"type":"Feature","properties":{"osm_type":"way","osm_id":145402345,"building":"yes","source_height_m":null,"source_levels":null,"display_height_m":14.0,"height_basis":"visual_fallback"},"geometry":{"type":"Polygon","coordinates":[[[139.760816,35.673492],[139.760908,35.673436],[139.760841,35.673364],[139.760749,35.673421],[139.760816,35.673492]]]}},{"type":"Feature","properties":{"osm_type":"way","osm_id":145402352,"building":"commercial","source_height_m":null,"source_levels":null,"display_height_m":20.0,"height_basis":"visual_fallback"},"geometry":{"type":"Polygon","coordinates":[[[139.760507,35.67391],[139.760682,35.6738],[139.760654,35.673771],[139.760584,35.673815],[139.760554,35.673784],[139.760449,35.67385],[139.760507,35.67391]]]}},{"type":"Feature","properties":{"osm_type":"way","osm_id":145402354,"building":"commercial","source_height_m":null,"source_levels":null,"display_height_m":26.0,"height_basis":"visual_fallback"},"geometry":{"type":"Polygon","coordinates":[[[139.760656,35.673755],[139.760777,35.67388],[139.760827,35.673848],[139.760733,35.673751],[139.760774,35.673724],[139.760683,35.67363],[139.76053,35.673727],[139.760595,35.673794],[139.760656,35.673755]]]}},{"type":"Feature","properties":{"osm_type":"way","osm_id":145403144,"building":"hotel","source_height_m":null,"source_levels":17.0,"display_height_m":54.4,"height_basis":"osm_levels_x_3.2m"},"geometry":{"type":"Polygon","coordinates":[[[139.759,35.672459],[139.759142,35.672407],[139.759,35.672149],[139.759,35.672459]]]}},{"type":"Feature","properties":{"osm_type":"way","osm_id":145403149,"building":"yes","source_height_m":null,"source_levels":null,"display_height_m":26.0,"height_basis":"visual_fallback"},"geometry":{"type":"Polygon","coordinates":[[[139.759963,35.67233],[139.760042,35.672451],[139.760096,35.672427],[139.760017,35.672307],[139.759963,35.67233]]]}},{"type":"Feature","properties":{"osm_type":"way","osm_id":145403150,"building":"yes","source_height_m":null,"source_levels":null,"display_height_m":14.0,"height_basis":"visual_fallback"},"geometry":{"type":"Polygon","coordinates":[[[139.760253,35.672865],[139.760365,35.672812],[139.760337,35.672773],[139.760225,35.672827],[139.760253,35.672865]]]}},{"type":"Feature","properties":{"osm_type":"way","osm_id":145403151,"building":"hotel","source_height_m":null,"source_levels":31.0,"display_height_m":99.2,"height_basis":"osm_levels_x_3.2m"},"geometry":{"type":"Polygon","coordinates":[[[139.759266,35.672275],[139.759362,35.67224],[139.759394,35.672298],[139.759502,35.672258],[139.75948,35.672219],[139.759696,35.67214],[139.759717,35.672178],[139.759819,35.672141],[139.759745,35.672008],[139.75983,35.671977],[139.759423,35.671242],[139.759,35.671396],[139.759,35.6715],[139.759003,35.671505],[139.759131,35.671736],[139.759028,35.671773],[139.759039,35.671792],[139.75909,35.671885],[139.759056,35.671897],[139.759133,35.672035],[139.759167,35.672022],[139.759235,35.672144],[139.759201,35.672157],[139.759266,35.672275]]]}},{"type":"Feature","properties":{"osm_type":"way","osm_id":145403152,"building":"yes","source_height_m":null,"source_levels":null,"display_height_m":20.0,"height_basis":"visual_fallback"},"geometry":{"type":"Polygon","coordinates":[[[139.76038,35.672973],[139.760462,35.672934],[139.76044,35.672904],[139.760358,35.672942],[139.76038,35.672973]]]}},{"type":"Feature","properties":{"osm_type":"way","osm_id":145403159,"building":"yes","source_height_m":null,"source_levels":null,"display_height_m":26.0,"height_basis":"visual_fallback"},"geometry":{"type":"Polygon","coordinates":[[[139.759858,35.672365],[139.759942,35.672494],[139.760036,35.672454],[139.759952,35.672325],[139.759858,35.672365]]]}},{"type":"Feature","properties":{"osm_type":"way","osm_id":145403160,"building":"yes","source_height_m":null,"source_levels":null,"display_height_m":14.0,"height_basis":"visual_fallback"},"geometry":{"type":"Polygon","coordinates":[[[139.760384,35.673059],[139.760507,35.673],[139.760476,35.672957],[139.760353,35.673016],[139.760384,35.673059]]]}},{"type":"Feature","properties":{"osm_type":"way","osm_id":145403165,"building":"yes","source_height_m":null,"source_levels":null,"display_height_m":14.0,"height_basis":"visual_fallback"},"geometry":{"type":"Polygon","coordinates":[[[139.759,35.670831],[139.759008,35.670846],[139.75902,35.670842],[139.75904,35.670877],[139.759172,35.67083],[139.75915,35.67079],[139.759164,35.670785],[139.759092,35.670652],[139.759078,35.670657],[139.759059,35.670621],[139.759,35.670642],[139.759,35.670831]]]}},{"type":"Feature","properties":{"osm_type":"way","osm_id":145403167,"building":"yes","source_height_m":null,"source_levels":null,"display_height_m":20.0,"height_basis":"visual_fallback"},"geometry":{"type":"Polygon","coordinates":[[[139.760016,35.672752],[139.760099,35.672713],[139.760066,35.672667],[139.759983,35.672706],[139.760016,35.672752]]]}},{"type":"Feature","properties":{"osm_type":"way","osm_id":145403172,"building":"yes","source_height_m":null,"source_levels":null,"display_height_m":20.0,"height_basis":"visual_fallback"},"geometry":{"type":"Polygon","coordinates":[[[139.759781,35.672392],[139.75987,35.672527],[139.759937,35.672498],[139.759848,35.672363],[139.759781,35.672392]]]}},{"type":"Feature","properties":{"osm_type":"way","osm_id":145403173,"building":"yes","source_height_m":null,"source_levels":null,"display_height_m":23.0,"height_basis":"visual_fallback"},"geometry":{"type":"Polygon","coordinates":[[[139.76044,35.67314],[139.760513,35.673104],[139.760489,35.673071],[139.760416,35.673107],[139.76044,35.67314]]]}},{"type":"Feature","properties":{"osm_type":"way","osm_id":145403175,"building":"yes","source_height_m":null,"source_levels":null,"display_height_m":14.0,"height_basis":"visual_fallback"},"geometry":{"type":"Polygon","coordinates":[[[139.759887,35.672549],[139.759928,35.672611],[139.759987,35.672585],[139.759946,35.672523],[139.759887,35.672549]]]}},{"type":"Feature","properties":{"osm_type":"way","osm_id":145403178,"building":"yes","source_height_m":null,"source_levels":null,"display_height_m":23.0,"height_basis":"visual_fallback"},"geometry":{"type":"Polygon","coordinates":[[[139.760332,35.672894],[139.760379,35.672872],[139.760354,35.672838],[139.760308,35.67286],[139.760332,35.672894]]]}},{"type":"Feature","properties":{"osm_type":"way","osm_id":145403180,"building":"yes","source_height_m":null,"source_levels":null,"display_height_m":14.0,"height_basis":"visual_fallback"},"geometry":{"type":"Polygon","coordinates":[[[139.760177,35.67274],[139.760273,35.672694],[139.760211,35.672607],[139.760115,35.672653],[139.760177,35.67274]]]}},{"type":"Feature","properties":{"osm_type":"way","osm_id":145403184,"building":"yes","source_height_m":null,"source_levels":null,"display_height_m":26.0,"height_basis":"visual_fallback"},"geometry":{"type":"Polygon","coordinates":[[[139.75999,35.672581],[139.76014,35.672514],[139.760096,35.672449],[139.759946,35.672516],[139.75999,35.672581]]]}},{"type":"Feature","properties":{"osm_type":"way","osm_id":145403185,"building":"yes","source_height_m":null,"source_levels":null,"display_height_m":14.0,"height_basis":"visual_fallback"},"geometry":{"type":"Polygon","coordinates":[[[139.760219,35.672808],[139.760322,35.672759],[139.760285,35.672708],[139.760182,35.672756],[139.760219,35.672808]]]}},{"type":"Feature","properties":{"osm_type":"way","osm_id":145403189,"building":"yes","source_height_m":null,"source_levels":null,"display_height_m":26.0,"height_basis":"visual_fallback"},"geometry":{"type":"Polygon","coordinates":[[[139.760385,35.673065],[139.760412,35.673103],[139.76054,35.673042],[139.760512,35.673004],[139.760385,35.673065]]]}},{"type":"Feature","properties":{"osm_type":"way","osm_id":145403190,"building":"yes","source_height_m":null,"source_levels":null,"display_height_m":14.0,"height_basis":"visual_fallback"},"geometry":{"type":"Polygon","coordinates":[[[139.759,35.672084],[139.759133,35.672035],[139.759056,35.671897],[139.75909,35.671885],[139.759039,35.671792],[139.759,35.671806],[139.759,35.672084]]]}},{"type":"Feature","properties":{"osm_type":"way","osm_id":145403192,"building":"yes","source_height_m":null,"source_levels":null,"display_height_m":20.0,"height_basis":"visual_fallback"},"geometry":{"type":"Polygon","coordinates":[[[139.759,35.671331],[139.759339,35.671208],[139.759167,35.670902],[139.759,35.670965],[139.759,35.671331]]]}},{"type":"Feature","properties":{"osm_type":"way","osm_id":145403197,"building":"yes","source_height_m":null,"source_levels":null,"display_height_m":20.0,"height_basis":"visual_fallback"},"geometry":{"type":"Polygon","coordinates":[[[139.760329,35.672908],[139.760292,35.672857],[139.760252,35.672876],[139.760312,35.67296],[139.760421,35.672908],[139.760397,35.672875],[139.760329,35.672908]]]}},{"type":"Feature","properties":{"osm_type":"way","osm_id":145409034,"building":"yes","source_height_m":null,"source_levels":null,"display_height_m":26.0,"height_basis":"visual_fallback"},"geometry":{"type":"Polygon","coordinates":[[[139.759089,35.674848],[139.759029,35.674789],[139.759001,35.674808],[139.759061,35.674867],[139.759089,35.674848]]]}},{"type":"Feature","properties":{"osm_type":"way","osm_id":145409039,"building":"yes","source_height_m":null,"source_levels":null,"display_height_m":26.0,"height_basis":"visual_fallback"},"geometry":{"type":"Polygon","coordinates":[[[139.759076,35.674893],[139.759108,35.674873],[139.759091,35.674855],[139.759059,35.674875],[139.759076,35.674893]]]}},{"type":"Feature","properties":{"osm_type":"way","osm_id":145409075,"building":"yes","source_height_m":null,"source_levels":null,"display_height_m":14.0,"height_basis":"visual_fallback"},"geometry":{"type":"Polygon","coordinates":[[[139.759057,35.674874],[139.75903,35.674848],[139.759003,35.674866],[139.759029,35.674892],[139.759057,35.674874]]]}},{"type":"Feature","properties":{"osm_type":"way","osm_id":145409081,"building":"yes","source_height_m":null,"source_levels":null,"display_height_m":17.0,"height_basis":"visual_fallback"},"geometry":{"type":"Polygon","coordinates":[[[139.759159,35.674927],[139.759109,35.67488],[139.759071,35.674906],[139.75908,35.674914],[139.759069,35.674937],[139.759121,35.674953],[139.759159,35.674927]]]}},{"type":"Feature","properties":{"osm_type":"way","osm_id":148318508,"building":"retail","source_height_m":32.0,"source_levels":8.0,"display_height_m":32.0,"height_basis":"osm_height"},"geometry":{"type":"Polygon","coordinates":[[[139.765656,35.672466],[139.765563,35.672379],[139.765838,35.672184],[139.765883,35.672226],[139.765931,35.67227],[139.765656,35.672466]]]}},{"type":"Feature","properties":{"osm_type":"way","osm_id":148318509,"building":"yes","source_height_m":null,"source_levels":null,"display_height_m":26.0,"height_basis":"visual_fallback"},"geometry":{"type":"Polygon","coordinates":[[[139.765813,35.672469],[139.765869,35.672523],[139.765973,35.672452],[139.765992,35.672471],[139.766082,35.672409],[139.766007,35.672336],[139.765813,35.672469]]]}},{"type":"Feature","properties":{"osm_type":"way","osm_id":149147671,"building":"yes","source_height_m":null,"source_levels":null,"display_height_m":17.0,"height_basis":"visual_fallback"},"geometry":{"type":"Polygon","coordinates":[[[139.766465,35.675287],[139.766525,35.67524],[139.766479,35.675195],[139.766412,35.675244],[139.766395,35.675251],[139.766367,35.675226],[139.766332,35.675252],[139.766351,35.675294],[139.766389,35.675278],[139.76642,35.675294],[139.766446,35.67527],[139.766465,35.675287]]]}},{"type":"Feature","properties":{"osm_type":"way","osm_id":149147675,"building":"yes","source_height_m":null,"source_levels":null,"display_height_m":14.0,"height_basis":"visual_fallback"},"geometry":{"type":"Polygon","coordinates":[[[139.766693,35.674964],[139.766793,35.674892],[139.766748,35.674851],[139.766649,35.674923],[139.766693,35.674964]]]}},{"type":"Feature","properties":{"osm_type":"way","osm_id":149147676,"building":"yes","source_height_m":null,"source_levels":null,"display_height_m":17.0,"height_basis":"visual_fallback"},"geometry":{"type":"Polygon","coordinates":[[[139.767034,35.674916],[139.767067,35.674952],[139.767226,35.67484],[139.767188,35.674808],[139.767034,35.674916]]]}},{"type":"Feature","properties":{"osm_type":"way","osm_id":149147678,"building":"yes","source_height_m":null,"source_levels":null,"display_height_m":23.0,"height_basis":"visual_fallback"},"geometry":{"type":"Polygon","coordinates":[[[139.767014,35.674079],[139.767062,35.674123],[139.767108,35.67409],[139.767061,35.674046],[139.767014,35.674079]]]}},{"type":"Feature","properties":{"osm_type":"way","osm_id":149147680,"building":"yes","source_height_m":null,"source_levels":null,"display_height_m":14.0,"height_basis":"visual_fallback"},"geometry":{"type":"Polygon","coordinates":[[[139.7675,35.674576],[139.767582,35.674653],[139.767614,35.67463],[139.767532,35.674553],[139.7675,35.674576]]]}},{"type":"Feature","properties":{"osm_type":"way","osm_id":149147682,"building":"yes","source_height_m":null,"source_levels":null,"display_height_m":20.0,"height_basis":"visual_fallback"},"geometry":{"type":"Polygon","coordinates":[[[139.76658,35.6748],[139.766611,35.674829],[139.766679,35.67478],[139.766647,35.674751],[139.76658,35.6748]]]}},{"type":"Feature","properties":{"osm_type":"way","osm_id":149147683,"building":"yes","source_height_m":null,"source_levels":null,"display_height_m":23.0,"height_basis":"visual_fallback"},"geometry":{"type":"Polygon","coordinates":[[[139.767626,35.674875],[139.767693,35.674938],[139.767773,35.674883],[139.767706,35.674819],[139.767626,35.674875]]]}},{"type":"Feature","properties":{"osm_type":"way","osm_id":149147685,"building":"yes","source_height_m":null,"source_levels":null,"display_height_m":14.0,"height_basis":"visual_fallback"},"geometry":{"type":"Polygon","coordinates":[[[139.766781,35.674292],[139.766873,35.674378],[139.766927,35.67434],[139.766835,35.674254],[139.766781,35.674292]]]}},{"type":"Feature","properties":{"osm_type":"way","osm_id":149147686,"building":"yes","source_height_m":null,"source_levels":null,"display_height_m":17.0,"height_basis":"visual_fallback"},"geometry":{"type":"Polygon","coordinates":[[[139.766895,35.674777],[139.766983,35.67472],[139.766955,35.674696],[139.766868,35.674755],[139.766895,35.674777]]]}},{"type":"Feature","properties":{"osm_type":"way","osm_id":149147687,"building":"yes","source_height_m":null,"source_levels":7.0,"display_height_m":22.4,"height_basis":"osm_levels_x_3.2m"},"geometry":{"type":"Polygon","coordinates":[[[139.767235,35.674314],[139.767335,35.67441],[139.767486,35.674305],[139.767386,35.674209],[139.767235,35.674314]]]}},{"type":"Feature","properties":{"osm_type":"way","osm_id":149147690,"building":"yes","source_height_m":null,"source_levels":null,"display_height_m":14.0,"height_basis":"visual_fallback"},"geometry":{"type":"Polygon","coordinates":[[[139.767189,35.674164],[139.767226,35.674137],[139.767148,35.674065],[139.767111,35.674092],[139.767189,35.674164]]]}},{"type":"Feature","properties":{"osm_type":"way","osm_id":149147692,"building":"yes","source_height_m":null,"source_levels":null,"display_height_m":20.0,"height_basis":"visual_fallback"},"geometry":{"type":"Polygon","coordinates":[[[139.766981,35.673972],[139.767047,35.673926],[139.767026,35.673906],[139.766959,35.673952],[139.766981,35.673972]]]}},{"type":"Feature","properties":{"osm_type":"way","osm_id":149147694,"building":"yes","source_height_m":null,"source_levels":null,"display_height_m":26.0,"height_basis":"visual_fallback"},"geometry":{"type":"Polygon","coordinates":[[[139.767622,35.674585],[139.767564,35.674531],[139.767533,35.674553],[139.767591,35.674607],[139.767622,35.674585]]]}},{"type":"Feature","properties":{"osm_type":"way","osm_id":149147695,"building":"yes","source_height_m":null,"source_levels":null,"display_height_m":14.0,"height_basis":"visual_fallback"},"geometry":{"type":"Polygon","coordinates":[[[139.766751,35.674314],[139.766843,35.6744],[139.766871,35.67438],[139.766779,35.674294],[139.766751,35.674314]]]}},{"type":"Feature","properties":{"osm_type":"way","osm_id":149147697,"building":"yes","source_height_m":null,"source_levels":null,"display_height_m":20.0,"height_basis":"visual_fallback"},"geometry":{"type":"Polygon","coordinates":[[[139.767409,35.67511],[139.767512,35.67508],[139.767367,35.674947],[139.767346,35.674953],[139.767409,35.67511]]]}},{"type":"Feature","properties":{"osm_type":"way","osm_id":149147701,"building":"yes","source_height_m":null,"source_levels":null,"display_height_m":17.0,"height_basis":"visual_fallback"},"geometry":{"type":"Polygon","coordinates":[[[139.76621,35.673884],[139.766344,35.67379],[139.766296,35.673744],[139.766162,35.673838],[139.76621,35.673884]]]}},{"type":"Feature","properties":{"osm_type":"way","osm_id":149147707,"building":"yes","source_height_m":null,"source_levels":null,"display_height_m":20.0,"height_basis":"visual_fallback"},"geometry":{"type":"Polygon","coordinates":[[[139.766578,35.674857],[139.766645,35.674918],[139.766743,35.674846],[139.766677,35.674786],[139.766578,35.674857]]]}},{"type":"Feature","properties":{"osm_type":"way","osm_id":149147708,"building":"yes","source_height_m":null,"source_levels":null,"display_height_m":23.0,"height_basis":"visual_fallback"},"geometry":{"type":"Polygon","coordinates":[[[139.766292,35.674656],[139.766436,35.674558],[139.766402,35.674525],[139.766258,35.674623],[139.766292,35.674656]]]}},{"type":"Feature","properties":{"osm_type":"way","osm_id":149147712,"building":"yes","source_height_m":null,"source_levels":null,"display_height_m":20.0,"height_basis":"visual_fallback"},"geometry":{"type":"Polygon","coordinates":[[[139.767463,35.674604],[139.767498,35.674636],[139.767534,35.674611],[139.767499,35.674579],[139.767463,35.674604]]]}},{"type":"Feature","properties":{"osm_type":"way","osm_id":149147714,"building":"yes","source_height_m":null,"source_levels":null,"display_height_m":26.0,"height_basis":"visual_fallback"},"geometry":{"type":"Polygon","coordinates":[[[139.766102,35.675394],[139.766344,35.67523],[139.76629,35.675177],[139.766057,35.67533],[139.766102,35.675394]]]}},{"type":"Feature","properties":{"osm_type":"way","osm_id":149147717,"building":"yes","source_height_m":null,"source_levels":null,"display_height_m":20.0,"height_basis":"visual_fallback"},"geometry":{"type":"Polygon","coordinates":[[[139.766956,35.673952],[139.767035,35.673897],[139.766998,35.673862],[139.766919,35.673917],[139.766956,35.673952]]]}},{"type":"Feature","properties":{"osm_type":"way","osm_id":149147719,"building":"yes","source_height_m":null,"source_levels":null,"display_height_m":26.0,"height_basis":"visual_fallback"},"geometry":{"type":"Polygon","coordinates":[[[139.767574,35.674531],[139.767625,35.674579],[139.767718,35.674514],[139.767667,35.674466],[139.767574,35.674531]]]}},{"type":"Feature","properties":{"osm_type":"way","osm_id":149147726,"building":"yes","source_height_m":null,"source_levels":null,"display_height_m":17.0,"height_basis":"visual_fallback"},"geometry":{"type":"Polygon","coordinates":[[[139.76718,35.675056],[139.767222,35.675096],[139.767348,35.675002],[139.767327,35.674951],[139.76718,35.675056]]]}},{"type":"Feature","properties":{"osm_type":"way","osm_id":149147730,"building":"yes","source_height_m":null,"source_levels":null,"display_height_m":14.0,"height_basis":"visual_fallback"},"geometry":{"type":"Polygon","coordinates":[[[139.766758,35.673918],[139.766801,35.673959],[139.76689,35.673896],[139.766847,35.673856],[139.766758,35.673918]]]}},{"type":"Feature","properties":{"osm_type":"way","osm_id":149147731,"building":"yes","source_height_m":null,"source_levels":null,"display_height_m":17.0,"height_basis":"visual_fallback"},"geometry":{"type":"Polygon","coordinates":[[[139.765997,35.673936],[139.766152,35.673827],[139.76608,35.673759],[139.765925,35.673869],[139.765997,35.673936]]]}},{"type":"Feature","properties":{"osm_type":"way","osm_id":149147735,"building":"yes","source_height_m":null,"source_levels":null,"display_height_m":14.0,"height_basis":"visual_fallback"},"geometry":{"type":"Polygon","coordinates":[[[139.766741,35.674048],[139.766809,35.674112],[139.766907,35.674043],[139.766839,35.673979],[139.766741,35.674048]]]}},{"type":"Feature","properties":{"osm_type":"way","osm_id":149147736,"building":"yes","source_height_m":null,"source_levels":null,"display_height_m":17.0,"height_basis":"visual_fallback"},"geometry":{"type":"Polygon","coordinates":[[[139.766787,35.673793],[139.766916,35.673913],[139.766999,35.673855],[139.76687,35.673735],[139.766787,35.673793]]]}},{"type":"Feature","properties":{"osm_type":"way","osm_id":149147738,"building":"yes","source_height_m":null,"source_levels":null,"display_height_m":23.0,"height_basis":"visual_fallback"},"geometry":{"type":"Polygon","coordinates":[[[139.767659,35.674608],[139.767746,35.674548],[139.767717,35.67452],[139.76763,35.67458],[139.767659,35.674608]]]}},{"type":"Feature","properties":{"osm_type":"way","osm_id":149147742,"building":"yes","source_height_m":null,"source_levels":null,"display_height_m":20.0,"height_basis":"visual_fallback"},"geometry":{"type":"Polygon","coordinates":[[[139.767806,35.674492],[139.767895,35.674572],[139.767956,35.674528],[139.767866,35.674447],[139.767806,35.674492]]]}},{"type":"Feature","properties":{"osm_type":"way","osm_id":149147746,"building":"yes","source_height_m":null,"source_levels":null,"display_height_m":17.0,"height_basis":"visual_fallback"},"geometry":{"type":"Polygon","coordinates":[[[139.766741,35.673825],[139.766804,35.673884],[139.766847,35.673854],[139.766784,35.673795],[139.766741,35.673825]]]}},{"type":"Feature","properties":{"osm_type":"way","osm_id":149147748,"building":"yes","source_height_m":null,"source_levels":null,"display_height_m":23.0,"height_basis":"visual_fallback"},"geometry":{"type":"Polygon","coordinates":[[[139.767106,35.674985],[139.76726,35.674877],[139.767224,35.674843],[139.76707,35.674951],[139.767106,35.674985]]]}},{"type":"Feature","properties":{"osm_type":"way","osm_id":149147751,"building":"retail","source_height_m":null,"source_levels":null,"display_height_m":17.0,"height_basis":"visual_fallback"},"geometry":{"type":"Polygon","coordinates":[[[139.765816,35.673766],[139.765921,35.673866],[139.766077,35.673758],[139.765972,35.673658],[139.765816,35.673766]]]}},{"type":"Feature","properties":{"osm_type":"way","osm_id":149147752,"building":"yes","source_height_m":null,"source_levels":null,"display_height_m":20.0,"height_basis":"visual_fallback"},"geometry":{"type":"Polygon","coordinates":[[[139.767005,35.674883],[139.767165,35.674771],[139.767106,35.674716],[139.767039,35.674763],[139.766995,35.674722],[139.766903,35.674787],[139.767005,35.674883]]]}},{"type":"Feature","properties":{"osm_type":"way","osm_id":149147757,"building":"yes","source_height_m":null,"source_levels":null,"display_height_m":20.0,"height_basis":"visual_fallback"},"geometry":{"type":"Polygon","coordinates":[[[139.766793,35.675071],[139.766885,35.675154],[139.766992,35.675076],[139.766901,35.674993],[139.766793,35.675071]]]}},{"type":"Feature","properties":{"osm_type":"way","osm_id":149147759,"building":"yes","source_height_m":null,"source_levels":null,"display_height_m":26.0,"height_basis":"visual_fallback"},"geometry":{"type":"Polygon","coordinates":[[[139.767755,35.674435],[139.767808,35.674483],[139.767863,35.674443],[139.767809,35.674395],[139.767755,35.674435]]]}},{"type":"Feature","properties":{"osm_type":"way","osm_id":149147761,"building":"yes","source_height_m":null,"source_levels":null,"display_height_m":17.0,"height_basis":"visual_fallback"},"geometry":{"type":"Polygon","coordinates":[[[139.766998,35.674171],[139.767031,35.674203],[139.767073,35.674174],[139.767039,35.674143],[139.766998,35.674171]]]}},{"type":"Feature","properties":{"osm_type":"way","osm_id":149147765,"building":"yes","source_height_m":null,"source_levels":null,"display_height_m":14.0,"height_basis":"visual_fallback"},"geometry":{"type":"Polygon","coordinates":[[[139.766695,35.673854],[139.766759,35.673915],[139.766802,35.673884],[139.766738,35.673824],[139.766695,35.673854]]]}},{"type":"Feature","properties":{"osm_type":"way","osm_id":149147767,"building":"yes","source_height_m":null,"source_levels":null,"display_height_m":20.0,"height_basis":"visual_fallback"},"geometry":{"type":"Polygon","coordinates":[[[139.767137,35.675015],[139.767286,35.674911],[139.767255,35.674882],[139.767106,35.674987],[139.767137,35.675015]]]}},{"type":"Feature","properties":{"osm_type":"way","osm_id":149147773,"building":"yes","source_height_m":null,"source_levels":null,"display_height_m":23.0,"height_basis":"visual_fallback"},"geometry":{"type":"Polygon","coordinates":[[[139.766931,35.675205],[139.767039,35.675126],[139.766993,35.675084],[139.766885,35.675163],[139.766931,35.675205]]]}},{"type":"Feature","properties":{"osm_type":"way","osm_id":149147778,"building":"yes","source_height_m":null,"source_levels":null,"display_height_m":23.0,"height_basis":"visual_fallback"},"geometry":{"type":"Polygon","coordinates":[[[139.76718,35.675052],[139.767336,35.674943],[139.767297,35.674906],[139.767141,35.675015],[139.76718,35.675052]]]}},{"type":"Feature","properties":{"osm_type":"way","osm_id":149147781,"building":"yes","source_height_m":null,"source_levels":null,"display_height_m":17.0,"height_basis":"visual_fallback"},"geometry":{"type":"Polygon","coordinates":[[[139.768123,35.675455],[139.768184,35.675437],[139.768144,35.675348],[139.768083,35.675366],[139.768123,35.675455]]]}},{"type":"Feature","properties":{"osm_type":"way","osm_id":149147782,"building":"yes","source_height_m":null,"source_levels":null,"display_height_m":20.0,"height_basis":"visual_fallback"},"geometry":{"type":"Polygon","coordinates":[[[139.76712,35.674395],[139.767254,35.674523],[139.767357,35.674453],[139.767223,35.674325],[139.76712,35.674395]]]}},{"type":"Feature","properties":{"osm_type":"way","osm_id":149147788,"building":"yes","source_height_m":null,"source_levels":null,"display_height_m":23.0,"height_basis":"visual_fallback"},"geometry":{"type":"Polygon","coordinates":[[[139.767709,35.674623],[139.767778,35.674575],[139.76775,35.674549],[139.767682,35.674597],[139.767709,35.674623]]]}},{"type":"Feature","properties":{"osm_type":"way","osm_id":149147789,"building":"yes","source_height_m":null,"source_levels":null,"display_height_m":26.0,"height_basis":"visual_fallback"},"geometry":{"type":"Polygon","coordinates":[[[139.768426,35.6755],[139.768469,35.6755],[139.768437,35.675447],[139.768402,35.67546],[139.768426,35.6755]]]}},{"type":"Feature","properties":{"osm_type":"way","osm_id":149147791,"building":"yes","source_height_m":null,"source_levels":null,"display_height_m":17.0,"height_basis":"visual_fallback"},"geometry":{"type":"Polygon","coordinates":[[[139.767496,35.67476],[139.767575,35.674705],[139.767543,35.674675],[139.767464,35.67473],[139.767496,35.67476]]]}},{"type":"Feature","properties":{"osm_type":"way","osm_id":149147793,"building":"yes","source_height_m":null,"source_levels":null,"display_height_m":23.0,"height_basis":"visual_fallback"},"geometry":{"type":"Polygon","coordinates":[[[139.768188,35.675436],[139.768217,35.675427],[139.76818,35.675344],[139.76815,35.675353],[139.768188,35.675436]]]}},{"type":"Feature","properties":{"osm_type":"way","osm_id":149147797,"building":"yes","source_height_m":null,"source_levels":null,"display_height_m":20.0,"height_basis":"visual_fallback"},"geometry":{"type":"Polygon","coordinates":[[[139.766397,35.675423],[139.766329,35.675271],[139.766263,35.675315],[139.766323,35.675444],[139.766397,35.675423]]]}},{"type":"Feature","properties":{"osm_type":"way","osm_id":149147798,"building":"yes","source_height_m":null,"source_levels":null,"display_height_m":23.0,"height_basis":"visual_fallback"},"geometry":{"type":"Polygon","coordinates":[[[139.767196,35.674802],[139.767325,35.674924],[139.767443,35.674838],[139.767317,35.674713],[139.767196,35.674802]]]}},{"type":"Feature","properties":{"osm_type":"way","osm_id":149147803,"building":"yes","source_height_m":null,"source_levels":null,"display_height_m":23.0,"height_basis":"visual_fallback"},"geometry":{"type":"Polygon","coordinates":[[[139.767284,35.674509],[139.767348,35.674568],[139.767437,35.674505],[139.767373,35.674446],[139.767284,35.674509]]]}},{"type":"Feature","properties":{"osm_type":"way","osm_id":149147804,"building":"yes","source_height_m":null,"source_levels":null,"display_height_m":26.0,"height_basis":"visual_fallback"},"geometry":{"type":"Polygon","coordinates":[[[139.766345,35.674262],[139.766424,35.674207],[139.766395,35.67418],[139.766316,35.674234],[139.766345,35.674262]]]}},{"type":"Feature","properties":{"osm_type":"way","osm_id":149147807,"building":"yes","source_height_m":null,"source_levels":null,"display_height_m":20.0,"height_basis":"visual_fallback"},"geometry":{"type":"Polygon","coordinates":[[[139.767042,35.674209],[139.767077,35.674242],[139.767103,35.674224],[139.767067,35.674191],[139.767042,35.674209]]]}},{"type":"Feature","properties":{"osm_type":"way","osm_id":149147808,"building":"yes","source_height_m":null,"source_levels":null,"display_height_m":23.0,"height_basis":"visual_fallback"},"geometry":{"type":"Polygon","coordinates":[[[139.766348,35.674924],[139.766427,35.674996],[139.766503,35.674941],[139.766424,35.674869],[139.766348,35.674924]]]}},{"type":"Feature","properties":{"osm_type":"way","osm_id":149147809,"building":"yes","source_height_m":null,"source_levels":null,"display_height_m":26.0,"height_basis":"visual_fallback"},"geometry":{"type":"Polygon","coordinates":[[[139.767389,35.674661],[139.767461,35.674728],[139.767535,35.674676],[139.767463,35.674609],[139.767389,35.674661]]]}},{"type":"Feature","properties":{"osm_type":"way","osm_id":149147811,"building":"yes","source_height_m":null,"source_levels":null,"display_height_m":17.0,"height_basis":"visual_fallback"},"geometry":{"type":"Polygon","coordinates":[[[139.766371,35.674732],[139.766517,35.674632],[139.766442,35.674559],[139.766295,35.674659],[139.766371,35.674732]]]}},{"type":"Feature","properties":{"osm_type":"way","osm_id":149147812,"building":"yes","source_height_m":null,"source_levels":null,"display_height_m":20.0,"height_basis":"visual_fallback"},"geometry":{"type":"Polygon","coordinates":[[[139.767531,35.674454],[139.767568,35.674488],[139.76764,35.674437],[139.767603,35.674402],[139.767531,35.674454]]]}},{"type":"Feature","properties":{"osm_type":"way","osm_id":149147816,"building":"yes","source_height_m":null,"source_levels":null,"display_height_m":17.0,"height_basis":"visual_fallback"},"geometry":{"type":"Polygon","coordinates":[[[139.76672,35.674023],[139.766804,35.673964],[139.766778,35.67394],[139.766694,35.673999],[139.76672,35.674023]]]}},{"type":"Feature","properties":{"osm_type":"way","osm_id":149147820,"building":"yes","source_height_m":null,"source_levels":null,"display_height_m":14.0,"height_basis":"visual_fallback"},"geometry":{"type":"Polygon","coordinates":[[[139.767528,35.674793],[139.767612,35.674735],[139.767581,35.674705],[139.767497,35.674764],[139.767528,35.674793]]]}},{"type":"Feature","properties":{"osm_type":"way","osm_id":149147821,"building":"yes","source_height_m":null,"source_levels":null,"display_height_m":17.0,"height_basis":"visual_fallback"},"geometry":{"type":"Polygon","coordinates":[[[139.767837,35.674969],[139.767898,35.674953],[139.767867,35.674867],[139.767809,35.674812],[139.76776,35.674847],[139.767807,35.674891],[139.767837,35.674969]]]}},{"type":"Feature","properties":{"osm_type":"way","osm_id":149147824,"building":"yes","source_height_m":null,"source_levels":9.0,"display_height_m":28.8,"height_basis":"osm_levels_x_3.2m"},"geometry":{"type":"Polygon","coordinates":[[[139.768035,35.674502],[139.76817,35.674406],[139.768128,35.674367],[139.767992,35.674463],[139.768035,35.674502]]]}},{"type":"Feature","properties":{"osm_type":"way","osm_id":149147826,"building":"yes","source_height_m":null,"source_levels":null,"display_height_m":17.0,"height_basis":"visual_fallback"},"geometry":{"type":"Polygon","coordinates":[[[139.766665,35.673975],[139.766691,35.673999],[139.766777,35.673939],[139.766751,35.673915],[139.766665,35.673975]]]}},{"type":"Feature","properties":{"osm_type":"way","osm_id":149147831,"building":"yes","source_height_m":null,"source_levels":null,"display_height_m":17.0,"height_basis":"visual_fallback"},"geometry":{"type":"Polygon","coordinates":[[[139.766792,35.675059],[139.766897,35.674983],[139.766806,35.674901],[139.766701,35.674977],[139.766792,35.675059]]]}},{"type":"Feature","properties":{"osm_type":"way","osm_id":149147837,"building":"yes","source_height_m":null,"source_levels":null,"display_height_m":20.0,"height_basis":"visual_fallback"},"geometry":{"type":"Polygon","coordinates":[[[139.767324,35.674592],[139.767362,35.674627],[139.767475,35.674548],[139.767437,35.674512],[139.767324,35.674592]]]}},{"type":"Feature","properties":{"osm_type":"way","osm_id":149147838,"building":"yes","source_height_m":null,"source_levels":null,"display_height_m":23.0,"height_basis":"visual_fallback"},"geometry":{"type":"Polygon","coordinates":[[[139.766608,35.673914],[139.766641,35.673944],[139.766722,35.673887],[139.76669,35.673856],[139.766608,35.673914]]]}},{"type":"Feature","properties":{"osm_type":"way","osm_id":149147839,"building":"yes","source_height_m":null,"source_levels":null,"display_height_m":26.0,"height_basis":"visual_fallback"},"geometry":{"type":"Polygon","coordinates":[[[139.76754,35.674673],[139.767574,35.674649],[139.767538,35.674614],[139.767504,35.674638],[139.76754,35.674673]]]}},{"type":"Feature","properties":{"osm_type":"way","osm_id":149147841,"building":"yes","source_height_m":null,"source_levels":null,"display_height_m":17.0,"height_basis":"visual_fallback"},"geometry":{"type":"Polygon","coordinates":[[[139.767552,35.674799],[139.767625,35.674867],[139.767763,35.674769],[139.76769,35.674701],[139.767552,35.674799]]]}},{"type":"Feature","properties":{"osm_type":"way","osm_id":149147842,"building":"commercial","source_height_m":null,"source_levels":null,"display_height_m":20.0,"height_basis":"visual_fallback"},"geometry":{"type":"Polygon","coordinates":[[[139.767149,35.674682],[139.76722,35.674633],[139.76704,35.674457],[139.766968,35.674505],[139.767149,35.674682]]]}},{"type":"Feature","properties":{"osm_type":"way","osm_id":149147846,"building":"yes","source_height_m":null,"source_levels":null,"display_height_m":17.0,"height_basis":"visual_fallback"},"geometry":{"type":"Polygon","coordinates":[[[139.767353,35.674416],[139.767404,35.674465],[139.767451,35.674433],[139.767451,35.674398],[139.767531,35.674345],[139.767497,35.674312],[139.767353,35.674416]]]}},{"type":"Feature","properties":{"osm_type":"way","osm_id":149147847,"building":"yes","source_height_m":null,"source_levels":null,"display_height_m":20.0,"height_basis":"visual_fallback"},"geometry":{"type":"Polygon","coordinates":[[[139.767062,35.674133],[139.767135,35.6742],[139.767179,35.674169],[139.767106,35.674102],[139.767062,35.674133]]]}},{"type":"Feature","properties":{"osm_type":"way","osm_id":149147850,"building":"yes","source_height_m":null,"source_levels":null,"display_height_m":14.0,"height_basis":"visual_fallback"},"geometry":{"type":"Polygon","coordinates":[[[139.767586,35.674708],[139.767645,35.674666],[139.767614,35.674637],[139.767555,35.674678],[139.767586,35.674708]]]}},{"type":"Feature","properties":{"osm_type":"way","osm_id":149147851,"building":"yes","source_height_m":null,"source_levels":null,"display_height_m":17.0,"height_basis":"visual_fallback"},"geometry":{"type":"Polygon","coordinates":[[[139.76717,35.674759],[139.767281,35.674683],[139.767233,35.674637],[139.767122,35.674713],[139.76717,35.674759]]]}},{"type":"Feature","properties":{"osm_type":"way","osm_id":149147853,"building":"yes","source_height_m":null,"source_levels":9.0,"display_height_m":28.8,"height_basis":"osm_levels_x_3.2m"},"geometry":{"type":"Polygon","coordinates":[[[139.768038,35.674504],[139.768117,35.674579],[139.768254,35.674483],[139.768174,35.674408],[139.768038,35.674504]]]}},{"type":"Feature","properties":{"osm_type":"way","osm_id":149147854,"building":"yes","source_height_m":null,"source_levels":null,"display_height_m":26.0,"height_basis":"visual_fallback"},"geometry":{"type":"Polygon","coordinates":[[[139.766639,35.673947],[139.766666,35.673973],[139.76675,35.673914],[139.766723,35.673888],[139.766639,35.673947]]]}},{"type":"Feature","properties":{"osm_type":"way","osm_id":149147855,"building":"yes","source_height_m":null,"source_levels":null,"display_height_m":14.0,"height_basis":"visual_fallback"},"geometry":{"type":"Polygon","coordinates":[[[139.7673,35.675143],[139.767404,35.67511],[139.767353,35.675001],[139.767225,35.675097],[139.767265,35.675133],[139.7673,35.675143]]]}},{"type":"Feature","properties":{"osm_type":"way","osm_id":149147858,"building":"yes","source_height_m":null,"source_levels":null,"display_height_m":23.0,"height_basis":"visual_fallback"},"geometry":{"type":"Polygon","coordinates":[[[139.766508,35.67539],[139.766621,35.675356],[139.766629,35.675337],[139.766544,35.675256],[139.76647,35.6753],[139.766508,35.67539]]]}},{"type":"Feature","properties":{"osm_type":"way","osm_id":149147859,"building":"yes","source_height_m":null,"source_levels":null,"display_height_m":26.0,"height_basis":"visual_fallback"},"geometry":{"type":"Polygon","coordinates":[[[139.767649,35.675038],[139.767575,35.674966],[139.767545,35.674988],[139.767569,35.675012],[139.767586,35.675056],[139.767649,35.675038]]]}},{"type":"Feature","properties":{"osm_type":"way","osm_id":149147861,"building":"yes","source_height_m":null,"source_levels":null,"display_height_m":17.0,"height_basis":"visual_fallback"},"geometry":{"type":"Polygon","coordinates":[[[139.767522,35.675079],[139.767576,35.675058],[139.767561,35.675018],[139.767536,35.674993],[139.767475,35.675036],[139.767522,35.675079]]]}},{"type":"Feature","properties":{"osm_type":"way","osm_id":149147863,"building":"yes","source_height_m":null,"source_levels":null,"display_height_m":23.0,"height_basis":"visual_fallback"},"geometry":{"type":"Polygon","coordinates":[[[139.767753,35.674995],[139.767829,35.674976],[139.767799,35.674893],[139.767768,35.674887],[139.767726,35.674918],[139.767753,35.674995]]]}},{"type":"Feature","properties":{"osm_type":"way","osm_id":149147864,"building":"commercial","source_height_m":null,"source_levels":null,"display_height_m":26.0,"height_basis":"visual_fallback"},"geometry":{"type":"Polygon","coordinates":[[[139.76704,35.674754],[139.767138,35.674687],[139.766956,35.674511],[139.766857,35.674578],[139.76704,35.674754]]]}},{"type":"Feature","properties":{"osm_type":"way","osm_id":149147866,"building":"yes","source_height_m":null,"source_levels":null,"display_height_m":17.0,"height_basis":"visual_fallback"},"geometry":{"type":"Polygon","coordinates":[[[139.766634,35.674538],[139.766808,35.674419],[139.766737,35.674351],[139.766606,35.67444],[139.766629,35.674462],[139.766585,35.674492],[139.766634,35.674538]]]}},{"type":"Feature","properties":{"osm_type":"way","osm_id":149147868,"building":"yes","source_height_m":null,"source_levels":null,"display_height_m":23.0,"height_basis":"visual_fallback"},"geometry":{"type":"Polygon","coordinates":[[[139.766764,35.674649],[139.766822,35.674698],[139.766895,35.674648],[139.766841,35.674598],[139.766764,35.674649]]]}},{"type":"Feature","properties":{"osm_type":"way","osm_id":149147871,"building":"yes","source_height_m":null,"source_levels":null,"display_height_m":17.0,"height_basis":"visual_fallback"},"geometry":{"type":"Polygon","coordinates":[[[139.766403,35.675418],[139.766496,35.67539],[139.766454,35.675297],[139.766404,35.675312],[139.766396,35.675294],[139.766352,35.675307],[139.766403,35.675418]]]}},{"type":"Feature","properties":{"osm_type":"way","osm_id":149147874,"building":"yes","source_height_m":null,"source_levels":null,"display_height_m":26.0,"height_basis":"visual_fallback"},"geometry":{"type":"Polygon","coordinates":[[[139.767473,35.675032],[139.76757,35.674963],[139.767529,35.674923],[139.767481,35.674956],[139.767437,35.674914],[139.767385,35.67495],[139.767473,35.675032]]]}},{"type":"Feature","properties":{"osm_type":"way","osm_id":149147875,"building":"yes","source_height_m":null,"source_levels":null,"display_height_m":14.0,"height_basis":"visual_fallback"},"geometry":{"type":"Polygon","coordinates":[[[139.768481,35.6755],[139.768641,35.6755],[139.76858,35.675402],[139.768452,35.675451],[139.768481,35.6755]]]}},{"type":"Feature","properties":{"osm_type":"way","osm_id":149147877,"building":"yes","source_height_m":null,"source_levels":null,"display_height_m":20.0,"height_basis":"visual_fallback"},"geometry":{"type":"Polygon","coordinates":[[[139.767349,35.674923],[139.767375,35.674947],[139.767435,35.674904],[139.767481,35.674948],[139.767523,35.674918],[139.767451,35.674851],[139.767349,35.674923]]]}},{"type":"Feature","properties":{"osm_type":"way","osm_id":149147880,"building":"yes","source_height_m":null,"source_levels":null,"display_height_m":14.0,"height_basis":"visual_fallback"},"geometry":{"type":"Polygon","coordinates":[[[139.767782,35.67459],[139.7677,35.674647],[139.767876,35.674806],[139.76785,35.674822],[139.7679,35.67494],[139.768086,35.674886],[139.767782,35.67459]]]}},{"type":"Feature","properties":{"osm_type":"way","osm_id":149147881,"building":"yes","source_height_m":null,"source_levels":null,"display_height_m":17.0,"height_basis":"visual_fallback"},"geometry":{"type":"Polygon","coordinates":[[[139.767802,35.674804],[139.767769,35.674772],[139.767708,35.674813],[139.767742,35.674846],[139.767802,35.674804]]]}},{"type":"Feature","properties":{"osm_type":"way","osm_id":149147883,"building":"yes","source_height_m":null,"source_levels":null,"display_height_m":23.0,"height_basis":"visual_fallback"},"geometry":{"type":"Polygon","coordinates":[[[139.766577,35.674851],[139.766605,35.674831],[139.766571,35.674799],[139.766644,35.674747],[139.766619,35.674724],[139.766518,35.674796],[139.766577,35.674851]]]}},{"type":"Feature","properties":{"osm_type":"way","osm_id":149147885,"building":"yes","source_height_m":null,"source_levels":null,"display_height_m":14.0,"height_basis":"visual_fallback"},"geometry":{"type":"Polygon","coordinates":[[[139.766949,35.674687],[139.766921,35.674656],[139.766834,35.674716],[139.766861,35.674742],[139.766949,35.674687]]]}},{"type":"Feature","properties":{"osm_type":"way","osm_id":149147887,"building":"yes","source_height_m":null,"source_levels":null,"display_height_m":20.0,"height_basis":"visual_fallback"},"geometry":{"type":"Polygon","coordinates":[[[139.768085,35.674557],[139.767989,35.674466],[139.767939,35.674501],[139.76797,35.674531],[139.767899,35.67458],[139.767964,35.674642],[139.768085,35.674557]]]}},{"type":"Feature","properties":{"osm_type":"way","osm_id":149147891,"building":"yes","source_height_m":null,"source_levels":null,"display_height_m":17.0,"height_basis":"visual_fallback"},"geometry":{"type":"Polygon","coordinates":[[[139.767005,35.674298],[139.767065,35.674256],[139.766979,35.674176],[139.767012,35.674152],[139.766907,35.674053],[139.766873,35.674077],[139.766813,35.674119],[139.767005,35.674298]]]}},{"type":"Feature","properties":{"osm_type":"way","osm_id":149147893,"building":"yes","source_height_m":null,"source_levels":9.0,"display_height_m":28.8,"height_basis":"osm_levels_x_3.2m"},"geometry":{"type":"Polygon","coordinates":[[[139.767996,35.674361],[139.767978,35.674344],[139.767934,35.674375],[139.76791,35.674353],[139.767831,35.674408],[139.767931,35.674502],[139.768125,35.674364],[139.768067,35.67431],[139.767996,35.674361]]]}},{"type":"Feature","properties":{"osm_type":"way","osm_id":149147898,"building":"yes","source_height_m":null,"source_levels":null,"display_height_m":23.0,"height_basis":"visual_fallback"},"geometry":{"type":"Polygon","coordinates":[[[139.766058,35.675297],[139.766323,35.675126],[139.766403,35.675207],[139.766458,35.675173],[139.76632,35.675043],[139.76624,35.67501],[139.766194,35.675038],[139.765965,35.675205],[139.766058,35.675297]]]}},{"type":"Feature","properties":{"osm_type":"way","osm_id":149147901,"building":"yes","source_height_m":null,"source_levels":null,"display_height_m":17.0,"height_basis":"visual_fallback"},"geometry":{"type":"Polygon","coordinates":[[[139.766644,35.674371],[139.766682,35.674346],[139.766648,35.674313],[139.766611,35.674339],[139.766582,35.674311],[139.766474,35.674385],[139.766556,35.674464],[139.766664,35.67439],[139.766644,35.674371]]]}},{"type":"Feature","properties":{"osm_type":"way","osm_id":149147902,"building":"yes","source_height_m":null,"source_levels":null,"display_height_m":20.0,"height_basis":"visual_fallback"},"geometry":{"type":"Polygon","coordinates":[[[139.766866,35.673935],[139.767015,35.674072],[139.767053,35.674045],[139.767037,35.67403],[139.767117,35.673972],[139.767059,35.673919],[139.766979,35.673977],[139.766904,35.673908],[139.766866,35.673935]]]}},{"type":"Feature","properties":{"osm_type":"way","osm_id":149147904,"building":"yes","source_height_m":null,"source_levels":14.0,"display_height_m":44.8,"height_basis":"osm_levels_x_3.2m"},"geometry":{"type":"Polygon","coordinates":[[[139.767681,35.674363],[139.767753,35.674429],[139.767892,35.674329],[139.767936,35.674369],[139.767979,35.674339],[139.767996,35.674355],[139.768065,35.674305],[139.76793,35.674182],[139.767681,35.674363]]]}},{"type":"Feature","properties":{"osm_type":"way","osm_id":149147906,"building":"yes","source_height_m":null,"source_levels":null,"display_height_m":17.0,"height_basis":"visual_fallback"},"geometry":{"type":"Polygon","coordinates":[[[139.766953,35.675223],[139.766958,35.675236],[139.766971,35.675241],[139.767076,35.675218],[139.767086,35.675201],[139.767085,35.675182],[139.767075,35.67517],[139.767052,35.675161],[139.766953,35.675223]]]}},{"type":"Feature","properties":{"osm_type":"way","osm_id":149147907,"building":"yes","source_height_m":null,"source_levels":null,"display_height_m":20.0,"height_basis":"visual_fallback"},"geometry":{"type":"Polygon","coordinates":[[[139.767146,35.674058],[139.767229,35.674135],[139.767243,35.674123],[139.767248,35.674105],[139.767248,35.674087],[139.767187,35.674029],[139.767128,35.673974],[139.767052,35.674028],[139.767111,35.674083],[139.767146,35.674058]]]}},{"type":"Feature","properties":{"osm_type":"way","osm_id":149147909,"building":"yes","source_height_m":null,"source_levels":null,"display_height_m":26.0,"height_basis":"visual_fallback"},"geometry":{"type":"Polygon","coordinates":[[[139.766149,35.675434],[139.766185,35.675449],[139.766221,35.675453],[139.766255,35.675452],[139.766304,35.675441],[139.766271,35.675354],[139.766248,35.675356],[139.766229,35.675318],[139.766105,35.675402],[139.766149,35.675434]]]}},{"type":"Feature","properties":{"osm_type":"way","osm_id":149149666,"building":"yes","source_height_m":null,"source_levels":null,"display_height_m":17.0,"height_basis":"visual_fallback"},"geometry":{"type":"Polygon","coordinates":[[[139.765459,35.674321],[139.765579,35.67425],[139.765404,35.674063],[139.765226,35.674194],[139.765211,35.674231],[139.765468,35.674573],[139.76563,35.674491],[139.765685,35.674549],[139.765787,35.674488],[139.765625,35.674304],[139.765505,35.674373],[139.765459,35.674321]]]}},{"type":"Feature","properties":{"osm_type":"way","osm_id":149149669,"building":"yes","source_height_m":null,"source_levels":null,"display_height_m":26.0,"height_basis":"visual_fallback"},"geometry":{"type":"Polygon","coordinates":[[[139.767478,35.673975],[139.767616,35.673878],[139.767575,35.67384],[139.767437,35.673937],[139.767478,35.673975]]]}},{"type":"Feature","properties":{"osm_type":"way","osm_id":149149670,"building":"yes","source_height_m":null,"source_levels":null,"display_height_m":14.0,"height_basis":"visual_fallback"},"geometry":{"type":"Polygon","coordinates":[[[139.766175,35.674578],[139.766236,35.674633],[139.766274,35.674604],[139.766214,35.67455],[139.766175,35.674578]]]}},{"type":"Feature","properties":{"osm_type":"way","osm_id":149149671,"building":"yes","source_height_m":null,"source_levels":null,"display_height_m":17.0,"height_basis":"visual_fallback"},"geometry":{"type":"Polygon","coordinates":[[[139.766759,35.673529],[139.766826,35.673591],[139.766959,35.673497],[139.766892,35.673435],[139.766759,35.673529]]]}},{"type":"Feature","properties":{"osm_type":"way","osm_id":149149673,"building":"yes","source_height_m":null,"source_levels":null,"display_height_m":23.0,"height_basis":"visual_fallback"},"geometry":{"type":"Polygon","coordinates":[[[139.766089,35.674673],[139.766188,35.674603],[139.766161,35.674577],[139.766062,35.674647],[139.766089,35.674673]]]}},{"type":"Feature","properties":{"osm_type":"way","osm_id":149149675,"building":"yes","source_height_m":null,"source_levels":null,"display_height_m":14.0,"height_basis":"visual_fallback"},"geometry":{"type":"Polygon","coordinates":[[[139.766856,35.673621],[139.766988,35.673528],[139.766959,35.673501],[139.766828,35.673594],[139.766856,35.673621]]]}},{"type":"Feature","properties":{"osm_type":"way","osm_id":149149677,"building":"yes","source_height_m":null,"source_levels":null,"display_height_m":20.0,"height_basis":"visual_fallback"},"geometry":{"type":"Polygon","coordinates":[[[139.766097,35.674679],[139.766135,35.674714],[139.766238,35.674642],[139.7662,35.674606],[139.766097,35.674679]]]}},{"type":"Feature","properties":{"osm_type":"way","osm_id":149149678,"building":"yes","source_height_m":null,"source_levels":null,"display_height_m":23.0,"height_basis":"visual_fallback"},"geometry":{"type":"Polygon","coordinates":[[[139.766916,35.673432],[139.767044,35.673553],[139.767189,35.673451],[139.76706,35.67333],[139.766916,35.673432]]]}},{"type":"Feature","properties":{"osm_type":"way","osm_id":149149679,"building":"yes","source_height_m":null,"source_levels":null,"display_height_m":26.0,"height_basis":"visual_fallback"},"geometry":{"type":"Polygon","coordinates":[[[139.765977,35.673655],[139.766166,35.673833],[139.766294,35.673742],[139.766105,35.673565],[139.765977,35.673655]]]}},{"type":"Feature","properties":{"osm_type":"way","osm_id":149149682,"building":"yes","source_height_m":null,"source_levels":null,"display_height_m":20.0,"height_basis":"visual_fallback"},"geometry":{"type":"Polygon","coordinates":[[[139.766497,35.673616],[139.766578,35.673692],[139.766713,35.673597],[139.766632,35.673521],[139.766497,35.673616]]]}},{"type":"Feature","properties":{"osm_type":"way","osm_id":149149684,"building":"yes","source_height_m":null,"source_levels":null,"display_height_m":26.0,"height_basis":"visual_fallback"},"geometry":{"type":"Polygon","coordinates":[[[139.766171,35.67457],[139.766327,35.674459],[139.766266,35.674403],[139.766111,35.674513],[139.766171,35.67457]]]}},{"type":"Feature","properties":{"osm_type":"way","osm_id":149149686,"building":"yes","source_height_m":null,"source_levels":null,"display_height_m":17.0,"height_basis":"visual_fallback"},"geometry":{"type":"Polygon","coordinates":[[[139.766189,35.673522],[139.766468,35.673782],[139.766576,35.673706],[139.766298,35.673445],[139.766189,35.673522]]]}},{"type":"Feature","properties":{"osm_type":"way","osm_id":149149690,"building":"yes","source_height_m":null,"source_levels":null,"display_height_m":14.0,"height_basis":"visual_fallback"},"geometry":{"type":"Polygon","coordinates":[[[139.76658,35.673711],[139.766686,35.67381],[139.766807,35.673725],[139.766701,35.673626],[139.76658,35.673711]]]}},{"type":"Feature","properties":{"osm_type":"way","osm_id":149149693,"building":"yes","source_height_m":null,"source_levels":null,"display_height_m":23.0,"height_basis":"visual_fallback"},"geometry":{"type":"Polygon","coordinates":[[[139.766222,35.674548],[139.766278,35.6746],[139.766393,35.674517],[139.766336,35.674465],[139.766222,35.674548]]]}},{"type":"Feature","properties":{"osm_type":"way","osm_id":149149694,"building":"yes","source_height_m":null,"source_levels":null,"display_height_m":26.0,"height_basis":"visual_fallback"},"geometry":{"type":"Polygon","coordinates":[[[139.766483,35.67379],[139.766574,35.673875],[139.766673,35.673806],[139.766581,35.673721],[139.766483,35.67379]]]}},{"type":"Feature","properties":{"osm_type":"way","osm_id":149149697,"building":"yes","source_height_m":null,"source_levels":null,"display_height_m":20.0,"height_basis":"visual_fallback"},"geometry":{"type":"Polygon","coordinates":[[[139.765781,35.674524],[139.765693,35.674575],[139.76583,35.674732],[139.765918,35.674681],[139.765781,35.674524]]]}},{"type":"Feature","properties":{"osm_type":"way","osm_id":149149699,"building":"yes","source_height_m":null,"source_levels":null,"display_height_m":26.0,"height_basis":"visual_fallback"},"geometry":{"type":"Polygon","coordinates":[[[139.766729,35.673498],[139.766754,35.673521],[139.766837,35.673463],[139.766811,35.67344],[139.766729,35.673498]]]}},{"type":"Feature","properties":{"osm_type":"way","osm_id":149149702,"building":"yes","source_height_m":null,"source_levels":null,"display_height_m":20.0,"height_basis":"visual_fallback"},"geometry":{"type":"Polygon","coordinates":[[[139.7657,35.674881],[139.765857,35.674803],[139.765827,35.674763],[139.76567,35.674841],[139.7657,35.674881]]]}},{"type":"Feature","properties":{"osm_type":"way","osm_id":149149703,"building":"yes","source_height_m":null,"source_levels":null,"display_height_m":23.0,"height_basis":"visual_fallback"},"geometry":{"type":"Polygon","coordinates":[[[139.765605,35.674757],[139.765746,35.67469],[139.765713,35.674644],[139.765573,35.674711],[139.765605,35.674757]]]}},{"type":"Feature","properties":{"osm_type":"way","osm_id":149149707,"building":"yes","source_height_m":null,"source_levels":null,"display_height_m":20.0,"height_basis":"visual_fallback"},"geometry":{"type":"Polygon","coordinates":[[[139.766003,35.674591],[139.766057,35.674642],[139.766155,35.674573],[139.766101,35.674522],[139.766003,35.674591]]]}},{"type":"Feature","properties":{"osm_type":"way","osm_id":149149709,"building":"yes","source_height_m":null,"source_levels":null,"display_height_m":26.0,"height_basis":"visual_fallback"},"geometry":{"type":"Polygon","coordinates":[[[139.767238,35.673739],[139.767275,35.673773],[139.76742,35.673671],[139.767383,35.673636],[139.767238,35.673739]]]}},{"type":"Feature","properties":{"osm_type":"way","osm_id":149149710,"building":"yes","source_height_m":null,"source_levels":null,"display_height_m":14.0,"height_basis":"visual_fallback"},"geometry":{"type":"Polygon","coordinates":[[[139.765623,35.674509],[139.765474,35.674584],[139.765568,35.674708],[139.765717,35.674633],[139.765623,35.674509]]]}},{"type":"Feature","properties":{"osm_type":"way","osm_id":149149712,"building":"yes","source_height_m":null,"source_levels":null,"display_height_m":20.0,"height_basis":"visual_fallback"},"geometry":{"type":"Polygon","coordinates":[[[139.767195,35.673698],[139.767236,35.673736],[139.767384,35.673632],[139.767343,35.673594],[139.767195,35.673698]]]}},{"type":"Feature","properties":{"osm_type":"way","osm_id":149149717,"building":"yes","source_height_m":null,"source_levels":null,"display_height_m":20.0,"height_basis":"visual_fallback"},"geometry":{"type":"Polygon","coordinates":[[[139.766133,35.67472],[139.766239,35.674818],[139.76636,35.674731],[139.766255,35.674634],[139.766133,35.67472]]]}},{"type":"Feature","properties":{"osm_type":"way","osm_id":149149720,"building":"yes","source_height_m":null,"source_levels":null,"display_height_m":14.0,"height_basis":"visual_fallback"},"geometry":{"type":"Polygon","coordinates":[[[139.767143,35.673877],[139.767214,35.673943],[139.767501,35.67374],[139.76743,35.673674],[139.767143,35.673877]]]}},{"type":"Feature","properties":{"osm_type":"way","osm_id":149149723,"building":"yes","source_height_m":null,"source_levels":null,"display_height_m":23.0,"height_basis":"visual_fallback"},"geometry":{"type":"Polygon","coordinates":[[[139.7658,35.67422],[139.765945,35.674117],[139.765894,35.67407],[139.765749,35.674172],[139.7658,35.67422]]]}},{"type":"Feature","properties":{"osm_type":"way","osm_id":149149724,"building":"yes","source_height_m":null,"source_levels":null,"display_height_m":26.0,"height_basis":"visual_fallback"},"geometry":{"type":"Polygon","coordinates":[[[139.765815,35.674374],[139.76606,35.674202],[139.765964,35.674111],[139.76573,35.67428],[139.765815,35.674374]]]}},{"type":"Feature","properties":{"osm_type":"way","osm_id":149149725,"building":"yes","source_height_m":null,"source_levels":null,"display_height_m":14.0,"height_basis":"visual_fallback"},"geometry":{"type":"Polygon","coordinates":[[[139.765506,35.674367],[139.76562,35.6743],[139.765579,35.674255],[139.765466,35.674321],[139.765506,35.674367]]]}},{"type":"Feature","properties":{"osm_type":"way","osm_id":149149727,"building":"yes","source_height_m":null,"source_levels":null,"display_height_m":20.0,"height_basis":"visual_fallback"},"geometry":{"type":"Polygon","coordinates":[[[139.766058,35.674221],[139.76583,35.674382],[139.765872,35.674432],[139.76586,35.674441],[139.766,35.674586],[139.766255,35.674405],[139.766058,35.674221]]]}},{"type":"Feature","properties":{"osm_type":"way","osm_id":149149728,"building":"yes","source_height_m":null,"source_levels":8.0,"display_height_m":25.6,"height_basis":"osm_levels_x_3.2m"},"geometry":{"type":"Polygon","coordinates":[[[139.766629,35.673411],[139.766716,35.673493],[139.76685,35.673398],[139.766807,35.673357],[139.766966,35.673245],[139.766923,35.673204],[139.766629,35.673411]]]}},{"type":"Feature","properties":{"osm_type":"way","osm_id":149149732,"building":"yes","source_height_m":null,"source_levels":null,"display_height_m":20.0,"height_basis":"visual_fallback"},"geometry":{"type":"Polygon","coordinates":[[[139.767422,35.673915],[139.767559,35.67382],[139.767496,35.67376],[139.767359,35.673855],[139.767422,35.673915]]]}},{"type":"Feature","properties":{"osm_type":"way","osm_id":149149733,"building":"yes","source_height_m":null,"source_levels":null,"display_height_m":23.0,"height_basis":"visual_fallback"},"geometry":{"type":"Polygon","coordinates":[[[139.76686,35.673629],[139.766961,35.673723],[139.767254,35.673517],[139.767196,35.673462],[139.76705,35.673565],[139.767008,35.673525],[139.76686,35.673629]]]}},{"type":"Feature","properties":{"osm_type":"way","osm_id":149149734,"building":"yes","source_height_m":null,"source_levels":null,"display_height_m":26.0,"height_basis":"visual_fallback"},"geometry":{"type":"Polygon","coordinates":[[[139.765687,35.673884],[139.765497,35.674025],[139.765717,35.674268],[139.76579,35.674218],[139.765743,35.674172],[139.765891,35.674065],[139.765687,35.673884]]]}},{"type":"Feature","properties":{"osm_type":"way","osm_id":149149736,"building":"yes","source_height_m":null,"source_levels":8.0,"display_height_m":25.6,"height_basis":"osm_levels_x_3.2m"},"geometry":{"type":"Polygon","coordinates":[[[139.766865,35.673403],[139.766823,35.673433],[139.766847,35.673455],[139.767041,35.673318],[139.767018,35.673296],[139.766969,35.67325],[139.766816,35.673357],[139.766865,35.673403]]]}},{"type":"Feature","properties":{"osm_type":"way","osm_id":149149739,"building":"yes","source_height_m":null,"source_levels":12.0,"display_height_m":38.4,"height_basis":"osm_levels_x_3.2m"},"geometry":{"type":"Polygon","coordinates":[[[139.766988,35.673709],[139.767147,35.67386],[139.767265,35.673777],[139.767183,35.673699],[139.767335,35.673594],[139.767257,35.673521],[139.766988,35.673709]]]}},{"type":"Feature","properties":{"osm_type":"way","osm_id":149155804,"building":"yes","source_height_m":null,"source_levels":null,"display_height_m":26.0,"height_basis":"visual_fallback"},"geometry":{"type":"Polygon","coordinates":[[[139.765204,35.672897],[139.765252,35.672944],[139.76538,35.672856],[139.765331,35.672809],[139.765204,35.672897]]]}},{"type":"Feature","properties":{"osm_type":"way","osm_id":149155805,"building":"yes","source_height_m":null,"source_levels":null,"display_height_m":14.0,"height_basis":"visual_fallback"},"geometry":{"type":"Polygon","coordinates":[[[139.765822,35.673165],[139.765943,35.673077],[139.765914,35.673051],[139.765793,35.673139],[139.765822,35.673165]]]}},{"type":"Feature","properties":{"osm_type":"way","osm_id":149155806,"building":"yes","source_height_m":null,"source_levels":null,"display_height_m":17.0,"height_basis":"visual_fallback"},"geometry":{"type":"Polygon","coordinates":[[[139.765041,35.673012],[139.765101,35.67307],[139.765256,35.672963],[139.765196,35.672905],[139.765041,35.673012]]]}},{"type":"Feature","properties":{"osm_type":"way","osm_id":149155807,"building":"yes","source_height_m":null,"source_levels":null,"display_height_m":20.0,"height_basis":"visual_fallback"},"geometry":{"type":"Polygon","coordinates":[[[139.765791,35.673133],[139.765913,35.673045],[139.765885,35.67302],[139.765764,35.673108],[139.765791,35.673133]]]}},{"type":"Feature","properties":{"osm_type":"way","osm_id":149155811,"building":"yes","source_height_m":null,"source_levels":null,"display_height_m":17.0,"height_basis":"visual_fallback"},"geometry":{"type":"Polygon","coordinates":[[[139.76465,35.673077],[139.76471,35.673034],[139.76468,35.673007],[139.764621,35.67305],[139.76465,35.673077]]]}},{"type":"Feature","properties":{"osm_type":"way","osm_id":149155812,"building":"yes","source_height_m":null,"source_levels":null,"display_height_m":20.0,"height_basis":"visual_fallback"},"geometry":{"type":"Polygon","coordinates":[[[139.765332,35.673023],[139.765362,35.673051],[139.765494,35.67296],[139.765464,35.672931],[139.765332,35.673023]]]}},{"type":"Feature","properties":{"osm_type":"way","osm_id":149155813,"building":"yes","source_height_m":null,"source_levels":null,"display_height_m":23.0,"height_basis":"visual_fallback"},"geometry":{"type":"Polygon","coordinates":[[[139.765034,35.672745],[139.765144,35.672852],[139.765204,35.672812],[139.765093,35.672704],[139.765034,35.672745]]]}},{"type":"Feature","properties":{"osm_type":"way","osm_id":149155814,"building":"yes","source_height_m":null,"source_levels":null,"display_height_m":26.0,"height_basis":"visual_fallback"},"geometry":{"type":"Polygon","coordinates":[[[139.765295,35.672983],[139.765332,35.673019],[139.765462,35.672929],[139.765425,35.672893],[139.765295,35.672983]]]}},{"type":"Feature","properties":{"osm_type":"way","osm_id":149155817,"building":"yes","source_height_m":null,"source_levels":null,"display_height_m":20.0,"height_basis":"visual_fallback"},"geometry":{"type":"Polygon","coordinates":[[[139.765096,35.672702],[139.765208,35.672811],[139.765281,35.672762],[139.765169,35.672653],[139.765096,35.672702]]]}},{"type":"Feature","properties":{"osm_type":"way","osm_id":149155818,"building":"yes","source_height_m":null,"source_levels":null,"display_height_m":23.0,"height_basis":"visual_fallback"},"geometry":{"type":"Polygon","coordinates":[[[139.765256,35.672946],[139.765291,35.672979],[139.76542,35.672891],[139.765385,35.672857],[139.765256,35.672946]]]}},{"type":"Feature","properties":{"osm_type":"way","osm_id":149155821,"building":"yes","source_height_m":null,"source_levels":6.0,"display_height_m":19.2,"height_basis":"osm_levels_x_3.2m"},"geometry":{"type":"Polygon","coordinates":[[[139.766424,35.673174],[139.766549,35.673086],[139.766431,35.672976],[139.766306,35.673064],[139.766424,35.673174]]]}},{"type":"Feature","properties":{"osm_type":"way","osm_id":149155822,"building":"yes","source_height_m":null,"source_levels":null,"display_height_m":20.0,"height_basis":"visual_fallback"},"geometry":{"type":"Polygon","coordinates":[[[139.765526,35.672888],[139.765554,35.672913],[139.765623,35.672863],[139.765595,35.672838],[139.765526,35.672888]]]}},{"type":"Feature","properties":{"osm_type":"way","osm_id":149155826,"building":"yes","source_height_m":null,"source_levels":null,"display_height_m":17.0,"height_basis":"visual_fallback"},"geometry":{"type":"Polygon","coordinates":[[[139.765497,35.673186],[139.765628,35.673096],[139.765576,35.673046],[139.765445,35.673136],[139.765497,35.673186]]]}},{"type":"Feature","properties":{"osm_type":"way","osm_id":149155827,"building":"retail","source_height_m":null,"source_levels":10.0,"display_height_m":32.0,"height_basis":"osm_levels_x_3.2m"},"geometry":{"type":"Polygon","coordinates":[[[139.766404,35.672941],[139.766554,35.673077],[139.76669,35.672978],[139.76654,35.672842],[139.766404,35.672941]]]}},{"type":"Feature","properties":{"osm_type":"way","osm_id":149155828,"building":"yes","source_height_m":null,"source_levels":null,"display_height_m":23.0,"height_basis":"visual_fallback"},"geometry":{"type":"Polygon","coordinates":[[[139.765579,35.672636],[139.765672,35.672721],[139.765755,35.672661],[139.765661,35.672577],[139.765579,35.672636]]]}},{"type":"Feature","properties":{"osm_type":"way","osm_id":149155829,"building":"yes","source_height_m":null,"source_levels":null,"display_height_m":26.0,"height_basis":"visual_fallback"},"geometry":{"type":"Polygon","coordinates":[[[139.766028,35.673077],[139.766122,35.673008],[139.766092,35.672981],[139.765998,35.67305],[139.766028,35.673077]]]}},{"type":"Feature","properties":{"osm_type":"way","osm_id":149155832,"building":"yes","source_height_m":null,"source_levels":null,"display_height_m":20.0,"height_basis":"visual_fallback"},"geometry":{"type":"Polygon","coordinates":[[[139.764985,35.672964],[139.76514,35.672859],[139.765028,35.67275],[139.764868,35.672859],[139.764985,35.672964]]]}},{"type":"Feature","properties":{"osm_type":"way","osm_id":149155834,"building":"yes","source_height_m":null,"source_levels":null,"display_height_m":26.0,"height_basis":"visual_fallback"},"geometry":{"type":"Polygon","coordinates":[[[139.7648,35.673219],[139.764997,35.673398],[139.765112,35.673314],[139.764915,35.673135],[139.7648,35.673219]]]}},{"type":"Feature","properties":{"osm_type":"way","osm_id":149155837,"building":"yes","source_height_m":null,"source_levels":null,"display_height_m":20.0,"height_basis":"visual_fallback"},"geometry":{"type":"Polygon","coordinates":[[[139.765959,35.673063],[139.76608,35.672975],[139.766029,35.672929],[139.765908,35.673017],[139.765959,35.673063]]]}},{"type":"Feature","properties":{"osm_type":"way","osm_id":149155839,"building":"yes","source_height_m":null,"source_levels":null,"display_height_m":26.0,"height_basis":"visual_fallback"},"geometry":{"type":"Polygon","coordinates":[[[139.765043,35.673464],[139.765182,35.673363],[139.765125,35.673311],[139.764986,35.673412],[139.765043,35.673464]]]}},{"type":"Feature","properties":{"osm_type":"way","osm_id":149155842,"building":"yes","source_height_m":null,"source_levels":null,"display_height_m":20.0,"height_basis":"visual_fallback"},"geometry":{"type":"Polygon","coordinates":[[[139.765759,35.673102],[139.765878,35.673016],[139.765853,35.672993],[139.765734,35.673079],[139.765759,35.673102]]]}},{"type":"Feature","properties":{"osm_type":"way","osm_id":149155843,"building":"yes","source_height_m":null,"source_levels":null,"display_height_m":23.0,"height_basis":"visual_fallback"},"geometry":{"type":"Polygon","coordinates":[[[139.764712,35.673033],[139.76477,35.672993],[139.764741,35.672965],[139.764682,35.673006],[139.764712,35.673033]]]}},{"type":"Feature","properties":{"osm_type":"way","osm_id":149155844,"building":"yes","source_height_m":null,"source_levels":null,"display_height_m":26.0,"height_basis":"visual_fallback"},"geometry":{"type":"Polygon","coordinates":[[[139.765736,35.673071],[139.765851,35.672988],[139.765777,35.672921],[139.765662,35.673005],[139.765736,35.673071]]]}},{"type":"Feature","properties":{"osm_type":"way","osm_id":149155848,"building":"yes","source_height_m":null,"source_levels":null,"display_height_m":23.0,"height_basis":"visual_fallback"},"geometry":{"type":"Polygon","coordinates":[[[139.765197,35.673162],[139.765347,35.673059],[139.765316,35.673029],[139.765166,35.673133],[139.765197,35.673162]]]}},{"type":"Feature","properties":{"osm_type":"way","osm_id":149155849,"building":"yes","source_height_m":null,"source_levels":null,"display_height_m":26.0,"height_basis":"visual_fallback"},"geometry":{"type":"Polygon","coordinates":[[[139.765267,35.673234],[139.76542,35.673129],[139.765351,35.673063],[139.765198,35.673168],[139.765267,35.673234]]]}},{"type":"Feature","properties":{"osm_type":"way","osm_id":149155850,"building":"yes","source_height_m":null,"source_levels":null,"display_height_m":14.0,"height_basis":"visual_fallback"},"geometry":{"type":"Polygon","coordinates":[[[139.764716,35.673138],[139.764835,35.673052],[139.764776,35.672999],[139.764657,35.673085],[139.764716,35.673138]]]}},{"type":"Feature","properties":{"osm_type":"way","osm_id":149155851,"building":"yes","source_height_m":null,"source_levels":null,"display_height_m":17.0,"height_basis":"visual_fallback"},"geometry":{"type":"Polygon","coordinates":[[[139.765559,35.672917],[139.765655,35.673004],[139.765744,35.672939],[139.765648,35.672852],[139.765559,35.672917]]]}},{"type":"Feature","properties":{"osm_type":"way","osm_id":149155854,"building":"yes","source_height_m":null,"source_levels":null,"display_height_m":26.0,"height_basis":"visual_fallback"},"geometry":{"type":"Polygon","coordinates":[[[139.765114,35.673072],[139.76517,35.673125],[139.765318,35.673024],[139.765262,35.67297],[139.765114,35.673072]]]}},{"type":"Feature","properties":{"osm_type":"way","osm_id":149155856,"building":"yes","source_height_m":null,"source_levels":null,"display_height_m":17.0,"height_basis":"visual_fallback"},"geometry":{"type":"Polygon","coordinates":[[[139.765442,35.673123],[139.765572,35.673034],[139.765538,35.673001],[139.765408,35.673091],[139.765442,35.673123]]]}},{"type":"Feature","properties":{"osm_type":"way","osm_id":149155857,"building":"yes","source_height_m":null,"source_levels":null,"display_height_m":20.0,"height_basis":"visual_fallback"},"geometry":{"type":"Polygon","coordinates":[[[139.764763,35.673176],[139.764885,35.673087],[139.764844,35.67305],[139.764722,35.673139],[139.764763,35.673176]]]}},{"type":"Feature","properties":{"osm_type":"way","osm_id":149155859,"building":"yes","source_height_m":null,"source_levels":null,"display_height_m":26.0,"height_basis":"visual_fallback"},"geometry":{"type":"Polygon","coordinates":[[[139.765034,35.67301],[139.765185,35.672903],[139.765141,35.672862],[139.76499,35.672969],[139.765034,35.67301]]]}},{"type":"Feature","properties":{"osm_type":"way","osm_id":149155862,"building":"yes","source_height_m":null,"source_levels":null,"display_height_m":20.0,"height_basis":"visual_fallback"},"geometry":{"type":"Polygon","coordinates":[[[139.76545,35.673052],[139.765532,35.672997],[139.765495,35.672962],[139.765414,35.673018],[139.76545,35.673052]]]}},{"type":"Feature","properties":{"osm_type":"way","osm_id":149155864,"building":"yes","source_height_m":null,"source_levels":null,"display_height_m":26.0,"height_basis":"visual_fallback"},"geometry":{"type":"Polygon","coordinates":[[[139.764798,35.673206],[139.764926,35.673113],[139.764894,35.673084],[139.764766,35.673177],[139.764798,35.673206]]]}},{"type":"Feature","properties":{"osm_type":"way","osm_id":149155866,"building":"yes","source_height_m":null,"source_levels":null,"display_height_m":17.0,"height_basis":"visual_fallback"},"geometry":{"type":"Polygon","coordinates":[[[139.765195,35.672898],[139.765324,35.672809],[139.76528,35.672767],[139.765151,35.672856],[139.765195,35.672898]]]}},{"type":"Feature","properties":{"osm_type":"way","osm_id":149155867,"building":"yes","source_height_m":null,"source_levels":null,"display_height_m":20.0,"height_basis":"visual_fallback"},"geometry":{"type":"Polygon","coordinates":[[[139.765616,35.672822],[139.76568,35.67288],[139.765855,35.672753],[139.765791,35.672695],[139.765616,35.672822]]]}},{"type":"Feature","properties":{"osm_type":"way","osm_id":149155870,"building":"yes","source_height_m":null,"source_levels":null,"display_height_m":14.0,"height_basis":"visual_fallback"},"geometry":{"type":"Polygon","coordinates":[[[139.765675,35.672726],[139.765704,35.672753],[139.765789,35.672692],[139.765759,35.672665],[139.765675,35.672726]]]}},{"type":"Feature","properties":{"osm_type":"way","osm_id":149155871,"building":"yes","source_height_m":null,"source_levels":null,"display_height_m":17.0,"height_basis":"visual_fallback"},"geometry":{"type":"Polygon","coordinates":[[[139.765455,35.672815],[139.765523,35.672876],[139.765693,35.672753],[139.765625,35.672691],[139.765455,35.672815]]]}},{"type":"Feature","properties":{"osm_type":"way","osm_id":149155872,"building":"yes","source_height_m":null,"source_levels":null,"display_height_m":20.0,"height_basis":"visual_fallback"},"geometry":{"type":"Polygon","coordinates":[[[139.765896,35.673014],[139.766019,35.672925],[139.765988,35.672897],[139.765866,35.672986],[139.765896,35.673014]]]}},{"type":"Feature","properties":{"osm_type":"way","osm_id":149155873,"building":"yes","source_height_m":null,"source_levels":null,"display_height_m":23.0,"height_basis":"visual_fallback"},"geometry":{"type":"Polygon","coordinates":[[[139.764775,35.673641],[139.765063,35.673516],[139.76497,35.6734],[139.76482,35.673265],[139.764592,35.673383],[139.764775,35.673641]]]}},{"type":"Feature","properties":{"osm_type":"way","osm_id":149155877,"building":"yes","source_height_m":null,"source_levels":null,"display_height_m":20.0,"height_basis":"visual_fallback"},"geometry":{"type":"Polygon","coordinates":[[[139.765711,35.673658],[139.765996,35.67346],[139.765787,35.673261],[139.765661,35.673348],[139.765728,35.673412],[139.765569,35.673522],[139.765711,35.673658]]]}},{"type":"Feature","properties":{"osm_type":"way","osm_id":149155879,"building":"yes","source_height_m":null,"source_levels":null,"display_height_m":26.0,"height_basis":"visual_fallback"},"geometry":{"type":"Polygon","coordinates":[[[139.764814,35.673665],[139.765124,35.674076],[139.765576,35.673758],[139.765168,35.673389],[139.765053,35.673473],[139.76511,35.673522],[139.764814,35.673665]]]}},{"type":"Feature","properties":{"osm_type":"way","osm_id":149155882,"building":"yes","source_height_m":null,"source_levels":null,"display_height_m":20.0,"height_basis":"visual_fallback"},"geometry":{"type":"Polygon","coordinates":[[[139.766021,35.673108],[139.765983,35.673073],[139.765835,35.673179],[139.76608,35.673406],[139.766338,35.673221],[139.766131,35.67303],[139.766021,35.673108]]]}},{"type":"Feature","properties":{"osm_type":"way","osm_id":149155885,"building":"yes","source_height_m":null,"source_levels":null,"display_height_m":14.0,"height_basis":"visual_fallback"},"geometry":{"type":"Polygon","coordinates":[[[139.76569,35.672884],[139.765742,35.672931],[139.765775,35.672907],[139.765857,35.672982],[139.765985,35.672889],[139.765903,35.672814],[139.765851,35.672767],[139.76569,35.672884]]]}},{"type":"Feature","properties":{"osm_type":"way","osm_id":149155887,"building":"yes","source_height_m":null,"source_levels":null,"display_height_m":20.0,"height_basis":"visual_fallback"},"geometry":{"type":"Polygon","coordinates":[[[139.765233,35.672601],[139.765449,35.672797],[139.765606,35.672682],[139.765556,35.672637],[139.76565,35.672568],[139.765485,35.672418],[139.765391,35.672487],[139.765233,35.672601]]]}},{"type":"Feature","properties":{"osm_type":"way","osm_id":149155888,"building":"yes","source_height_m":null,"source_levels":null,"display_height_m":23.0,"height_basis":"visual_fallback"},"geometry":{"type":"Polygon","coordinates":[[[139.765507,35.673211],[139.765435,35.673142],[139.765276,35.673251],[139.765559,35.673521],[139.765706,35.67342],[139.765632,35.673349],[139.765777,35.673249],[139.765641,35.673119],[139.765507,35.673211]]]}},{"type":"Feature","properties":{"osm_type":"way","osm_id":149158111,"building":"commercial","source_height_m":null,"source_levels":9.0,"display_height_m":28.8,"height_basis":"osm_levels_x_3.2m"},"geometry":{"type":"Polygon","coordinates":[[[139.766325,35.672882],[139.766206,35.67297],[139.766296,35.67305],[139.766404,35.67297],[139.766366,35.672935],[139.766522,35.67282],[139.766422,35.672731],[139.766323,35.672804],[139.766286,35.672771],[139.766239,35.672806],[139.766325,35.672882]]]}},{"type":"Feature","properties":{"osm_type":"way","osm_id":149158112,"building":"yes","source_height_m":null,"source_levels":null,"display_height_m":20.0,"height_basis":"visual_fallback"},"geometry":{"type":"Polygon","coordinates":[[[139.762899,35.674151],[139.762861,35.674042],[139.762744,35.674069],[139.762774,35.674154],[139.762808,35.674172],[139.762899,35.674151]]]}},{"type":"Feature","properties":{"osm_type":"way","osm_id":149158113,"building":"yes","source_height_m":null,"source_levels":null,"display_height_m":23.0,"height_basis":"visual_fallback"},"geometry":{"type":"Polygon","coordinates":[[[139.765955,35.672734],[139.76602,35.672792],[139.766124,35.672716],[139.766059,35.672657],[139.765955,35.672734]]]}},{"type":"Feature","properties":{"osm_type":"way","osm_id":149158115,"building":"retail","source_height_m":null,"source_levels":null,"display_height_m":14.0,"height_basis":"visual_fallback"},"geometry":{"type":"Polygon","coordinates":[[[139.766015,35.672526],[139.766054,35.672561],[139.766165,35.672479],[139.766126,35.672445],[139.766015,35.672526]]]}},{"type":"Feature","properties":{"osm_type":"way","osm_id":149158117,"building":"yes","source_height_m":null,"source_levels":null,"display_height_m":20.0,"height_basis":"visual_fallback"},"geometry":{"type":"Polygon","coordinates":[[[139.766196,35.672766],[139.766232,35.672799],[139.766387,35.672685],[139.76635,35.672652],[139.766196,35.672766]]]}},{"type":"Feature","properties":{"osm_type":"way","osm_id":149158120,"building":"retail","source_height_m":null,"source_levels":null,"display_height_m":14.0,"height_basis":"visual_fallback"},"geometry":{"type":"Polygon","coordinates":[[[139.765997,35.672472],[139.766034,35.672505],[139.766123,35.672439],[139.766087,35.672407],[139.765997,35.672472]]]}},{"type":"Feature","properties":{"osm_type":"way","osm_id":149158121,"building":"yes","source_height_m":null,"source_levels":null,"display_height_m":17.0,"height_basis":"visual_fallback"},"geometry":{"type":"Polygon","coordinates":[[[139.766108,35.672873],[139.76621,35.672799],[139.766128,35.672725],[139.766026,35.672799],[139.766108,35.672873]]]}},{"type":"Feature","properties":{"osm_type":"way","osm_id":149158126,"building":"yes","source_height_m":null,"source_levels":null,"display_height_m":17.0,"height_basis":"visual_fallback"},"geometry":{"type":"Polygon","coordinates":[[[139.766291,35.672762],[139.766326,35.672794],[139.766425,35.672721],[139.76639,35.672689],[139.766291,35.672762]]]}},{"type":"Feature","properties":{"osm_type":"way","osm_id":149158129,"building":"yes","source_height_m":null,"source_levels":null,"display_height_m":26.0,"height_basis":"visual_fallback"},"geometry":{"type":"Polygon","coordinates":[[[139.765925,35.672702],[139.765955,35.672728],[139.766062,35.672649],[139.766032,35.672622],[139.765925,35.672702]]]}},{"type":"Feature","properties":{"osm_type":"way","osm_id":149158131,"building":"yes","source_height_m":null,"source_levels":null,"display_height_m":17.0,"height_basis":"visual_fallback"},"geometry":{"type":"Polygon","coordinates":[[[139.765892,35.672673],[139.765923,35.672702],[139.766032,35.672622],[139.766,35.672593],[139.765892,35.672673]]]}},{"type":"Feature","properties":{"osm_type":"way","osm_id":149158133,"building":"yes","source_height_m":null,"source_levels":null,"display_height_m":23.0,"height_basis":"visual_fallback"},"geometry":{"type":"Polygon","coordinates":[[[139.765853,35.672641],[139.76589,35.672674],[139.766031,35.67257],[139.765995,35.672537],[139.765853,35.672641]]]}},{"type":"Feature","properties":{"osm_type":"way","osm_id":149158136,"building":"retail","source_height_m":null,"source_levels":null,"display_height_m":17.0,"height_basis":"visual_fallback"},"geometry":{"type":"Polygon","coordinates":[[[139.766011,35.672595],[139.766072,35.67265],[139.766228,35.672536],[139.766166,35.672481],[139.766011,35.672595]]]}},{"type":"Feature","properties":{"osm_type":"way","osm_id":149158139,"building":"yes","source_height_m":null,"source_levels":null,"display_height_m":26.0,"height_basis":"visual_fallback"},"geometry":{"type":"Polygon","coordinates":[[[139.765857,35.672635],[139.765931,35.672581],[139.766029,35.672509],[139.765969,35.672455],[139.765871,35.672528],[139.765851,35.672509],[139.765777,35.672564],[139.765857,35.672635]]]}},{"type":"Feature","properties":{"osm_type":"way","osm_id":149158142,"building":"yes","source_height_m":null,"source_levels":null,"display_height_m":20.0,"height_basis":"visual_fallback"},"geometry":{"type":"Polygon","coordinates":[[[139.766243,35.67267],[139.76622,35.67265],[139.766134,35.672714],[139.766191,35.672765],[139.766278,35.672702],[139.766352,35.672647],[139.766316,35.672615],[139.766243,35.67267]]]}},{"type":"Feature","properties":{"osm_type":"way","osm_id":149161177,"building":"yes","source_height_m":null,"source_levels":null,"display_height_m":20.0,"height_basis":"visual_fallback"},"geometry":{"type":"Polygon","coordinates":[[[139.763715,35.672691],[139.763878,35.672578],[139.763811,35.672514],[139.763628,35.672641],[139.763715,35.672691]]]}},{"type":"Feature","properties":{"osm_type":"way","osm_id":149161178,"building":"yes","source_height_m":null,"source_levels":null,"display_height_m":23.0,"height_basis":"visual_fallback"},"geometry":{"type":"Polygon","coordinates":[[[139.765153,35.672308],[139.765191,35.672343],[139.765323,35.672252],[139.765285,35.672216],[139.765153,35.672308]]]}},{"type":"Feature","properties":{"osm_type":"way","osm_id":149161179,"building":"commercial","source_height_m":null,"source_levels":null,"display_height_m":26.0,"height_basis":"visual_fallback"},"geometry":{"type":"Polygon","coordinates":[[[139.764442,35.672148],[139.764466,35.672171],[139.764571,35.672097],[139.764547,35.672075],[139.764442,35.672148]]]}},{"type":"Feature","properties":{"osm_type":"way","osm_id":149161181,"building":"yes","source_height_m":null,"source_levels":null,"display_height_m":17.0,"height_basis":"visual_fallback"},"geometry":{"type":"Polygon","coordinates":[[[139.764249,35.672671],[139.764321,35.672739],[139.764444,35.672653],[139.764373,35.672585],[139.764249,35.672671]]]}},{"type":"Feature","properties":{"osm_type":"way","osm_id":149161182,"building":"commercial","source_height_m":null,"source_levels":null,"display_height_m":20.0,"height_basis":"visual_fallback"},"geometry":{"type":"Polygon","coordinates":[[[139.765211,35.672344],[139.765269,35.672399],[139.765395,35.672312],[139.765337,35.672257],[139.765211,35.672344]]]}},{"type":"Feature","properties":{"osm_type":"way","osm_id":149161184,"building":"commercial","source_height_m":null,"source_levels":null,"display_height_m":26.0,"height_basis":"visual_fallback"},"geometry":{"type":"Polygon","coordinates":[[[139.764471,35.672175],[139.764496,35.672199],[139.764605,35.672123],[139.764581,35.672099],[139.764471,35.672175]]]}},{"type":"Feature","properties":{"osm_type":"way","osm_id":149161188,"building":"yes","source_height_m":null,"source_levels":null,"display_height_m":23.0,"height_basis":"visual_fallback"},"geometry":{"type":"Polygon","coordinates":[[[139.764506,35.672206],[139.764613,35.672308],[139.76472,35.672234],[139.764613,35.672132],[139.764506,35.672206]]]}},{"type":"Feature","properties":{"osm_type":"way","osm_id":149161189,"building":"commercial","source_height_m":null,"source_levels":null,"display_height_m":26.0,"height_basis":"visual_fallback"},"geometry":{"type":"Polygon","coordinates":[[[139.764691,35.672077],[139.764706,35.672092],[139.764767,35.672153],[139.764839,35.6721],[139.764763,35.672027],[139.764691,35.672077]]]}},{"type":"Feature","properties":{"osm_type":"way","osm_id":149161191,"building":"commercial","source_height_m":null,"source_levels":null,"display_height_m":17.0,"height_basis":"visual_fallback"},"geometry":{"type":"Polygon","coordinates":[[[139.76435,35.672356],[139.764499,35.672253],[139.764441,35.672198],[139.764293,35.672301],[139.76435,35.672356]]]}},{"type":"Feature","properties":{"osm_type":"way","osm_id":149161192,"building":"yes","source_height_m":null,"source_levels":null,"display_height_m":20.0,"height_basis":"visual_fallback"},"geometry":{"type":"Polygon","coordinates":[[[139.764469,35.672482],[139.764506,35.672505],[139.764588,35.672453],[139.764555,35.672423],[139.764469,35.672482]]]}},{"type":"Feature","properties":{"osm_type":"way","osm_id":149161193,"building":"commercial","source_height_m":null,"source_levels":null,"display_height_m":23.0,"height_basis":"visual_fallback"},"geometry":{"type":"Polygon","coordinates":[[[139.764429,35.672421],[139.764555,35.672345],[139.764485,35.672275],[139.764364,35.672353],[139.764429,35.672421]]]}},{"type":"Feature","properties":{"osm_type":"way","osm_id":149161194,"building":"commercial","source_height_m":null,"source_levels":null,"display_height_m":26.0,"height_basis":"visual_fallback"},"geometry":{"type":"Polygon","coordinates":[[[139.764419,35.672442],[139.76446,35.67248],[139.764546,35.672419],[139.764529,35.672393],[139.764557,35.672373],[139.764542,35.672359],[139.764419,35.672442]]]}},{"type":"Feature","properties":{"osm_type":"way","osm_id":149161195,"building":"yes","source_height_m":null,"source_levels":null,"display_height_m":14.0,"height_basis":"visual_fallback"},"geometry":{"type":"Polygon","coordinates":[[[139.764147,35.67294],[139.764194,35.672983],[139.764205,35.672975],[139.764292,35.673054],[139.764329,35.673026],[139.764347,35.673042],[139.764495,35.672935],[139.764304,35.67276],[139.764208,35.672829],[139.764249,35.672867],[139.764147,35.67294]]]}},{"type":"Feature","properties":{"osm_type":"way","osm_id":149161197,"building":"yes","source_height_m":null,"source_levels":null,"display_height_m":20.0,"height_basis":"visual_fallback"},"geometry":{"type":"Polygon","coordinates":[[[139.763941,35.672601],[139.764193,35.672421],[139.763994,35.672237],[139.763742,35.672416],[139.763941,35.672601]]]}},{"type":"Feature","properties":{"osm_type":"way","osm_id":149161198,"building":"yes","source_height_m":null,"source_levels":null,"display_height_m":23.0,"height_basis":"visual_fallback"},"geometry":{"type":"Polygon","coordinates":[[[139.764474,35.671867],[139.76469,35.67207],[139.764797,35.671996],[139.76458,35.671792],[139.764474,35.671867]]]}},{"type":"Feature","properties":{"osm_type":"way","osm_id":149161199,"building":"yes","source_height_m":null,"source_levels":null,"display_height_m":26.0,"height_basis":"visual_fallback"},"geometry":{"type":"Polygon","coordinates":[[[139.764293,35.672295],[139.764439,35.672196],[139.764413,35.672171],[139.76427,35.672273],[139.764293,35.672295]]]}},{"type":"Feature","properties":{"osm_type":"way","osm_id":149161200,"building":"yes","source_height_m":null,"source_levels":null,"display_height_m":14.0,"height_basis":"visual_fallback"},"geometry":{"type":"Polygon","coordinates":[[[139.764328,35.672754],[139.764515,35.672931],[139.764646,35.672841],[139.764458,35.672663],[139.764328,35.672754]]]}},{"type":"Feature","properties":{"osm_type":"way","osm_id":149161203,"building":"yes","source_height_m":null,"source_levels":null,"display_height_m":23.0,"height_basis":"visual_fallback"},"geometry":{"type":"Polygon","coordinates":[[[139.764878,35.672496],[139.764985,35.672597],[139.765019,35.672573],[139.764913,35.672472],[139.764878,35.672496]]]}},{"type":"Feature","properties":{"osm_type":"way","osm_id":149161204,"building":"commercial","source_height_m":null,"source_levels":null,"display_height_m":26.0,"height_basis":"visual_fallback"},"geometry":{"type":"Polygon","coordinates":[[[139.764415,35.672123],[139.764436,35.672143],[139.764545,35.672068],[139.764523,35.672047],[139.764415,35.672123]]]}},{"type":"Feature","properties":{"osm_type":"way","osm_id":149161206,"building":"yes","source_height_m":null,"source_levels":null,"display_height_m":17.0,"height_basis":"visual_fallback"},"geometry":{"type":"Polygon","coordinates":[[[139.764835,35.672522],[139.764938,35.67262],[139.764975,35.672594],[139.764872,35.672496],[139.764835,35.672522]]]}},{"type":"Feature","properties":{"osm_type":"way","osm_id":149161209,"building":"yes","source_height_m":null,"source_levels":null,"display_height_m":26.0,"height_basis":"visual_fallback"},"geometry":{"type":"Polygon","coordinates":[[[139.764585,35.67178],[139.76468,35.671869],[139.764756,35.671816],[139.764661,35.671727],[139.764585,35.67178]]]}},{"type":"Feature","properties":{"osm_type":"way","osm_id":149161211,"building":"yes","source_height_m":null,"source_levels":null,"display_height_m":17.0,"height_basis":"visual_fallback"},"geometry":{"type":"Polygon","coordinates":[[[139.764221,35.672063],[139.764319,35.672155],[139.764356,35.672129],[139.764259,35.672037],[139.764221,35.672063]]]}},{"type":"Feature","properties":{"osm_type":"way","osm_id":149161212,"building":"commercial","source_height_m":null,"source_levels":null,"display_height_m":20.0,"height_basis":"visual_fallback"},"geometry":{"type":"Polygon","coordinates":[[[139.764844,35.672018],[139.765077,35.672236],[139.765214,35.672142],[139.764969,35.671927],[139.764844,35.672018]]]}},{"type":"Feature","properties":{"osm_type":"way","osm_id":149161213,"building":"yes","source_height_m":null,"source_levels":null,"display_height_m":23.0,"height_basis":"visual_fallback"},"geometry":{"type":"Polygon","coordinates":[[[139.764766,35.67194],[139.764809,35.67198],[139.764935,35.671891],[139.764892,35.671851],[139.764766,35.67194]]]}},{"type":"Feature","properties":{"osm_type":"way","osm_id":149161215,"building":"commercial","source_height_m":null,"source_levels":null,"display_height_m":14.0,"height_basis":"visual_fallback"},"geometry":{"type":"Polygon","coordinates":[[[139.764619,35.672313],[139.764643,35.672336],[139.764751,35.672261],[139.764727,35.672238],[139.764619,35.672313]]]}},{"type":"Feature","properties":{"osm_type":"way","osm_id":149161218,"building":"yes","source_height_m":null,"source_levels":null,"display_height_m":23.0,"height_basis":"visual_fallback"},"geometry":{"type":"Polygon","coordinates":[[[139.764798,35.672483],[139.764834,35.672517],[139.764939,35.672445],[139.764903,35.67241],[139.764798,35.672483]]]}},{"type":"Feature","properties":{"osm_type":"way","osm_id":149161220,"building":"commercial","source_height_m":null,"source_levels":null,"display_height_m":14.0,"height_basis":"visual_fallback"},"geometry":{"type":"Polygon","coordinates":[[[139.764789,35.672408],[139.764834,35.67245],[139.7649,35.672405],[139.764855,35.672362],[139.764789,35.672408]]]}},{"type":"Feature","properties":{"osm_type":"way","osm_id":149161221,"building":"commercial","source_height_m":null,"source_levels":null,"display_height_m":17.0,"height_basis":"visual_fallback"},"geometry":{"type":"Polygon","coordinates":[[[139.764647,35.672339],[139.764677,35.672368],[139.764785,35.672292],[139.764755,35.672264],[139.764647,35.672339]]]}},{"type":"Feature","properties":{"osm_type":"way","osm_id":149161222,"building":"yes","source_height_m":null,"source_levels":null,"display_height_m":20.0,"height_basis":"visual_fallback"},"geometry":{"type":"Polygon","coordinates":[[[139.764916,35.672468],[139.765025,35.672571],[139.76506,35.672547],[139.764951,35.672443],[139.764916,35.672468]]]}},{"type":"Feature","properties":{"osm_type":"way","osm_id":149161223,"building":"yes","source_height_m":null,"source_levels":null,"display_height_m":23.0,"height_basis":"visual_fallback"},"geometry":{"type":"Polygon","coordinates":[[[139.765086,35.672333],[139.765204,35.672445],[139.76525,35.672413],[139.765133,35.672301],[139.765086,35.672333]]]}},{"type":"Feature","properties":{"osm_type":"way","osm_id":149161224,"building":"yes","source_height_m":null,"source_levels":5.0,"display_height_m":16.0,"height_basis":"osm_levels_x_3.2m"},"geometry":{"type":"Polygon","coordinates":[[[139.763625,35.672635],[139.763813,35.672503],[139.763717,35.672413],[139.763599,35.672502],[139.763596,35.672613],[139.763625,35.672635]]]}},{"type":"Feature","properties":{"osm_type":"way","osm_id":149161225,"building":"yes","source_height_m":null,"source_levels":null,"display_height_m":14.0,"height_basis":"visual_fallback"},"geometry":{"type":"Polygon","coordinates":[[[139.763909,35.672805],[139.764294,35.672531],[139.764194,35.672439],[139.763933,35.672626],[139.763884,35.672584],[139.763719,35.672694],[139.763909,35.672805]]]}},{"type":"Feature","properties":{"osm_type":"way","osm_id":149161226,"building":"commercial","source_height_m":null,"source_levels":null,"display_height_m":17.0,"height_basis":"visual_fallback"},"geometry":{"type":"Polygon","coordinates":[[[139.764896,35.67184],[139.764722,35.671674],[139.764662,35.671715],[139.764767,35.671814],[139.764697,35.671863],[139.764768,35.671929],[139.764896,35.67184]]]}},{"type":"Feature","properties":{"osm_type":"way","osm_id":149161227,"building":"commercial","source_height_m":null,"source_levels":null,"display_height_m":20.0,"height_basis":"visual_fallback"},"geometry":{"type":"Polygon","coordinates":[[[139.764792,35.672475],[139.764826,35.672452],[139.76478,35.672408],[139.764853,35.672358],[139.76479,35.672298],[139.764684,35.672372],[139.764792,35.672475]]]}},{"type":"Feature","properties":{"osm_type":"way","osm_id":149161228,"building":"commercial","source_height_m":null,"source_levels":null,"display_height_m":23.0,"height_basis":"visual_fallback"},"geometry":{"type":"Polygon","coordinates":[[[139.765079,35.672331],[139.765122,35.672302],[139.764823,35.672015],[139.764784,35.672043],[139.764846,35.672105],[139.764772,35.67216],[139.765127,35.672497],[139.7652,35.672446],[139.765079,35.672331]]]}},{"type":"Feature","properties":{"osm_type":"way","osm_id":149164000,"building":"yes","source_height_m":null,"source_levels":null,"display_height_m":14.0,"height_basis":"visual_fallback"},"geometry":{"type":"Polygon","coordinates":[[[139.768879,35.674039],[139.768802,35.673962],[139.768737,35.674005],[139.768917,35.674187],[139.769006,35.674128],[139.768975,35.674097],[139.768991,35.674087],[139.768958,35.674054],[139.768942,35.674064],[139.768902,35.674024],[139.768879,35.674039]]]}},{"type":"Feature","properties":{"osm_type":"way","osm_id":149164001,"building":"yes","source_height_m":null,"source_levels":8.0,"display_height_m":25.6,"height_basis":"osm_levels_x_3.2m"},"geometry":{"type":"Polygon","coordinates":[[[139.768027,35.673877],[139.768084,35.673931],[139.768213,35.673842],[139.768156,35.673788],[139.768027,35.673877]]]}},{"type":"Feature","properties":{"osm_type":"way","osm_id":149164004,"building":"yes","source_height_m":null,"source_levels":null,"display_height_m":26.0,"height_basis":"visual_fallback"},"geometry":{"type":"Polygon","coordinates":[[[139.768138,35.673976],[139.768235,35.674069],[139.768415,35.673946],[139.768317,35.673852],[139.768138,35.673976]]]}},{"type":"Feature","properties":{"osm_type":"way","osm_id":149164005,"building":"yes","source_height_m":null,"source_levels":null,"display_height_m":14.0,"height_basis":"visual_fallback"},"geometry":{"type":"Polygon","coordinates":[[[139.769243,35.674253],[139.769316,35.674208],[139.769271,35.67416],[139.769198,35.674205],[139.769243,35.674253]]]}},{"type":"Feature","properties":{"osm_type":"way","osm_id":149164006,"building":"yes","source_height_m":null,"source_levels":null,"display_height_m":17.0,"height_basis":"visual_fallback"},"geometry":{"type":"Polygon","coordinates":[[[139.76913,35.674413],[139.769194,35.674477],[139.76928,35.674422],[139.769216,35.674357],[139.76913,35.674413]]]}},{"type":"Feature","properties":{"osm_type":"way","osm_id":149164010,"building":"yes","source_height_m":null,"source_levels":null,"display_height_m":14.0,"height_basis":"visual_fallback"},"geometry":{"type":"Polygon","coordinates":[[[139.7685,35.674068],[139.768577,35.674143],[139.768671,35.674079],[139.768594,35.674004],[139.7685,35.674068]]]}},{"type":"Feature","properties":{"osm_type":"way","osm_id":149164015,"building":"yes","source_height_m":null,"source_levels":null,"display_height_m":14.0,"height_basis":"visual_fallback"},"geometry":{"type":"Polygon","coordinates":[[[139.768547,35.673798],[139.768656,35.673909],[139.768724,35.673865],[139.768682,35.673822],[139.768727,35.673793],[139.768659,35.673725],[139.768547,35.673798]]]}},{"type":"Feature","properties":{"osm_type":"way","osm_id":149164016,"building":"yes","source_height_m":null,"source_levels":null,"display_height_m":17.0,"height_basis":"visual_fallback"},"geometry":{"type":"Polygon","coordinates":[[[139.768323,35.674017],[139.768411,35.674101],[139.768459,35.674067],[139.768372,35.673984],[139.768323,35.674017]]]}},{"type":"Feature","properties":{"osm_type":"way","osm_id":149164019,"building":"yes","source_height_m":null,"source_levels":null,"display_height_m":26.0,"height_basis":"visual_fallback"},"geometry":{"type":"Polygon","coordinates":[[[139.768719,35.674525],[139.768845,35.67444],[139.768808,35.674403],[139.768682,35.674488],[139.768719,35.674525]]]}},{"type":"Feature","properties":{"osm_type":"way","osm_id":149164024,"building":"yes","source_height_m":null,"source_levels":null,"display_height_m":26.0,"height_basis":"visual_fallback"},"geometry":{"type":"Polygon","coordinates":[[[139.768901,35.674016],[139.768942,35.674058],[139.769091,35.673961],[139.769049,35.673919],[139.768901,35.674016]]]}},{"type":"Feature","properties":{"osm_type":"way","osm_id":149164025,"building":"yes","source_height_m":null,"source_levels":null,"display_height_m":14.0,"height_basis":"visual_fallback"},"geometry":{"type":"Polygon","coordinates":[[[139.768815,35.673844],[139.768924,35.673773],[139.768794,35.673641],[139.768667,35.673724],[139.768734,35.673792],[139.768752,35.67378],[139.768815,35.673844]]]}},{"type":"Feature","properties":{"osm_type":"way","osm_id":149164027,"building":"yes","source_height_m":null,"source_levels":null,"display_height_m":20.0,"height_basis":"visual_fallback"},"geometry":{"type":"Polygon","coordinates":[[[139.768686,35.673954],[139.768732,35.674],[139.768805,35.673952],[139.768759,35.673907],[139.768686,35.673954]]]}},{"type":"Feature","properties":{"osm_type":"way","osm_id":149164029,"building":"yes","source_height_m":null,"source_levels":null,"display_height_m":26.0,"height_basis":"visual_fallback"},"geometry":{"type":"Polygon","coordinates":[[[139.768934,35.674508],[139.769025,35.674594],[139.769121,35.674528],[139.769029,35.674441],[139.768934,35.674508]]]}},{"type":"Feature","properties":{"osm_type":"way","osm_id":149164031,"building":"yes","source_height_m":null,"source_levels":null,"display_height_m":17.0,"height_basis":"visual_fallback"},"geometry":{"type":"Polygon","coordinates":[[[139.76824,35.674079],[139.768325,35.674159],[139.768406,35.674103],[139.76832,35.674022],[139.76824,35.674079]]]}},{"type":"Feature","properties":{"osm_type":"way","osm_id":149164034,"building":"yes","source_height_m":null,"source_levels":9.0,"display_height_m":28.8,"height_basis":"osm_levels_x_3.2m"},"geometry":{"type":"Polygon","coordinates":[[[139.768822,35.674653],[139.76885,35.674679],[139.768909,35.674687],[139.769027,35.674604],[139.768968,35.674548],[139.768822,35.674653]]]}},{"type":"Feature","properties":{"osm_type":"way","osm_id":149164035,"building":"yes","source_height_m":null,"source_levels":null,"display_height_m":14.0,"height_basis":"visual_fallback"},"geometry":{"type":"Polygon","coordinates":[[[139.768828,35.674641],[139.768945,35.67456],[139.768903,35.674521],[139.769014,35.674444],[139.768952,35.674385],[139.768724,35.674544],[139.768828,35.674641]]]}},{"type":"Feature","properties":{"osm_type":"way","osm_id":149164038,"building":"yes","source_height_m":null,"source_levels":null,"display_height_m":23.0,"height_basis":"visual_fallback"},"geometry":{"type":"Polygon","coordinates":[[[139.769048,35.673911],[139.768926,35.673788],[139.768812,35.673862],[139.768749,35.673799],[139.768698,35.673832],[139.768882,35.674019],[139.769048,35.673911]]]}},{"type":"Feature","properties":{"osm_type":"way","osm_id":149164043,"building":"yes","source_height_m":null,"source_levels":9.0,"display_height_m":28.8,"height_basis":"osm_levels_x_3.2m"},"geometry":{"type":"Polygon","coordinates":[[[139.768093,35.673935],[139.768132,35.673972],[139.768249,35.67389],[139.768317,35.673843],[139.768291,35.673819],[139.768235,35.673858],[139.768222,35.673846],[139.768093,35.673935]]]}},{"type":"Feature","properties":{"osm_type":"way","osm_id":149164044,"building":"yes","source_height_m":null,"source_levels":null,"display_height_m":26.0,"height_basis":"visual_fallback"},"geometry":{"type":"Polygon","coordinates":[[[139.768484,35.67389],[139.768414,35.673937],[139.76843,35.673953],[139.768382,35.673986],[139.768469,35.67407],[139.768587,35.673989],[139.768484,35.67389]]]}},{"type":"Feature","properties":{"osm_type":"way","osm_id":149164047,"building":"yes","source_height_m":null,"source_levels":9.0,"display_height_m":28.8,"height_basis":"osm_levels_x_3.2m"},"geometry":{"type":"Polygon","coordinates":[[[139.768215,35.673626],[139.76796,35.673803],[139.76802,35.67386],[139.768173,35.673753],[139.768206,35.673784],[139.768188,35.673797],[139.768216,35.673825],[139.768223,35.67382],[139.768243,35.673839],[139.7683,35.673799],[139.768359,35.673854],[139.768415,35.673816],[139.768366,35.673769],[139.768215,35.673626]]]}},{"type":"Feature","properties":{"osm_type":"way","osm_id":149164050,"building":"yes","source_height_m":null,"source_levels":null,"display_height_m":14.0,"height_basis":"visual_fallback"},"geometry":{"type":"Polygon","coordinates":[[[139.769096,35.674374],[139.76913,35.674409],[139.769218,35.674352],[139.769286,35.674421],[139.769381,35.674359],[139.7694,35.674338],[139.769405,35.674323],[139.769406,35.67431],[139.769321,35.674229],[139.769096,35.674374]]]}},{"type":"Feature","properties":{"osm_type":"way","osm_id":149166343,"building":"yes","source_height_m":null,"source_levels":null,"display_height_m":23.0,"height_basis":"visual_fallback"},"geometry":{"type":"Polygon","coordinates":[[[139.767323,35.67252],[139.767461,35.672428],[139.767362,35.67233],[139.767224,35.672422],[139.767323,35.67252]]]}},{"type":"Feature","properties":{"osm_type":"way","osm_id":149166347,"building":"yes","source_height_m":null,"source_levels":null,"display_height_m":20.0,"height_basis":"visual_fallback"},"geometry":{"type":"Polygon","coordinates":[[[139.768057,35.673049],[139.768225,35.672955],[139.768189,35.672912],[139.76802,35.673005],[139.768057,35.673049]]]}},{"type":"Feature","properties":{"osm_type":"way","osm_id":149166351,"building":"yes","source_height_m":null,"source_levels":null,"display_height_m":17.0,"height_basis":"visual_fallback"},"geometry":{"type":"Polygon","coordinates":[[[139.767372,35.672325],[139.767469,35.672422],[139.767547,35.672371],[139.767451,35.672274],[139.767372,35.672325]]]}},{"type":"Feature","properties":{"osm_type":"way","osm_id":149166355,"building":"yes","source_height_m":null,"source_levels":null,"display_height_m":14.0,"height_basis":"visual_fallback"},"geometry":{"type":"Polygon","coordinates":[[[139.768102,35.6731],[139.768267,35.673008],[139.768225,35.672959],[139.768061,35.673051],[139.768102,35.6731]]]}},{"type":"Feature","properties":{"osm_type":"way","osm_id":149166357,"building":"yes","source_height_m":null,"source_levels":null,"display_height_m":20.0,"height_basis":"visual_fallback"},"geometry":{"type":"Polygon","coordinates":[[[139.768161,35.673161],[139.768316,35.673074],[139.768265,35.673014],[139.76811,35.6731],[139.768161,35.673161]]]}},{"type":"Feature","properties":{"osm_type":"way","osm_id":149166359,"building":"yes","source_height_m":null,"source_levels":null,"display_height_m":26.0,"height_basis":"visual_fallback"},"geometry":{"type":"Polygon","coordinates":[[[139.766694,35.671829],[139.76682,35.671966],[139.766964,35.671879],[139.766837,35.671742],[139.766694,35.671829]]]}},{"type":"Feature","properties":{"osm_type":"way","osm_id":149166360,"building":"yes","source_height_m":null,"source_levels":null,"display_height_m":14.0,"height_basis":"visual_fallback"},"geometry":{"type":"Polygon","coordinates":[[[139.767208,35.672148],[139.767266,35.672215],[139.767298,35.672196],[139.767241,35.67213],[139.767208,35.672148]]]}},{"type":"Feature","properties":{"osm_type":"way","osm_id":149166362,"building":"yes","source_height_m":null,"source_levels":null,"display_height_m":20.0,"height_basis":"visual_fallback"},"geometry":{"type":"Polygon","coordinates":[[[139.766939,35.671583],[139.767026,35.671686],[139.767149,35.671617],[139.767063,35.671515],[139.766939,35.671583]]]}},{"type":"Feature","properties":{"osm_type":"way","osm_id":149166363,"building":"yes","source_height_m":null,"source_levels":null,"display_height_m":23.0,"height_basis":"visual_fallback"},"geometry":{"type":"Polygon","coordinates":[[[139.767727,35.672935],[139.767825,35.672872],[139.767802,35.672849],[139.767704,35.672911],[139.767727,35.672935]]]}},{"type":"Feature","properties":{"osm_type":"way","osm_id":149166366,"building":"yes","source_height_m":null,"source_levels":null,"display_height_m":17.0,"height_basis":"visual_fallback"},"geometry":{"type":"Polygon","coordinates":[[[139.767433,35.672628],[139.7677,35.672905],[139.767829,35.672822],[139.767565,35.672539],[139.767433,35.672628]]]}},{"type":"Feature","properties":{"osm_type":"way","osm_id":149166367,"building":"yes","source_height_m":null,"source_levels":null,"display_height_m":20.0,"height_basis":"visual_fallback"},"geometry":{"type":"Polygon","coordinates":[[[139.767696,35.673235],[139.767809,35.67316],[139.767767,35.673118],[139.767653,35.673193],[139.767696,35.673235]]]}},{"type":"Feature","properties":{"osm_type":"way","osm_id":149166369,"building":"yes","source_height_m":null,"source_levels":null,"display_height_m":26.0,"height_basis":"visual_fallback"},"geometry":{"type":"Polygon","coordinates":[[[139.767304,35.672345],[139.767348,35.67232],[139.767275,35.672236],[139.767231,35.672261],[139.767304,35.672345]]]}},{"type":"Feature","properties":{"osm_type":"way","osm_id":149166371,"building":"yes","source_height_m":null,"source_levels":null,"display_height_m":17.0,"height_basis":"visual_fallback"},"geometry":{"type":"Polygon","coordinates":[[[139.768185,35.672906],[139.767985,35.672669],[139.767813,35.672765],[139.768013,35.673002],[139.768185,35.672906]]]}},{"type":"Feature","properties":{"osm_type":"way","osm_id":149166372,"building":"yes","source_height_m":null,"source_levels":null,"display_height_m":20.0,"height_basis":"visual_fallback"},"geometry":{"type":"Polygon","coordinates":[[[139.767602,35.67315],[139.767726,35.673068],[139.767688,35.673031],[139.767564,35.673112],[139.767602,35.67315]]]}},{"type":"Feature","properties":{"osm_type":"way","osm_id":149166375,"building":"yes","source_height_m":null,"source_levels":null,"display_height_m":14.0,"height_basis":"visual_fallback"},"geometry":{"type":"Polygon","coordinates":[[[139.76765,35.673188],[139.767765,35.673112],[139.767726,35.673073],[139.767611,35.673149],[139.76765,35.673188]]]}},{"type":"Feature","properties":{"osm_type":"way","osm_id":149166376,"building":"yes","source_height_m":null,"source_levels":null,"display_height_m":17.0,"height_basis":"visual_fallback"},"geometry":{"type":"Polygon","coordinates":[[[139.767351,35.672318],[139.767436,35.672262],[139.767406,35.672232],[139.767321,35.672289],[139.767351,35.672318]]]}},{"type":"Feature","properties":{"osm_type":"way","osm_id":149166380,"building":"yes","source_height_m":null,"source_levels":null,"display_height_m":14.0,"height_basis":"visual_fallback"},"geometry":{"type":"Polygon","coordinates":[[[139.767562,35.673108],[139.767683,35.673028],[139.767651,35.672996],[139.76753,35.673077],[139.767562,35.673108]]]}},{"type":"Feature","properties":{"osm_type":"way","osm_id":149166381,"building":"yes","source_height_m":null,"source_levels":null,"display_height_m":17.0,"height_basis":"visual_fallback"},"geometry":{"type":"Polygon","coordinates":[[[139.767281,35.672229],[139.767324,35.672278],[139.767404,35.672232],[139.767362,35.672183],[139.767281,35.672229]]]}},{"type":"Feature","properties":{"osm_type":"way","osm_id":149166384,"building":"yes","source_height_m":null,"source_levels":null,"display_height_m":26.0,"height_basis":"visual_fallback"},"geometry":{"type":"Polygon","coordinates":[[[139.767239,35.672124],[139.767305,35.6722],[139.767359,35.672169],[139.767293,35.672093],[139.767239,35.672124]]]}},{"type":"Feature","properties":{"osm_type":"way","osm_id":149166385,"building":"yes","source_height_m":null,"source_levels":null,"display_height_m":14.0,"height_basis":"visual_fallback"},"geometry":{"type":"Polygon","coordinates":[[[139.767903,35.672704],[139.767994,35.672655],[139.767959,35.672612],[139.767868,35.67266],[139.767903,35.672704]]]}},{"type":"Feature","properties":{"osm_type":"way","osm_id":149166387,"building":"yes","source_height_m":null,"source_levels":null,"display_height_m":20.0,"height_basis":"visual_fallback"},"geometry":{"type":"Polygon","coordinates":[[[139.767852,35.673067],[139.767953,35.673171],[139.76808,35.67309],[139.767979,35.672986],[139.767852,35.673067]]]}},{"type":"Feature","properties":{"osm_type":"way","osm_id":149166388,"building":"yes","source_height_m":null,"source_levels":null,"display_height_m":23.0,"height_basis":"visual_fallback"},"geometry":{"type":"Polygon","coordinates":[[[139.768246,35.673261],[139.768394,35.673184],[139.768319,35.673089],[139.768171,35.673165],[139.768246,35.673261]]]}},{"type":"Feature","properties":{"osm_type":"way","osm_id":149166390,"building":"yes","source_height_m":null,"source_levels":null,"display_height_m":14.0,"height_basis":"visual_fallback"},"geometry":{"type":"Polygon","coordinates":[[[139.767804,35.673017],[139.767849,35.673063],[139.767976,35.672982],[139.767931,35.672936],[139.767804,35.673017]]]}},{"type":"Feature","properties":{"osm_type":"way","osm_id":149166391,"building":"yes","source_height_m":null,"source_levels":null,"display_height_m":17.0,"height_basis":"visual_fallback"},"geometry":{"type":"Polygon","coordinates":[[[139.767255,35.671988],[139.767355,35.672111],[139.767479,35.672045],[139.767379,35.671921],[139.767255,35.671988]]]}},{"type":"Feature","properties":{"osm_type":"way","osm_id":149166392,"building":"yes","source_height_m":null,"source_levels":null,"display_height_m":20.0,"height_basis":"visual_fallback"},"geometry":{"type":"Polygon","coordinates":[[[139.767032,35.671692],[139.767062,35.671727],[139.767184,35.671659],[139.767154,35.671624],[139.767032,35.671692]]]}},{"type":"Feature","properties":{"osm_type":"way","osm_id":149166393,"building":"yes","source_height_m":null,"source_levels":null,"display_height_m":23.0,"height_basis":"visual_fallback"},"geometry":{"type":"Polygon","coordinates":[[[139.76799,35.673207],[139.768119,35.673125],[139.768087,35.673091],[139.767958,35.673174],[139.76799,35.673207]]]}},{"type":"Feature","properties":{"osm_type":"way","osm_id":149166394,"building":"yes","source_height_m":null,"source_levels":null,"display_height_m":26.0,"height_basis":"visual_fallback"},"geometry":{"type":"Polygon","coordinates":[[[139.76756,35.672358],[139.767655,35.672296],[139.767632,35.672265],[139.767653,35.672251],[139.76749,35.672051],[139.767359,35.672122],[139.767476,35.672264],[139.767461,35.672274],[139.76756,35.672358]]]}},{"type":"Feature","properties":{"osm_type":"way","osm_id":149166396,"building":"yes","source_height_m":null,"source_levels":null,"display_height_m":17.0,"height_basis":"visual_fallback"},"geometry":{"type":"Polygon","coordinates":[[[139.767128,35.671821],[139.767259,35.671749],[139.767194,35.671671],[139.767063,35.671744],[139.767128,35.671821]]]}},{"type":"Feature","properties":{"osm_type":"way","osm_id":149166397,"building":"yes","source_height_m":null,"source_levels":null,"display_height_m":20.0,"height_basis":"visual_fallback"},"geometry":{"type":"Polygon","coordinates":[[[139.767211,35.67241],[139.767302,35.672348],[139.767264,35.672311],[139.767173,35.672372],[139.767211,35.67241]]]}},{"type":"Feature","properties":{"osm_type":"way","osm_id":149166399,"building":"yes","source_height_m":null,"source_levels":null,"display_height_m":26.0,"height_basis":"visual_fallback"},"geometry":{"type":"Polygon","coordinates":[[[139.76805,35.673275],[139.768183,35.673191],[139.768125,35.673131],[139.767993,35.673216],[139.76805,35.673275]]]}},{"type":"Feature","properties":{"osm_type":"way","osm_id":149166402,"building":"yes","source_height_m":null,"source_levels":null,"display_height_m":20.0,"height_basis":"visual_fallback"},"geometry":{"type":"Polygon","coordinates":[[[139.767163,35.672327],[139.767239,35.672282],[139.767193,35.672231],[139.767118,35.672276],[139.767163,35.672327]]]}},{"type":"Feature","properties":{"osm_type":"way","osm_id":149166403,"building":"yes","source_height_m":null,"source_levels":7.0,"display_height_m":22.4,"height_basis":"osm_levels_x_3.2m"},"geometry":{"type":"Polygon","coordinates":[[[139.767282,35.67288],[139.767444,35.672775],[139.767363,35.67269],[139.767203,35.672799],[139.767282,35.67288]]]}},{"type":"Feature","properties":{"osm_type":"way","osm_id":149166404,"building":"retail","source_height_m":null,"source_levels":null,"display_height_m":26.0,"height_basis":"visual_fallback"},"geometry":{"type":"Polygon","coordinates":[[[139.768472,35.673443],[139.768573,35.673546],[139.768664,35.673486],[139.768581,35.6734],[139.768548,35.673394],[139.768472,35.673443]]]}},{"type":"Feature","properties":{"osm_type":"way","osm_id":149166406,"building":"yes","source_height_m":null,"source_levels":null,"display_height_m":17.0,"height_basis":"visual_fallback"},"geometry":{"type":"Polygon","coordinates":[[[139.767072,35.672226],[139.767116,35.672272],[139.767174,35.672236],[139.76713,35.67219],[139.767072,35.672226]]]}},{"type":"Feature","properties":{"osm_type":"way","osm_id":149166407,"building":"yes","source_height_m":null,"source_levels":null,"display_height_m":20.0,"height_basis":"visual_fallback"},"geometry":{"type":"Polygon","coordinates":[[[139.767574,35.672533],[139.767637,35.672592],[139.767844,35.672479],[139.767763,35.672399],[139.767574,35.672533]]]}},{"type":"Feature","properties":{"osm_type":"way","osm_id":149166409,"building":"yes","source_height_m":null,"source_levels":null,"display_height_m":26.0,"height_basis":"visual_fallback"},"geometry":{"type":"Polygon","coordinates":[[[139.768335,35.673356],[139.768441,35.673288],[139.768447,35.673254],[139.768394,35.673195],[139.768253,35.673267],[139.768335,35.673356]]]}},{"type":"Feature","properties":{"osm_type":"way","osm_id":149166410,"building":"yes","source_height_m":null,"source_levels":null,"display_height_m":14.0,"height_basis":"visual_fallback"},"geometry":{"type":"Polygon","coordinates":[[[139.766854,35.671484],[139.766935,35.671579],[139.767055,35.671512],[139.766996,35.671439],[139.76695,35.67143],[139.766854,35.671484]]]}},{"type":"Feature","properties":{"osm_type":"way","osm_id":149166411,"building":"yes","source_height_m":null,"source_levels":null,"display_height_m":17.0,"height_basis":"visual_fallback"},"geometry":{"type":"Polygon","coordinates":[[[139.76714,35.672191],[139.767176,35.672233],[139.767196,35.672222],[139.767225,35.672256],[139.767271,35.67223],[139.767206,35.672154],[139.76714,35.672191]]]}},{"type":"Feature","properties":{"osm_type":"way","osm_id":149166412,"building":"yes","source_height_m":null,"source_levels":11.0,"display_height_m":35.2,"height_basis":"osm_levels_x_3.2m"},"geometry":{"type":"Polygon","coordinates":[[[139.768572,35.673555],[139.768474,35.673453],[139.7683,35.673567],[139.768517,35.673787],[139.768767,35.673621],[139.768657,35.673502],[139.768572,35.673555]]]}},{"type":"Feature","properties":{"osm_type":"way","osm_id":149166414,"building":"yes","source_height_m":null,"source_levels":null,"display_height_m":26.0,"height_basis":"visual_fallback"},"geometry":{"type":"Polygon","coordinates":[[[139.767803,35.672752],[139.7679,35.672703],[139.767865,35.67266],[139.767946,35.672615],[139.767839,35.672488],[139.767641,35.672596],[139.767803,35.672752]]]}},{"type":"Feature","properties":{"osm_type":"way","osm_id":149166415,"building":"yes","source_height_m":null,"source_levels":10.0,"display_height_m":32.0,"height_basis":"osm_levels_x_3.2m"},"geometry":{"type":"Polygon","coordinates":[[[139.767278,35.672886],[139.767196,35.672804],[139.767028,35.672916],[139.767179,35.67306],[139.767507,35.672843],[139.767445,35.672777],[139.767278,35.672886]]]}},{"type":"Feature","properties":{"osm_type":"way","osm_id":149166416,"building":"yes","source_height_m":null,"source_levels":null,"display_height_m":17.0,"height_basis":"visual_fallback"},"geometry":{"type":"Polygon","coordinates":[[[139.768249,35.673338],[139.768184,35.673266],[139.768217,35.673246],[139.768185,35.673212],[139.768049,35.673299],[139.768196,35.673453],[139.768336,35.67336],[139.768288,35.67331],[139.768249,35.673338]]]}},{"type":"Feature","properties":{"osm_type":"way","osm_id":149166417,"building":"yes","source_height_m":null,"source_levels":null,"display_height_m":20.0,"height_basis":"visual_fallback"},"geometry":{"type":"Polygon","coordinates":[[[139.76744,35.673015],[139.767431,35.673006],[139.767256,35.673122],[139.767416,35.67328],[139.76759,35.673164],[139.767508,35.673083],[139.767648,35.67299],[139.76758,35.672922],[139.76744,35.673015]]]}},{"type":"Feature","properties":{"osm_type":"way","osm_id":149166418,"building":"yes","source_height_m":null,"source_levels":null,"display_height_m":23.0,"height_basis":"visual_fallback"},"geometry":{"type":"Polygon","coordinates":[[[139.766884,35.672033],[139.767046,35.672208],[139.767267,35.672076],[139.767254,35.672055],[139.767279,35.672038],[139.767132,35.671881],[139.766884,35.672033]]]}},{"type":"Feature","properties":{"osm_type":"way","osm_id":149167540,"building":"yes","source_height_m":null,"source_levels":null,"display_height_m":14.0,"height_basis":"visual_fallback"},"geometry":{"type":"Polygon","coordinates":[[[139.761141,35.672219],[139.761132,35.672072],[139.76093,35.672081],[139.76095,35.672259],[139.761977,35.672561],[139.762006,35.672561],[139.762036,35.672554],[139.762055,35.672541],[139.762074,35.67252],[139.762081,35.672496],[139.762079,35.672466],[139.762075,35.672449],[139.762062,35.672427],[139.762032,35.672411],[139.761876,35.672367],[139.761885,35.672346],[139.761674,35.672286],[139.761639,35.672367],[139.761141,35.672219]]]}},{"type":"Feature","properties":{"osm_type":"way","osm_id":149167541,"building":"yes","source_height_m":null,"source_levels":null,"display_height_m":17.0,"height_basis":"visual_fallback"},"geometry":{"type":"Polygon","coordinates":[[[139.761566,35.672071],[139.761657,35.672064],[139.761648,35.671988],[139.761557,35.671995],[139.761566,35.672071]]]}},{"type":"Feature","properties":{"osm_type":"way","osm_id":149167542,"building":"yes","source_height_m":null,"source_levels":null,"display_height_m":20.0,"height_basis":"visual_fallback"},"geometry":{"type":"Polygon","coordinates":[[[139.761661,35.672064],[139.761725,35.672059],[139.761718,35.672001],[139.761654,35.672006],[139.761661,35.672064]]]}},{"type":"Feature","properties":{"osm_type":"way","osm_id":149167543,"building":"yes","source_height_m":66.0,"source_levels":11.0,"display_height_m":66.0,"height_basis":"osm_height"},"geometry":{"type":"Polygon","coordinates":[[[139.761925,35.671901],[139.762725,35.672653],[139.762945,35.67252],[139.762952,35.672429],[139.762214,35.671726],[139.762174,35.671726],[139.761925,35.671901]]]}},{"type":"Feature","properties":{"osm_type":"way","osm_id":149167545,"building":"yes","source_height_m":null,"source_levels":null,"display_height_m":14.0,"height_basis":"visual_fallback"},"geometry":{"type":"Polygon","coordinates":[[[139.761731,35.672058],[139.761816,35.672051],[139.761894,35.671992],[139.761843,35.671946],[139.761807,35.671974],[139.761722,35.671981],[139.761731,35.672058]]]}},{"type":"Feature","properties":{"osm_type":"way","osm_id":149167548,"building":"yes","source_height_m":null,"source_levels":null,"display_height_m":23.0,"height_basis":"visual_fallback"},"geometry":{"type":"Polygon","coordinates":[[[139.761838,35.672077],[139.762043,35.672269],[139.762114,35.672219],[139.761909,35.672027],[139.761906,35.672029],[139.761891,35.672015],[139.761826,35.672061],[139.761841,35.672075],[139.761838,35.672077]]]}},{"type":"Feature","properties":{"osm_type":"way","osm_id":149169035,"building":"yes","source_height_m":null,"source_levels":null,"display_height_m":14.0,"height_basis":"visual_fallback"},"geometry":{"type":"Polygon","coordinates":[[[139.762738,35.67184],[139.762901,35.67172],[139.762722,35.671555],[139.762555,35.671686],[139.762738,35.67184]]]}},{"type":"Feature","properties":{"osm_type":"way","osm_id":149169036,"building":"yes","source_height_m":null,"source_levels":null,"display_height_m":17.0,"height_basis":"visual_fallback"},"geometry":{"type":"Polygon","coordinates":[[[139.76275,35.671851],[139.762985,35.672068],[139.763151,35.671949],[139.762917,35.671732],[139.76275,35.671851]]]}},{"type":"Feature","properties":{"osm_type":"way","osm_id":149169037,"building":"yes","source_height_m":null,"source_levels":null,"display_height_m":20.0,"height_basis":"visual_fallback"},"geometry":{"type":"Polygon","coordinates":[[[139.761571,35.670609],[139.761671,35.670699],[139.761729,35.670657],[139.761629,35.670566],[139.761571,35.670609]]]}},{"type":"Feature","properties":{"osm_type":"way","osm_id":149169038,"building":"yes","source_height_m":null,"source_levels":null,"display_height_m":23.0,"height_basis":"visual_fallback"},"geometry":{"type":"Polygon","coordinates":[[[139.761661,35.670856],[139.761733,35.670804],[139.761676,35.670752],[139.761604,35.670805],[139.761661,35.670856]]]}},{"type":"Feature","properties":{"osm_type":"way","osm_id":149169040,"building":"yes","source_height_m":null,"source_levels":null,"display_height_m":14.0,"height_basis":"visual_fallback"},"geometry":{"type":"Polygon","coordinates":[[[139.762541,35.671498],[139.762655,35.671596],[139.762714,35.671551],[139.7626,35.671452],[139.762541,35.671498]]]}},{"type":"Feature","properties":{"osm_type":"way","osm_id":149169041,"building":"yes","source_height_m":null,"source_levels":null,"display_height_m":17.0,"height_basis":"visual_fallback"},"geometry":{"type":"Polygon","coordinates":[[[139.76177,35.670961],[139.761911,35.670859],[139.761805,35.670762],[139.761664,35.670864],[139.76177,35.670961]]]}},{"type":"Feature","properties":{"osm_type":"way","osm_id":149169042,"building":"yes","source_height_m":null,"source_levels":null,"display_height_m":20.0,"height_basis":"visual_fallback"},"geometry":{"type":"Polygon","coordinates":[[[139.761738,35.670798],[139.761812,35.670744],[139.761755,35.670692],[139.761681,35.670746],[139.761738,35.670798]]]}},{"type":"Feature","properties":{"osm_type":"way","osm_id":149169043,"building":"yes","source_height_m":null,"source_levels":null,"display_height_m":23.0,"height_basis":"visual_fallback"},"geometry":{"type":"Polygon","coordinates":[[[139.762546,35.671681],[139.762654,35.671599],[139.76254,35.6715],[139.76246,35.671568],[139.762457,35.671604],[139.762546,35.671681]]]}},{"type":"Feature","properties":{"osm_type":"way","osm_id":149169044,"building":"yes","source_height_m":null,"source_levels":5.0,"display_height_m":16.0,"height_basis":"osm_levels_x_3.2m"},"geometry":{"type":"Polygon","coordinates":[[[139.761554,35.670743],[139.761642,35.670679],[139.761566,35.67061],[139.761501,35.670657],[139.761498,35.670691],[139.761554,35.670743]]]}},{"type":"Feature","properties":{"osm_type":"way","osm_id":149169045,"building":"yes","source_height_m":null,"source_levels":null,"display_height_m":14.0,"height_basis":"visual_fallback"},"geometry":{"type":"Polygon","coordinates":[[[139.761695,35.670732],[139.761751,35.670691],[139.761723,35.670666],[139.761666,35.670706],[139.761643,35.670685],[139.761545,35.670756],[139.761596,35.670803],[139.761695,35.670732]]]}},{"type":"Feature","properties":{"osm_type":"way","osm_id":149314567,"building":"yes","source_height_m":null,"source_levels":null,"display_height_m":20.0,"height_basis":"visual_fallback"},"geometry":{"type":"Polygon","coordinates":[[[139.763708,35.671157],[139.763786,35.671231],[139.763887,35.67116],[139.763809,35.671086],[139.763708,35.671157]]]}},{"type":"Feature","properties":{"osm_type":"way","osm_id":149314568,"building":"yes","source_height_m":null,"source_levels":null,"display_height_m":23.0,"height_basis":"visual_fallback"},"geometry":{"type":"Polygon","coordinates":[[[139.763315,35.671849],[139.763161,35.671707],[139.763076,35.671768],[139.763492,35.672152],[139.763577,35.672091],[139.763403,35.671931],[139.763423,35.671916],[139.763368,35.671865],[139.763393,35.671847],[139.76336,35.671817],[139.763315,35.671849]]]}},{"type":"Feature","properties":{"osm_type":"way","osm_id":149314570,"building":"yes","source_height_m":null,"source_levels":null,"display_height_m":14.0,"height_basis":"visual_fallback"},"geometry":{"type":"Polygon","coordinates":[[[139.76339,35.671458],[139.763456,35.671518],[139.763541,35.671457],[139.763475,35.671397],[139.76339,35.671458]]]}},{"type":"Feature","properties":{"osm_type":"way","osm_id":149314571,"building":"yes","source_height_m":null,"source_levels":null,"display_height_m":17.0,"height_basis":"visual_fallback"},"geometry":{"type":"Polygon","coordinates":[[[139.76343,35.671914],[139.763559,35.671823],[139.763507,35.671776],[139.763379,35.671867],[139.76343,35.671914]]]}},{"type":"Feature","properties":{"osm_type":"way","osm_id":149314574,"building":"yes","source_height_m":null,"source_levels":null,"display_height_m":26.0,"height_basis":"visual_fallback"},"geometry":{"type":"Polygon","coordinates":[[[139.763824,35.671735],[139.763929,35.671832],[139.763994,35.671786],[139.763889,35.671689],[139.763824,35.671735]]]}},{"type":"Feature","properties":{"osm_type":"way","osm_id":149314575,"building":"yes","source_height_m":null,"source_levels":null,"display_height_m":14.0,"height_basis":"visual_fallback"},"geometry":{"type":"Polygon","coordinates":[[[139.763089,35.671596],[139.763214,35.671507],[139.763133,35.671432],[139.763009,35.671521],[139.763089,35.671596]]]}},{"type":"Feature","properties":{"osm_type":"way","osm_id":149314577,"building":"yes","source_height_m":null,"source_levels":null,"display_height_m":20.0,"height_basis":"visual_fallback"},"geometry":{"type":"Polygon","coordinates":[[[139.762926,35.671641],[139.763028,35.671568],[139.762968,35.671513],[139.762866,35.671586],[139.762926,35.671641]]]}},{"type":"Feature","properties":{"osm_type":"way","osm_id":149314578,"building":"commercial","source_height_m":null,"source_levels":null,"display_height_m":23.0,"height_basis":"visual_fallback"},"geometry":{"type":"Polygon","coordinates":[[[139.763381,35.67115],[139.763432,35.671199],[139.76348,35.671165],[139.763489,35.671173],[139.763547,35.671132],[139.763486,35.671076],[139.763381,35.67115]]]}},{"type":"Feature","properties":{"osm_type":"way","osm_id":149314579,"building":"yes","source_height_m":null,"source_levels":null,"display_height_m":26.0,"height_basis":"visual_fallback"},"geometry":{"type":"Polygon","coordinates":[[[139.763621,35.671406],[139.76374,35.671321],[139.763716,35.671299],[139.763597,35.671383],[139.763621,35.671406]]]}},{"type":"Feature","properties":{"osm_type":"way","osm_id":149314580,"building":"yes","source_height_m":null,"source_levels":null,"display_height_m":14.0,"height_basis":"visual_fallback"},"geometry":{"type":"Polygon","coordinates":[[[139.76373,35.67093],[139.763753,35.670914],[139.76366,35.670828],[139.76368,35.670813],[139.763594,35.670734],[139.763529,35.67078],[139.763677,35.670917],[139.763667,35.670924],[139.763708,35.670961],[139.763739,35.670938],[139.76373,35.67093]]]}},{"type":"Feature","properties":{"osm_type":"way","osm_id":149314581,"building":"yes","source_height_m":null,"source_levels":null,"display_height_m":17.0,"height_basis":"visual_fallback"},"geometry":{"type":"Polygon","coordinates":[[[139.763662,35.671705],[139.763808,35.671607],[139.763762,35.671562],[139.763616,35.671661],[139.763662,35.671705]]]}},{"type":"Feature","properties":{"osm_type":"way","osm_id":149314583,"building":"yes","source_height_m":null,"source_levels":null,"display_height_m":23.0,"height_basis":"visual_fallback"},"geometry":{"type":"Polygon","coordinates":[[[139.762863,35.67158],[139.762958,35.671512],[139.762929,35.671486],[139.762834,35.671554],[139.762863,35.67158]]]}},{"type":"Feature","properties":{"osm_type":"way","osm_id":149314584,"building":"yes","source_height_m":null,"source_levels":null,"display_height_m":26.0,"height_basis":"visual_fallback"},"geometry":{"type":"Polygon","coordinates":[[[139.762967,35.670461],[139.763131,35.670611],[139.763247,35.670527],[139.763282,35.670559],[139.763351,35.670509],[139.7633,35.670462],[139.763354,35.670423],[139.763206,35.670288],[139.762967,35.670461]]]}},{"type":"Feature","properties":{"osm_type":"way","osm_id":149314587,"building":"yes","source_height_m":null,"source_levels":null,"display_height_m":20.0,"height_basis":"visual_fallback"},"geometry":{"type":"Polygon","coordinates":[[[139.764116,35.671314],[139.764341,35.671519],[139.764453,35.671437],[139.764228,35.671233],[139.764116,35.671314]]]}},{"type":"Feature","properties":{"osm_type":"way","osm_id":149314588,"building":"yes","source_height_m":null,"source_levels":null,"display_height_m":23.0,"height_basis":"visual_fallback"},"geometry":{"type":"Polygon","coordinates":[[[139.763673,35.670828],[139.763713,35.670865],[139.763791,35.670809],[139.763751,35.670772],[139.763673,35.670828]]]}},{"type":"Feature","properties":{"osm_type":"way","osm_id":149314589,"building":"yes","source_height_m":null,"source_levels":null,"display_height_m":26.0,"height_basis":"visual_fallback"},"geometry":{"type":"Polygon","coordinates":[[[139.764034,35.670932],[139.764058,35.670954],[139.764159,35.670882],[139.764135,35.670859],[139.764034,35.670932]]]}},{"type":"Feature","properties":{"osm_type":"way","osm_id":149314591,"building":"yes","source_height_m":null,"source_levels":null,"display_height_m":17.0,"height_basis":"visual_fallback"},"geometry":{"type":"Polygon","coordinates":[[[139.762801,35.671525],[139.762896,35.671458],[139.762867,35.671431],[139.762773,35.671499],[139.762801,35.671525]]]}},{"type":"Feature","properties":{"osm_type":"way","osm_id":149314592,"building":"yes","source_height_m":null,"source_levels":null,"display_height_m":20.0,"height_basis":"visual_fallback"},"geometry":{"type":"Polygon","coordinates":[[[139.763283,35.670755],[139.763397,35.670672],[139.763259,35.670546],[139.763145,35.670629],[139.763283,35.670755]]]}},{"type":"Feature","properties":{"osm_type":"way","osm_id":149314593,"building":"yes","source_height_m":null,"source_levels":null,"display_height_m":23.0,"height_basis":"visual_fallback"},"geometry":{"type":"Polygon","coordinates":[[[139.763765,35.671023],[139.763806,35.670994],[139.763757,35.670949],[139.763716,35.670978],[139.763765,35.671023]]]}},{"type":"Feature","properties":{"osm_type":"way","osm_id":149314594,"building":"yes","source_height_m":null,"source_levels":null,"display_height_m":26.0,"height_basis":"visual_fallback"},"geometry":{"type":"Polygon","coordinates":[[[139.76399,35.671435],[139.764058,35.671386],[139.764033,35.671364],[139.763965,35.671412],[139.76399,35.671435]]]}},{"type":"Feature","properties":{"osm_type":"way","osm_id":149314596,"building":"yes","source_height_m":null,"source_levels":null,"display_height_m":17.0,"height_basis":"visual_fallback"},"geometry":{"type":"Polygon","coordinates":[[[139.763724,35.670885],[139.763763,35.670921],[139.763834,35.67087],[139.763795,35.670834],[139.763724,35.670885]]]}},{"type":"Feature","properties":{"osm_type":"way","osm_id":149314597,"building":"yes","source_height_m":null,"source_levels":null,"display_height_m":20.0,"height_basis":"visual_fallback"},"geometry":{"type":"Polygon","coordinates":[[[139.764272,35.670952],[139.764328,35.67101],[139.764477,35.670903],[139.764422,35.67085],[139.764272,35.670952]]]}},{"type":"Feature","properties":{"osm_type":"way","osm_id":149314598,"building":"yes","source_height_m":null,"source_levels":null,"display_height_m":23.0,"height_basis":"visual_fallback"},"geometry":{"type":"Polygon","coordinates":[[[139.764607,35.671332],[139.764666,35.671291],[139.76453,35.671162],[139.76447,35.671203],[139.764607,35.671332]]]}},{"type":"Feature","properties":{"osm_type":"way","osm_id":149314600,"building":"yes","source_height_m":null,"source_levels":null,"display_height_m":14.0,"height_basis":"visual_fallback"},"geometry":{"type":"Polygon","coordinates":[[[139.763917,35.67117],[139.763951,35.671201],[139.764096,35.671097],[139.764062,35.671066],[139.763917,35.67117]]]}},{"type":"Feature","properties":{"osm_type":"way","osm_id":149314601,"building":"yes","source_height_m":null,"source_levels":null,"display_height_m":17.0,"height_basis":"visual_fallback"},"geometry":{"type":"Polygon","coordinates":[[[139.763689,35.671153],[139.763796,35.671076],[139.763745,35.67103],[139.763639,35.671106],[139.763689,35.671153]]]}},{"type":"Feature","properties":{"osm_type":"way","osm_id":149314602,"building":"yes","source_height_m":null,"source_levels":null,"display_height_m":20.0,"height_basis":"visual_fallback"},"geometry":{"type":"Polygon","coordinates":[[[139.764102,35.671263],[139.764134,35.671292],[139.764222,35.671228],[139.76419,35.6712],[139.764102,35.671263]]]}},{"type":"Feature","properties":{"osm_type":"way","osm_id":149314603,"building":"yes","source_height_m":null,"source_levels":null,"display_height_m":23.0,"height_basis":"visual_fallback"},"geometry":{"type":"Polygon","coordinates":[[[139.764195,35.671069],[139.76424,35.671109],[139.764325,35.671044],[139.764279,35.671005],[139.764195,35.671069]]]}},{"type":"Feature","properties":{"osm_type":"way","osm_id":149314604,"building":"yes","source_height_m":null,"source_levels":null,"display_height_m":26.0,"height_basis":"visual_fallback"},"geometry":{"type":"Polygon","coordinates":[[[139.763769,35.671032],[139.763819,35.671078],[139.763959,35.670978],[139.763909,35.670932],[139.763769,35.671032]]]}},{"type":"Feature","properties":{"osm_type":"way","osm_id":149314606,"building":"yes","source_height_m":null,"source_levels":null,"display_height_m":17.0,"height_basis":"visual_fallback"},"geometry":{"type":"Polygon","coordinates":[[[139.76327,35.670968],[139.76337,35.671058],[139.763424,35.671018],[139.763324,35.670928],[139.76327,35.670968]]]}},{"type":"Feature","properties":{"osm_type":"way","osm_id":149314608,"building":"yes","source_height_m":null,"source_levels":null,"display_height_m":23.0,"height_basis":"visual_fallback"},"geometry":{"type":"Polygon","coordinates":[[[139.763096,35.671089],[139.763175,35.671163],[139.763273,35.671095],[139.763194,35.67102],[139.763096,35.671089]]]}},{"type":"Feature","properties":{"osm_type":"way","osm_id":149314609,"building":"yes","source_height_m":null,"source_levels":null,"display_height_m":26.0,"height_basis":"visual_fallback"},"geometry":{"type":"Polygon","coordinates":[[[139.763852,35.671298],[139.763928,35.671369],[139.764037,35.671292],[139.763961,35.671221],[139.763852,35.671298]]]}},{"type":"Feature","properties":{"osm_type":"way","osm_id":149314611,"building":"yes","source_height_m":null,"source_levels":null,"display_height_m":17.0,"height_basis":"visual_fallback"},"geometry":{"type":"Polygon","coordinates":[[[139.763326,35.6714],[139.763384,35.671453],[139.763482,35.671383],[139.763414,35.67132],[139.763344,35.671371],[139.763354,35.67138],[139.763326,35.6714]]]}},{"type":"Feature","properties":{"osm_type":"way","osm_id":149314613,"building":"yes","source_height_m":null,"source_levels":null,"display_height_m":23.0,"height_basis":"visual_fallback"},"geometry":{"type":"Polygon","coordinates":[[[139.763404,35.671842],[139.763504,35.67177],[139.763468,35.671737],[139.763368,35.671809],[139.763404,35.671842]]]}},{"type":"Feature","properties":{"osm_type":"way","osm_id":149314614,"building":"yes","source_height_m":null,"source_levels":null,"display_height_m":26.0,"height_basis":"visual_fallback"},"geometry":{"type":"Polygon","coordinates":[[[139.763582,35.672089],[139.763726,35.671986],[139.763559,35.671832],[139.763415,35.671935],[139.763582,35.672089]]]}},{"type":"Feature","properties":{"osm_type":"way","osm_id":149314615,"building":"yes","source_height_m":null,"source_levels":null,"display_height_m":14.0,"height_basis":"visual_fallback"},"geometry":{"type":"Polygon","coordinates":[[[139.76327,35.671605],[139.763279,35.671594],[139.763283,35.671582],[139.763284,35.67157],[139.76328,35.671559],[139.763225,35.671508],[139.762979,35.671684],[139.763039,35.671739],[139.763206,35.671619],[139.763225,35.671637],[139.76327,35.671605]]]}},{"type":"Feature","properties":{"osm_type":"way","osm_id":149314616,"building":"yes","source_height_m":null,"source_levels":null,"display_height_m":17.0,"height_basis":"visual_fallback"},"geometry":{"type":"Polygon","coordinates":[[[139.763165,35.6717],[139.763318,35.671841],[139.763468,35.671734],[139.763315,35.671592],[139.763165,35.6717]]]}},{"type":"Feature","properties":{"osm_type":"way","osm_id":149314619,"building":"commercial","source_height_m":null,"source_levels":null,"display_height_m":26.0,"height_basis":"visual_fallback"},"geometry":{"type":"Polygon","coordinates":[[[139.763669,35.671465],[139.763797,35.671375],[139.763746,35.671326],[139.763617,35.671416],[139.763669,35.671465]]]}},{"type":"Feature","properties":{"osm_type":"way","osm_id":149314622,"building":"yes","source_height_m":null,"source_levels":null,"display_height_m":20.0,"height_basis":"visual_fallback"},"geometry":{"type":"Polygon","coordinates":[[[139.763681,35.671469],[139.764005,35.671775],[139.764128,35.671689],[139.763804,35.671383],[139.763681,35.671469]]]}},{"type":"Feature","properties":{"osm_type":"way","osm_id":149314623,"building":"yes","source_height_m":null,"source_levels":null,"display_height_m":23.0,"height_basis":"visual_fallback"},"geometry":{"type":"Polygon","coordinates":[[[139.763003,35.67152],[139.763129,35.671429],[139.763042,35.671348],[139.762916,35.671439],[139.763003,35.67152]]]}},{"type":"Feature","properties":{"osm_type":"way","osm_id":149314625,"building":"yes","source_height_m":null,"source_levels":null,"display_height_m":14.0,"height_basis":"visual_fallback"},"geometry":{"type":"Polygon","coordinates":[[[139.76336,35.670513],[139.76342,35.670471],[139.763375,35.670428],[139.763315,35.67047],[139.76336,35.670513]]]}},{"type":"Feature","properties":{"osm_type":"way","osm_id":149314626,"building":"yes","source_height_m":null,"source_levels":null,"display_height_m":17.0,"height_basis":"visual_fallback"},"geometry":{"type":"Polygon","coordinates":[[[139.762966,35.671684],[139.763084,35.671599],[139.763047,35.671565],[139.762928,35.67165],[139.762966,35.671684]]]}},{"type":"Feature","properties":{"osm_type":"way","osm_id":149314629,"building":"yes","source_height_m":null,"source_levels":null,"display_height_m":26.0,"height_basis":"visual_fallback"},"geometry":{"type":"Polygon","coordinates":[[[139.763599,35.670729],[139.763686,35.67081],[139.763744,35.670769],[139.763656,35.670688],[139.763599,35.670729]]]}},{"type":"Feature","properties":{"osm_type":"way","osm_id":149314630,"building":"commercial","source_height_m":null,"source_levels":null,"display_height_m":14.0,"height_basis":"visual_fallback"},"geometry":{"type":"Polygon","coordinates":[[[139.763466,35.671523],[139.763613,35.671659],[139.763759,35.671554],[139.763612,35.671418],[139.763466,35.671523]]]}},{"type":"Feature","properties":{"osm_type":"way","osm_id":149314631,"building":"yes","source_height_m":null,"source_levels":null,"display_height_m":17.0,"height_basis":"visual_fallback"},"geometry":{"type":"Polygon","coordinates":[[[139.762831,35.671554],[139.762934,35.67148],[139.762905,35.671454],[139.762802,35.671528],[139.762831,35.671554]]]}},{"type":"Feature","properties":{"osm_type":"way","osm_id":149314634,"building":"yes","source_height_m":null,"source_levels":null,"display_height_m":26.0,"height_basis":"visual_fallback"},"geometry":{"type":"Polygon","coordinates":[[[139.763351,35.671083],[139.7634,35.671128],[139.763482,35.671069],[139.763434,35.671024],[139.763351,35.671083]]]}},{"type":"Feature","properties":{"osm_type":"way","osm_id":149314635,"building":"yes","source_height_m":null,"source_levels":null,"display_height_m":14.0,"height_basis":"visual_fallback"},"geometry":{"type":"Polygon","coordinates":[[[139.763815,35.670994],[139.763903,35.670931],[139.763871,35.670901],[139.763782,35.670964],[139.763815,35.670994]]]}},{"type":"Feature","properties":{"osm_type":"way","osm_id":149314636,"building":"yes","source_height_m":null,"source_levels":null,"display_height_m":17.0,"height_basis":"visual_fallback"},"geometry":{"type":"Polygon","coordinates":[[[139.764031,35.671475],[139.764102,35.671424],[139.764063,35.671388],[139.763992,35.671439],[139.764031,35.671475]]]}},{"type":"Feature","properties":{"osm_type":"way","osm_id":149314639,"building":"yes","source_height_m":null,"source_levels":7.0,"display_height_m":22.4,"height_basis":"osm_levels_x_3.2m"},"geometry":{"type":"Polygon","coordinates":[[[139.763764,35.670645],[139.764062,35.67091],[139.764301,35.670733],[139.764003,35.670468],[139.763764,35.670645]]]}},{"type":"Feature","properties":{"osm_type":"way","osm_id":149314640,"building":"yes","source_height_m":45.0,"source_levels":9.0,"display_height_m":45.0,"height_basis":"osm_height"},"geometry":{"type":"Polygon","coordinates":[[[139.764265,35.671154],[139.764388,35.671256],[139.764486,35.671178],[139.764463,35.671159],[139.764487,35.67114],[139.764435,35.671097],[139.764484,35.671059],[139.764436,35.671017],[139.764265,35.671154]]]}},{"type":"Feature","properties":{"osm_type":"way","osm_id":149314642,"building":"yes","source_height_m":null,"source_levels":null,"display_height_m":20.0,"height_basis":"visual_fallback"},"geometry":{"type":"Polygon","coordinates":[[[139.762914,35.671435],[139.763041,35.671343],[139.762975,35.671284],[139.762848,35.671375],[139.762914,35.671435]]]}},{"type":"Feature","properties":{"osm_type":"way","osm_id":149314644,"building":"yes","source_height_m":null,"source_levels":null,"display_height_m":26.0,"height_basis":"visual_fallback"},"geometry":{"type":"Polygon","coordinates":[[[139.763435,35.670677],[139.763554,35.670588],[139.763435,35.670482],[139.763316,35.670571],[139.763435,35.670677]]]}},{"type":"Feature","properties":{"osm_type":"way","osm_id":149314646,"building":"yes","source_height_m":null,"source_levels":null,"display_height_m":17.0,"height_basis":"visual_fallback"},"geometry":{"type":"Polygon","coordinates":[[[139.763632,35.67109],[139.763744,35.671011],[139.763678,35.67095],[139.763566,35.671029],[139.763632,35.67109]]]}},{"type":"Feature","properties":{"osm_type":"way","osm_id":149314647,"building":"yes","source_height_m":null,"source_levels":null,"display_height_m":20.0,"height_basis":"visual_fallback"},"geometry":{"type":"Polygon","coordinates":[[[139.764037,35.671355],[139.764097,35.671412],[139.764127,35.671391],[139.764137,35.671399],[139.764152,35.671386],[139.764173,35.671405],[139.76419,35.67139],[139.764102,35.67131],[139.764037,35.671355]]]}},{"type":"Feature","properties":{"osm_type":"way","osm_id":149314648,"building":"yes","source_height_m":null,"source_levels":null,"display_height_m":23.0,"height_basis":"visual_fallback"},"geometry":{"type":"Polygon","coordinates":[[[139.763748,35.670937],[139.763777,35.670963],[139.763872,35.670896],[139.763844,35.670869],[139.763748,35.670937]]]}},{"type":"Feature","properties":{"osm_type":"way","osm_id":149314650,"building":"yes","source_height_m":null,"source_levels":null,"display_height_m":14.0,"height_basis":"visual_fallback"},"geometry":{"type":"Polygon","coordinates":[[[139.764351,35.671058],[139.764519,35.670946],[139.764483,35.67091],[139.764315,35.671023],[139.764351,35.671058]]]}},{"type":"Feature","properties":{"osm_type":"way","osm_id":149314651,"building":"yes","source_height_m":null,"source_levels":null,"display_height_m":17.0,"height_basis":"visual_fallback"},"geometry":{"type":"Polygon","coordinates":[[[139.764399,35.671272],[139.764531,35.671388],[139.764601,35.671336],[139.764469,35.67122],[139.764399,35.671272]]]}},{"type":"Feature","properties":{"osm_type":"way","osm_id":149314652,"building":"yes","source_height_m":null,"source_levels":null,"display_height_m":20.0,"height_basis":"visual_fallback"},"geometry":{"type":"Polygon","coordinates":[[[139.763828,35.671088],[139.763913,35.671166],[139.764054,35.671065],[139.763969,35.670987],[139.763828,35.671088]]]}},{"type":"Feature","properties":{"osm_type":"way","osm_id":149314654,"building":"yes","source_height_m":null,"source_levels":null,"display_height_m":26.0,"height_basis":"visual_fallback"},"geometry":{"type":"Polygon","coordinates":[[[139.763966,35.671212],[139.764072,35.671311],[139.764105,35.671288],[139.764086,35.671269],[139.764185,35.671199],[139.764121,35.671137],[139.764051,35.671187],[139.764027,35.671169],[139.763966,35.671212]]]}},{"type":"Feature","properties":{"osm_type":"way","osm_id":149314655,"building":"yes","source_height_m":null,"source_levels":null,"display_height_m":14.0,"height_basis":"visual_fallback"},"geometry":{"type":"Polygon","coordinates":[[[139.763042,35.671124],[139.763082,35.671162],[139.763125,35.671132],[139.763084,35.671094],[139.763042,35.671124]]]}},{"type":"Feature","properties":{"osm_type":"way","osm_id":149314657,"building":"yes","source_height_m":null,"source_levels":null,"display_height_m":20.0,"height_basis":"visual_fallback"},"geometry":{"type":"Polygon","coordinates":[[[139.763791,35.671243],[139.763849,35.671294],[139.763939,35.671225],[139.763881,35.671174],[139.763791,35.671243]]]}},{"type":"Feature","properties":{"osm_type":"way","osm_id":149314658,"building":"yes","source_height_m":null,"source_levels":null,"display_height_m":23.0,"height_basis":"visual_fallback"},"geometry":{"type":"Polygon","coordinates":[[[139.763959,35.671399],[139.764069,35.671325],[139.764041,35.671298],[139.763931,35.671371],[139.763959,35.671399]]]}},{"type":"Feature","properties":{"osm_type":"way","osm_id":149314660,"building":"yes","source_height_m":null,"source_levels":null,"display_height_m":14.0,"height_basis":"visual_fallback"},"geometry":{"type":"Polygon","coordinates":[[[139.763254,35.671328],[139.763315,35.671385],[139.76348,35.671268],[139.763418,35.671211],[139.763254,35.671328]]]}},{"type":"Feature","properties":{"osm_type":"way","osm_id":149314661,"building":"yes","source_height_m":null,"source_levels":null,"display_height_m":17.0,"height_basis":"visual_fallback"},"geometry":{"type":"Polygon","coordinates":[[[139.764139,35.671472],[139.764078,35.671517],[139.764204,35.671631],[139.764313,35.671551],[139.76415,35.671404],[139.764103,35.671439],[139.764139,35.671472]]]}},{"type":"Feature","properties":{"osm_type":"way","osm_id":149314663,"building":"yes","source_height_m":null,"source_levels":null,"display_height_m":23.0,"height_basis":"visual_fallback"},"geometry":{"type":"Polygon","coordinates":[[[139.763374,35.67115],[139.763397,35.671134],[139.763346,35.671085],[139.763368,35.67107],[139.763263,35.670972],[139.763218,35.671004],[139.763374,35.67115]]]}},{"type":"Feature","properties":{"osm_type":"way","osm_id":149314664,"building":"yes","source_height_m":null,"source_levels":null,"display_height_m":26.0,"height_basis":"visual_fallback"},"geometry":{"type":"Polygon","coordinates":[[[139.763086,35.671168],[139.763178,35.671253],[139.763276,35.671184],[139.763259,35.671167],[139.763315,35.671128],[139.763281,35.671096],[139.763174,35.671171],[139.763134,35.671134],[139.763086,35.671168]]]}},{"type":"Feature","properties":{"osm_type":"way","osm_id":149314665,"building":"yes","source_height_m":null,"source_levels":null,"display_height_m":14.0,"height_basis":"visual_fallback"},"geometry":{"type":"Polygon","coordinates":[[[139.764175,35.67088],[139.76406,35.670957],[139.76417,35.671066],[139.764284,35.67099],[139.764245,35.670951],[139.764411,35.67084],[139.764314,35.670745],[139.76415,35.670855],[139.764175,35.67088]]]}},{"type":"Feature","properties":{"osm_type":"way","osm_id":149314667,"building":"yes","source_height_m":null,"source_levels":null,"display_height_m":20.0,"height_basis":"visual_fallback"},"geometry":{"type":"Polygon","coordinates":[[[139.76291,35.671236],[139.762674,35.671407],[139.762726,35.671454],[139.762771,35.671495],[139.762864,35.671427],[139.762819,35.671386],[139.762962,35.671283],[139.76291,35.671236]]]}},{"type":"Feature","properties":{"osm_type":"way","osm_id":149314668,"building":"commercial","source_height_m":null,"source_levels":null,"display_height_m":23.0,"height_basis":"visual_fallback"},"geometry":{"type":"Polygon","coordinates":[[[139.76358,35.671382],[139.76371,35.671292],[139.76361,35.671197],[139.76345,35.671309],[139.763481,35.671339],[139.763461,35.671353],[139.763547,35.671435],[139.763598,35.671399],[139.76358,35.671382]]]}},{"type":"Feature","properties":{"osm_type":"way","osm_id":149314669,"building":"yes","source_height_m":null,"source_levels":null,"display_height_m":26.0,"height_basis":"visual_fallback"},"geometry":{"type":"Polygon","coordinates":[[[139.763886,35.67168],[139.763817,35.671616],[139.763669,35.671721],[139.763739,35.671785],[139.763886,35.67168]]]}},{"type":"Feature","properties":{"osm_type":"way","osm_id":149315649,"building":"yes","source_height_m":null,"source_levels":null,"display_height_m":26.0,"height_basis":"visual_fallback"},"geometry":{"type":"Polygon","coordinates":[[[139.760995,35.671343],[139.761029,35.671372],[139.76113,35.671296],[139.761097,35.671267],[139.760995,35.671343]]]}},{"type":"Feature","properties":{"osm_type":"way","osm_id":149315650,"building":"yes","source_height_m":null,"source_levels":null,"display_height_m":14.0,"height_basis":"visual_fallback"},"geometry":{"type":"Polygon","coordinates":[[[139.761361,35.671623],[139.761436,35.671568],[139.761407,35.671543],[139.761333,35.671597],[139.761361,35.671623]]]}},{"type":"Feature","properties":{"osm_type":"way","osm_id":149315651,"building":"yes","source_height_m":null,"source_levels":null,"display_height_m":17.0,"height_basis":"visual_fallback"},"geometry":{"type":"Polygon","coordinates":[[[139.761182,35.67176],[139.761265,35.671837],[139.761383,35.671754],[139.761301,35.671677],[139.761182,35.67176]]]}},{"type":"Feature","properties":{"osm_type":"way","osm_id":149315652,"building":"yes","source_height_m":null,"source_levels":7.0,"display_height_m":22.4,"height_basis":"osm_levels_x_3.2m"},"geometry":{"type":"Polygon","coordinates":[[[139.761742,35.671469],[139.761854,35.671389],[139.761808,35.671347],[139.761696,35.671426],[139.761742,35.671469]]]}},{"type":"Feature","properties":{"osm_type":"way","osm_id":149315653,"building":"yes","source_height_m":null,"source_levels":null,"display_height_m":23.0,"height_basis":"visual_fallback"},"geometry":{"type":"Polygon","coordinates":[[[139.76155,35.671552],[139.761671,35.671463],[139.761459,35.671271],[139.761337,35.67136],[139.76155,35.671552]]]}},{"type":"Feature","properties":{"osm_type":"way","osm_id":149315654,"building":"yes","source_height_m":null,"source_levels":null,"display_height_m":26.0,"height_basis":"visual_fallback"},"geometry":{"type":"Polygon","coordinates":[[[139.760656,35.671272],[139.760735,35.671345],[139.760764,35.671324],[139.760685,35.671251],[139.760656,35.671272]]]}},{"type":"Feature","properties":{"osm_type":"way","osm_id":149315655,"building":"yes","source_height_m":null,"source_levels":null,"display_height_m":14.0,"height_basis":"visual_fallback"},"geometry":{"type":"Polygon","coordinates":[[[139.761317,35.671573],[139.761337,35.671591],[139.761405,35.671542],[139.761385,35.671524],[139.761317,35.671573]]]}},{"type":"Feature","properties":{"osm_type":"way","osm_id":149315656,"building":"yes","source_height_m":null,"source_levels":9.0,"display_height_m":28.8,"height_basis":"osm_levels_x_3.2m"},"geometry":{"type":"Polygon","coordinates":[[[139.761224,35.671004],[139.76135,35.670914],[139.761302,35.670869],[139.761175,35.670959],[139.761224,35.671004]]]}},{"type":"Feature","properties":{"osm_type":"way","osm_id":149315658,"building":"yes","source_height_m":null,"source_levels":null,"display_height_m":23.0,"height_basis":"visual_fallback"},"geometry":{"type":"Polygon","coordinates":[[[139.761119,35.671147],[139.761227,35.671068],[139.761094,35.670947],[139.761055,35.670975],[139.761125,35.671038],[139.761055,35.671089],[139.761119,35.671147]]]}},{"type":"Feature","properties":{"osm_type":"way","osm_id":149315659,"building":"yes","source_height_m":null,"source_levels":null,"display_height_m":26.0,"height_basis":"visual_fallback"},"geometry":{"type":"Polygon","coordinates":[[[139.761115,35.671425],[139.761206,35.671362],[139.761167,35.671329],[139.761081,35.671394],[139.761115,35.671425]]]}},{"type":"Feature","properties":{"osm_type":"way","osm_id":149315660,"building":"yes","source_height_m":null,"source_levels":null,"display_height_m":14.0,"height_basis":"visual_fallback"},"geometry":{"type":"Polygon","coordinates":[[[139.76111,35.671686],[139.761282,35.671565],[139.761219,35.671505],[139.761046,35.671626],[139.76111,35.671686]]]}},{"type":"Feature","properties":{"osm_type":"way","osm_id":149315661,"building":"yes","source_height_m":null,"source_levels":10.0,"display_height_m":32.0,"height_basis":"osm_levels_x_3.2m"},"geometry":{"type":"Polygon","coordinates":[[[139.761336,35.671109],[139.761463,35.671019],[139.761396,35.670957],[139.761269,35.671047],[139.761336,35.671109]]]}},{"type":"Feature","properties":{"osm_type":"way","osm_id":149315662,"building":"yes","source_height_m":null,"source_levels":null,"display_height_m":20.0,"height_basis":"visual_fallback"},"geometry":{"type":"Polygon","coordinates":[[[139.760904,35.671085],[139.760854,35.671121],[139.761007,35.671259],[139.761057,35.671222],[139.760904,35.671085]]]}},{"type":"Feature","properties":{"osm_type":"way","osm_id":149315663,"building":"yes","source_height_m":null,"source_levels":null,"display_height_m":23.0,"height_basis":"visual_fallback"},"geometry":{"type":"Polygon","coordinates":[[[139.761125,35.671149],[139.76116,35.671181],[139.761222,35.671135],[139.761187,35.671103],[139.761125,35.671149]]]}},{"type":"Feature","properties":{"osm_type":"way","osm_id":149315664,"building":"yes","source_height_m":null,"source_levels":null,"display_height_m":26.0,"height_basis":"visual_fallback"},"geometry":{"type":"Polygon","coordinates":[[[139.761022,35.671062],[139.761052,35.671089],[139.761119,35.67104],[139.761088,35.671013],[139.761022,35.671062]]]}},{"type":"Feature","properties":{"osm_type":"way","osm_id":149315665,"building":"yes","source_height_m":null,"source_levels":null,"display_height_m":14.0,"height_basis":"visual_fallback"},"geometry":{"type":"Polygon","coordinates":[[[139.761402,35.671286],[139.761438,35.67126],[139.761396,35.671222],[139.76136,35.671248],[139.761402,35.671286]]]}},{"type":"Feature","properties":{"osm_type":"way","osm_id":149315666,"building":"yes","source_height_m":null,"source_levels":null,"display_height_m":17.0,"height_basis":"visual_fallback"},"geometry":{"type":"Polygon","coordinates":[[[139.761301,35.671574],[139.761363,35.67153],[139.761325,35.671493],[139.761262,35.671537],[139.761301,35.671574]]]}},{"type":"Feature","properties":{"osm_type":"way","osm_id":149315667,"building":"yes","source_height_m":null,"source_levels":12.0,"display_height_m":38.4,"height_basis":"osm_levels_x_3.2m"},"geometry":{"type":"Polygon","coordinates":[[[139.761433,35.6712],[139.76156,35.67111],[139.761529,35.671081],[139.761402,35.671171],[139.761433,35.6712]]]}},{"type":"Feature","properties":{"osm_type":"way","osm_id":149315668,"building":"yes","source_height_m":null,"source_levels":null,"display_height_m":23.0,"height_basis":"visual_fallback"},"geometry":{"type":"Polygon","coordinates":[[[139.76135,35.671244],[139.761386,35.671217],[139.761334,35.67117],[139.761298,35.671196],[139.76135,35.671244]]]}},{"type":"Feature","properties":{"osm_type":"way","osm_id":149315669,"building":"yes","source_height_m":null,"source_levels":null,"display_height_m":26.0,"height_basis":"visual_fallback"},"geometry":{"type":"Polygon","coordinates":[[[139.760858,35.671267],[139.760939,35.671338],[139.761017,35.671278],[139.760936,35.671208],[139.760858,35.671267]]]}},{"type":"Feature","properties":{"osm_type":"way","osm_id":149315670,"building":"yes","source_height_m":null,"source_levels":null,"display_height_m":14.0,"height_basis":"visual_fallback"},"geometry":{"type":"Polygon","coordinates":[[[139.76092,35.671432],[139.760972,35.671479],[139.761043,35.671426],[139.76099,35.67138],[139.76092,35.671432]]]}},{"type":"Feature","properties":{"osm_type":"way","osm_id":149315671,"building":"yes","source_height_m":null,"source_levels":null,"display_height_m":17.0,"height_basis":"visual_fallback"},"geometry":{"type":"Polygon","coordinates":[[[139.761278,35.671852],[139.76132,35.671892],[139.761713,35.671861],[139.761723,35.671838],[139.761545,35.671675],[139.761404,35.671772],[139.761391,35.67176],[139.761317,35.671811],[139.761326,35.671819],[139.761278,35.671852]]]}},{"type":"Feature","properties":{"osm_type":"way","osm_id":149315672,"building":"yes","source_height_m":null,"source_levels":null,"display_height_m":20.0,"height_basis":"visual_fallback"},"geometry":{"type":"Polygon","coordinates":[[[139.761173,35.671676],[139.761222,35.671717],[139.761265,35.671684],[139.761219,35.671642],[139.761173,35.671676]]]}},{"type":"Feature","properties":{"osm_type":"way","osm_id":149315673,"building":"yes","source_height_m":null,"source_levels":null,"display_height_m":23.0,"height_basis":"visual_fallback"},"geometry":{"type":"Polygon","coordinates":[[[139.761543,35.671282],[139.761656,35.671202],[139.761604,35.671154],[139.761491,35.671234],[139.761543,35.671282]]]}},{"type":"Feature","properties":{"osm_type":"way","osm_id":149315674,"building":"yes","source_height_m":null,"source_levels":null,"display_height_m":26.0,"height_basis":"visual_fallback"},"geometry":{"type":"Polygon","coordinates":[[[139.761285,35.671303],[139.761353,35.671254],[139.761323,35.671227],[139.761255,35.671276],[139.761285,35.671303]]]}},{"type":"Feature","properties":{"osm_type":"way","osm_id":149315675,"building":"yes","source_height_m":null,"source_levels":null,"display_height_m":14.0,"height_basis":"visual_fallback"},"geometry":{"type":"Polygon","coordinates":[[[139.76097,35.671319],[139.760995,35.671341],[139.761096,35.671265],[139.761071,35.671244],[139.76097,35.671319]]]}},{"type":"Feature","properties":{"osm_type":"way","osm_id":149315676,"building":"yes","source_height_m":null,"source_levels":5.0,"display_height_m":16.0,"height_basis":"osm_levels_x_3.2m"},"geometry":{"type":"Polygon","coordinates":[[[139.761814,35.671555],[139.761937,35.671468],[139.761896,35.671429],[139.761886,35.671419],[139.761762,35.671507],[139.761814,35.671555]]]}},{"type":"Feature","properties":{"osm_type":"way","osm_id":149315678,"building":"yes","source_height_m":null,"source_levels":null,"display_height_m":23.0,"height_basis":"visual_fallback"},"geometry":{"type":"Polygon","coordinates":[[[139.761695,35.671422],[139.761807,35.671343],[139.761694,35.671238],[139.761582,35.671317],[139.761695,35.671422]]]}},{"type":"Feature","properties":{"osm_type":"way","osm_id":149315679,"building":"yes","source_height_m":null,"source_levels":null,"display_height_m":26.0,"height_basis":"visual_fallback"},"geometry":{"type":"Polygon","coordinates":[[[139.760907,35.67143],[139.760995,35.671364],[139.760955,35.671329],[139.760867,35.671395],[139.760907,35.67143]]]}},{"type":"Feature","properties":{"osm_type":"way","osm_id":149315680,"building":"yes","source_height_m":null,"source_levels":null,"display_height_m":14.0,"height_basis":"visual_fallback"},"geometry":{"type":"Polygon","coordinates":[[[139.760822,35.671404],[139.76091,35.67134],[139.760883,35.671315],[139.760795,35.671379],[139.760822,35.671404]]]}},{"type":"Feature","properties":{"osm_type":"way","osm_id":149315681,"building":"yes","source_height_m":null,"source_levels":null,"display_height_m":17.0,"height_basis":"visual_fallback"},"geometry":{"type":"Polygon","coordinates":[[[139.76135,35.671716],[139.761486,35.671619],[139.761441,35.671576],[139.761304,35.671673],[139.76135,35.671716]]]}},{"type":"Feature","properties":{"osm_type":"way","osm_id":149315682,"building":"yes","source_height_m":null,"source_levels":null,"display_height_m":20.0,"height_basis":"visual_fallback"},"geometry":{"type":"Polygon","coordinates":[[[139.761404,35.671764],[139.76154,35.671668],[139.761492,35.671623],[139.761356,35.671719],[139.761404,35.671764]]]}},{"type":"Feature","properties":{"osm_type":"way","osm_id":149315683,"building":"yes","source_height_m":null,"source_levels":null,"display_height_m":23.0,"height_basis":"visual_fallback"},"geometry":{"type":"Polygon","coordinates":[[[139.760842,35.671447],[139.760885,35.671416],[139.760857,35.67139],[139.760814,35.671421],[139.760842,35.671447]]]}},{"type":"Feature","properties":{"osm_type":"way","osm_id":149315684,"building":"yes","source_height_m":null,"source_levels":null,"display_height_m":26.0,"height_basis":"visual_fallback"},"geometry":{"type":"Polygon","coordinates":[[[139.761042,35.671417],[139.761164,35.671326],[139.761133,35.671299],[139.761011,35.67139],[139.761042,35.671417]]]}},{"type":"Feature","properties":{"osm_type":"way","osm_id":149315685,"building":"yes","source_height_m":null,"source_levels":9.0,"display_height_m":28.8,"height_basis":"osm_levels_x_3.2m"},"geometry":{"type":"Polygon","coordinates":[[[139.761285,35.671031],[139.761393,35.670955],[139.761356,35.67092],[139.761248,35.670997],[139.761285,35.671031]]]}},{"type":"Feature","properties":{"osm_type":"way","osm_id":149315686,"building":"yes","source_height_m":null,"source_levels":null,"display_height_m":17.0,"height_basis":"visual_fallback"},"geometry":{"type":"Polygon","coordinates":[[[139.761202,35.671097],[139.761239,35.67113],[139.761163,35.671186],[139.76122,35.671238],[139.761296,35.671182],[139.761303,35.671188],[139.761331,35.671167],[139.76123,35.671076],[139.761202,35.671097]]]}},{"type":"Feature","properties":{"osm_type":"way","osm_id":149315687,"building":"yes","source_height_m":null,"source_levels":null,"display_height_m":20.0,"height_basis":"visual_fallback"},"geometry":{"type":"Polygon","coordinates":[[[139.760975,35.671024],[139.761018,35.671063],[139.761086,35.671013],[139.761043,35.670975],[139.760975,35.671024]]]}},{"type":"Feature","properties":{"osm_type":"way","osm_id":149315688,"building":"yes","source_height_m":null,"source_levels":9.0,"display_height_m":28.8,"height_basis":"osm_levels_x_3.2m"},"geometry":{"type":"Polygon","coordinates":[[[139.761397,35.671164],[139.761523,35.671075],[139.761467,35.671022],[139.761341,35.671112],[139.761397,35.671164]]]}},{"type":"Feature","properties":{"osm_type":"way","osm_id":149315690,"building":"yes","source_height_m":null,"source_levels":null,"display_height_m":14.0,"height_basis":"visual_fallback"},"geometry":{"type":"Polygon","coordinates":[[[139.760828,35.671277],[139.760924,35.671203],[139.760851,35.671141],[139.760755,35.671214],[139.760828,35.671277]]]}},{"type":"Feature","properties":{"osm_type":"way","osm_id":149315691,"building":"yes","source_height_m":null,"source_levels":null,"display_height_m":17.0,"height_basis":"visual_fallback"},"geometry":{"type":"Polygon","coordinates":[[[139.761235,35.671627],[139.761288,35.671675],[139.761354,35.671627],[139.7613,35.671579],[139.761235,35.671627]]]}},{"type":"Feature","properties":{"osm_type":"way","osm_id":149315692,"building":"yes","source_height_m":null,"source_levels":null,"display_height_m":20.0,"height_basis":"visual_fallback"},"geometry":{"type":"Polygon","coordinates":[[[139.761332,35.671348],[139.761401,35.671297],[139.761358,35.671259],[139.761289,35.671309],[139.761332,35.671348]]]}},{"type":"Feature","properties":{"osm_type":"way","osm_id":149315693,"building":"yes","source_height_m":null,"source_levels":10.0,"display_height_m":32.0,"height_basis":"osm_levels_x_3.2m"},"geometry":{"type":"Polygon","coordinates":[[[139.761476,35.671241],[139.761603,35.671151],[139.761562,35.671113],[139.761435,35.671203],[139.761476,35.671241]]]}},{"type":"Feature","properties":{"osm_type":"way","osm_id":149315694,"building":"yes","source_height_m":null,"source_levels":null,"display_height_m":26.0,"height_basis":"visual_fallback"},"geometry":{"type":"Polygon","coordinates":[[[139.76122,35.67125],[139.761249,35.671276],[139.761322,35.671223],[139.761293,35.671197],[139.76122,35.67125]]]}},{"type":"Feature","properties":{"osm_type":"way","osm_id":149315695,"building":"yes","source_height_m":null,"source_levels":null,"display_height_m":14.0,"height_basis":"visual_fallback"},"geometry":{"type":"Polygon","coordinates":[[[139.760849,35.671461],[139.760919,35.671522],[139.760966,35.671487],[139.760897,35.671426],[139.760849,35.671461]]]}},{"type":"Feature","properties":{"osm_type":"way","osm_id":149315696,"building":"yes","source_height_m":null,"source_levels":null,"display_height_m":17.0,"height_basis":"visual_fallback"},"geometry":{"type":"Polygon","coordinates":[[[139.761771,35.671496],[139.761883,35.671417],[139.761855,35.671391],[139.761743,35.67147],[139.761771,35.671496]]]}},{"type":"Feature","properties":{"osm_type":"way","osm_id":149315697,"building":"yes","source_height_m":null,"source_levels":null,"display_height_m":20.0,"height_basis":"visual_fallback"},"geometry":{"type":"Polygon","coordinates":[[[139.761127,35.671711],[139.761175,35.671752],[139.761221,35.671719],[139.761172,35.671678],[139.761127,35.671711]]]}},{"type":"Feature","properties":{"osm_type":"way","osm_id":149315698,"building":"yes","source_height_m":null,"source_levels":8.0,"display_height_m":25.6,"height_basis":"osm_levels_x_3.2m"},"geometry":{"type":"Polygon","coordinates":[[[139.761583,35.671314],[139.761692,35.671237],[139.761658,35.671206],[139.76155,35.671283],[139.761583,35.671314]]]}},{"type":"Feature","properties":{"osm_type":"way","osm_id":149315699,"building":"yes","source_height_m":null,"source_levels":null,"display_height_m":26.0,"height_basis":"visual_fallback"},"geometry":{"type":"Polygon","coordinates":[[[139.76184,35.671568],[139.761954,35.671673],[139.762048,35.671606],[139.762053,35.671601],[139.762056,35.671595],[139.762056,35.671588],[139.762056,35.671583],[139.762053,35.671577],[139.761953,35.671486],[139.76184,35.671568]]]}},{"type":"Feature","properties":{"osm_type":"way","osm_id":149315701,"building":"yes","source_height_m":null,"source_levels":null,"display_height_m":17.0,"height_basis":"visual_fallback"},"geometry":{"type":"Polygon","coordinates":[[[139.760512,35.671558],[139.76079,35.671458],[139.76061,35.671292],[139.760442,35.6714],[139.760432,35.671443],[139.7605,35.671541],[139.760512,35.671558]]]}},{"type":"Feature","properties":{"osm_type":"way","osm_id":149315702,"building":"yes","source_height_m":null,"source_levels":null,"display_height_m":20.0,"height_basis":"visual_fallback"},"geometry":{"type":"Polygon","coordinates":[[[139.760773,35.671389],[139.760892,35.671304],[139.760852,35.671267],[139.760824,35.671287],[139.760744,35.671212],[139.760692,35.671249],[139.760772,35.671323],[139.760732,35.671352],[139.760773,35.671389]]]}},{"type":"Feature","properties":{"osm_type":"way","osm_id":149315703,"building":"yes","source_height_m":null,"source_levels":null,"display_height_m":23.0,"height_basis":"visual_fallback"},"geometry":{"type":"Polygon","coordinates":[[[139.761801,35.671788],[139.761948,35.67168],[139.761837,35.671579],[139.761796,35.67161],[139.761723,35.671544],[139.761691,35.671567],[139.761639,35.67152],[139.761564,35.671575],[139.761801,35.671788]]]}},{"type":"Feature","properties":{"osm_type":"way","osm_id":149315705,"building":"yes","source_height_m":null,"source_levels":null,"display_height_m":14.0,"height_basis":"visual_fallback"},"geometry":{"type":"Polygon","coordinates":[[[139.760697,35.671901],[139.760757,35.671926],[139.761167,35.671891],[139.761193,35.671835],[139.76108,35.671732],[139.760799,35.671472],[139.760715,35.671509],[139.760521,35.671579],[139.760697,35.671901]]]}},{"type":"Feature","properties":{"osm_type":"way","osm_id":149316142,"building":"yes","source_height_m":null,"source_levels":null,"display_height_m":20.0,"height_basis":"visual_fallback"},"geometry":{"type":"Polygon","coordinates":[[[139.760217,35.670632],[139.760283,35.670584],[139.760162,35.670474],[139.759985,35.670597],[139.760039,35.670645],[139.759958,35.670705],[139.760093,35.670943],[139.760214,35.670857],[139.760131,35.670782],[139.76027,35.670681],[139.760217,35.670632]]]}},{"type":"Feature","properties":{"osm_type":"way","osm_id":149316143,"building":"yes","source_height_m":null,"source_levels":null,"display_height_m":23.0,"height_basis":"visual_fallback"},"geometry":{"type":"Polygon","coordinates":[[[139.760197,35.6705],[139.760237,35.670537],[139.760283,35.670504],[139.760243,35.670467],[139.760197,35.6705]]]}},{"type":"Feature","properties":{"osm_type":"way","osm_id":149316147,"building":"yes","source_height_m":null,"source_levels":null,"display_height_m":20.0,"height_basis":"visual_fallback"},"geometry":{"type":"Polygon","coordinates":[[[139.760284,35.670693],[139.760357,35.67076],[139.760483,35.670668],[139.76041,35.670601],[139.760284,35.670693]]]}},{"type":"Feature","properties":{"osm_type":"way","osm_id":149316148,"building":"yes","source_height_m":null,"source_levels":null,"display_height_m":23.0,"height_basis":"visual_fallback"},"geometry":{"type":"Polygon","coordinates":[[[139.760243,35.670543],[139.760261,35.670558],[139.760283,35.67058],[139.760335,35.670542],[139.760294,35.670505],[139.760243,35.670543]]]}},{"type":"Feature","properties":{"osm_type":"way","osm_id":149316151,"building":"yes","source_height_m":null,"source_levels":null,"display_height_m":17.0,"height_basis":"visual_fallback"},"geometry":{"type":"Polygon","coordinates":[[[139.76039,35.670865],[139.760449,35.670919],[139.760504,35.67088],[139.760445,35.670826],[139.76039,35.670865]]]}},{"type":"Feature","properties":{"osm_type":"way","osm_id":149316152,"building":"yes","source_height_m":null,"source_levels":null,"display_height_m":20.0,"height_basis":"visual_fallback"},"geometry":{"type":"Polygon","coordinates":[[[139.7602,35.670746],[139.760269,35.670809],[139.760305,35.670783],[139.760236,35.67072],[139.7602,35.670746]]]}},{"type":"Feature","properties":{"osm_type":"way","osm_id":149316154,"building":"yes","source_height_m":null,"source_levels":null,"display_height_m":26.0,"height_basis":"visual_fallback"},"geometry":{"type":"Polygon","coordinates":[[[139.759891,35.670312],[139.759922,35.670341],[139.760037,35.670259],[139.760006,35.67023],[139.759891,35.670312]]]}},{"type":"Feature","properties":{"osm_type":"way","osm_id":149316156,"building":"yes","source_height_m":null,"source_levels":null,"display_height_m":17.0,"height_basis":"visual_fallback"},"geometry":{"type":"Polygon","coordinates":[[[139.759959,35.670379],[139.759857,35.670286],[139.75977,35.670351],[139.759845,35.670468],[139.759959,35.670379]]]}},{"type":"Feature","properties":{"osm_type":"way","osm_id":149316157,"building":"yes","source_height_m":null,"source_levels":null,"display_height_m":20.0,"height_basis":"visual_fallback"},"geometry":{"type":"Polygon","coordinates":[[[139.760033,35.670478],[139.760173,35.670377],[139.760116,35.670325],[139.759974,35.670428],[139.760033,35.670478]]]}},{"type":"Feature","properties":{"osm_type":"way","osm_id":149316158,"building":"yes","source_height_m":null,"source_levels":null,"display_height_m":23.0,"height_basis":"visual_fallback"},"geometry":{"type":"Polygon","coordinates":[[[139.760557,35.671],[139.76064,35.671077],[139.760714,35.671024],[139.760635,35.67095],[139.760557,35.671]]]}},{"type":"Feature","properties":{"osm_type":"way","osm_id":149316160,"building":"yes","source_height_m":null,"source_levels":null,"display_height_m":14.0,"height_basis":"visual_fallback"},"geometry":{"type":"Polygon","coordinates":[[[139.760229,35.670625],[139.76029,35.67068],[139.760402,35.670598],[139.760342,35.670543],[139.760229,35.670625]]]}},{"type":"Feature","properties":{"osm_type":"way","osm_id":149316161,"building":"yes","source_height_m":null,"source_levels":null,"display_height_m":17.0,"height_basis":"visual_fallback"},"geometry":{"type":"Polygon","coordinates":[[[139.760161,35.670466],[139.760195,35.670497],[139.760247,35.670459],[139.760213,35.670428],[139.760161,35.670466]]]}},{"type":"Feature","properties":{"osm_type":"way","osm_id":149316163,"building":"yes","source_height_m":null,"source_levels":null,"display_height_m":23.0,"height_basis":"visual_fallback"},"geometry":{"type":"Polygon","coordinates":[[[139.760286,35.670859],[139.760401,35.670964],[139.760451,35.670928],[139.760335,35.670823],[139.760286,35.670859]]]}},{"type":"Feature","properties":{"osm_type":"way","osm_id":149316164,"building":"yes","source_height_m":null,"source_levels":null,"display_height_m":26.0,"height_basis":"visual_fallback"},"geometry":{"type":"Polygon","coordinates":[[[139.760389,35.670859],[139.76044,35.670822],[139.760401,35.670786],[139.760349,35.670823],[139.760389,35.670859]]]}},{"type":"Feature","properties":{"osm_type":"way","osm_id":149316166,"building":"yes","source_height_m":null,"source_levels":null,"display_height_m":17.0,"height_basis":"visual_fallback"},"geometry":{"type":"Polygon","coordinates":[[[139.760311,35.670782],[139.760342,35.670759],[139.760272,35.670696],[139.760241,35.670719],[139.760311,35.670782]]]}},{"type":"Feature","properties":{"osm_type":"way","osm_id":149316168,"building":"yes","source_height_m":null,"source_levels":null,"display_height_m":23.0,"height_basis":"visual_fallback"},"geometry":{"type":"Polygon","coordinates":[[[139.760139,35.670782],[139.760217,35.670853],[139.760266,35.670818],[139.760188,35.670747],[139.760139,35.670782]]]}},{"type":"Feature","properties":{"osm_type":"way","osm_id":149316169,"building":"yes","source_height_m":null,"source_levels":null,"display_height_m":26.0,"height_basis":"visual_fallback"},"geometry":{"type":"Polygon","coordinates":[[[139.759933,35.670336],[139.760002,35.6704],[139.760095,35.670332],[139.760027,35.670269],[139.759933,35.670336]]]}},{"type":"Feature","properties":{"osm_type":"way","osm_id":149316170,"building":"yes","source_height_m":null,"source_levels":null,"display_height_m":14.0,"height_basis":"visual_fallback"},"geometry":{"type":"Polygon","coordinates":[[[139.759888,35.67058],[139.760021,35.670486],[139.759954,35.670429],[139.759849,35.670508],[139.759888,35.67058]]]}},{"type":"Feature","properties":{"osm_type":"way","osm_id":149316171,"building":"yes","source_height_m":null,"source_levels":null,"display_height_m":17.0,"height_basis":"visual_fallback"},"geometry":{"type":"Polygon","coordinates":[[[139.760205,35.671103],[139.760397,35.670964],[139.760289,35.670867],[139.76012,35.670983],[139.760154,35.671062],[139.760205,35.671103]]]}},{"type":"Feature","properties":{"osm_type":"way","osm_id":149316172,"building":"yes","source_height_m":null,"source_levels":null,"display_height_m":20.0,"height_basis":"visual_fallback"},"geometry":{"type":"Polygon","coordinates":[[[139.760675,35.67087],[139.760578,35.670942],[139.760603,35.670964],[139.760634,35.670941],[139.76073,35.671028],[139.760797,35.67098],[139.760675,35.67087]]]}},{"type":"Feature","properties":{"osm_type":"way","osm_id":149316174,"building":"yes","source_height_m":null,"source_levels":null,"display_height_m":26.0,"height_basis":"visual_fallback"},"geometry":{"type":"Polygon","coordinates":[[[139.760551,35.671],[139.760589,35.670974],[139.760512,35.6709],[139.760197,35.671125],[139.760291,35.671301],[139.760312,35.671305],[139.760634,35.671078],[139.760551,35.671]]]}},{"type":"Feature","properties":{"osm_type":"way","osm_id":149316635,"building":"yes","source_height_m":null,"source_levels":9.0,"display_height_m":28.8,"height_basis":"osm_levels_x_3.2m"},"geometry":{"type":"Polygon","coordinates":[[[139.759613,35.669523],[139.759773,35.669411],[139.759697,35.66934],[139.759537,35.669452],[139.759613,35.669523]]]}},{"type":"Feature","properties":{"osm_type":"way","osm_id":149316636,"building":"yes","source_height_m":null,"source_levels":8.0,"display_height_m":25.6,"height_basis":"osm_levels_x_3.2m"},"geometry":{"type":"Polygon","coordinates":[[[139.759511,35.669694],[139.759428,35.669758],[139.759487,35.669863],[139.759603,35.669773],[139.759511,35.669694]]]}},{"type":"Feature","properties":{"osm_type":"way","osm_id":149316637,"building":"yes","source_height_m":null,"source_levels":null,"display_height_m":20.0,"height_basis":"visual_fallback"},"geometry":{"type":"Polygon","coordinates":[[[139.759325,35.669556],[139.759361,35.669623],[139.75946,35.669553],[139.7594,35.6695],[139.759325,35.669556]]]}},{"type":"Feature","properties":{"osm_type":"way","osm_id":149316638,"building":"yes","source_height_m":null,"source_levels":5.0,"display_height_m":16.0,"height_basis":"osm_levels_x_3.2m"},"geometry":{"type":"Polygon","coordinates":[[[139.759466,35.669649],[139.75952,35.669695],[139.759591,35.66964],[139.759537,35.669594],[139.759466,35.669649]]]}},{"type":"Feature","properties":{"osm_type":"way","osm_id":149316640,"building":"yes","source_height_m":null,"source_levels":null,"display_height_m":14.0,"height_basis":"visual_fallback"},"geometry":{"type":"Polygon","coordinates":[[[139.760561,35.670617],[139.760698,35.670519],[139.76067,35.670492],[139.760532,35.670591],[139.760561,35.670617]]]}},{"type":"Feature","properties":{"osm_type":"way","osm_id":149316641,"building":"yes","source_height_m":null,"source_levels":null,"display_height_m":17.0,"height_basis":"visual_fallback"},"geometry":{"type":"Polygon","coordinates":[[[139.760635,35.670441],[139.760749,35.670359],[139.76067,35.670287],[139.760557,35.670369],[139.760635,35.670441]]]}},{"type":"Feature","properties":{"osm_type":"way","osm_id":149316642,"building":"yes","source_height_m":null,"source_levels":null,"display_height_m":20.0,"height_basis":"visual_fallback"},"geometry":{"type":"Polygon","coordinates":[[[139.760707,35.670496],[139.760823,35.670412],[139.760782,35.670374],[139.760715,35.670421],[139.760699,35.670406],[139.760649,35.670442],[139.760707,35.670496]]]}},{"type":"Feature","properties":{"osm_type":"way","osm_id":149316643,"building":"yes","source_height_m":null,"source_levels":null,"display_height_m":23.0,"height_basis":"visual_fallback"},"geometry":{"type":"Polygon","coordinates":[[[139.760493,35.670568],[139.760537,35.670536],[139.760491,35.670494],[139.760446,35.670526],[139.760493,35.670568]]]}},{"type":"Feature","properties":{"osm_type":"way","osm_id":149316644,"building":"yes","source_height_m":null,"source_levels":null,"display_height_m":26.0,"height_basis":"visual_fallback"},"geometry":{"type":"Polygon","coordinates":[[[139.760255,35.670349],[139.760307,35.670396],[139.760357,35.67036],[139.760305,35.670313],[139.760255,35.670349]]]}},{"type":"Feature","properties":{"osm_type":"way","osm_id":149316645,"building":"yes","source_height_m":null,"source_levels":null,"display_height_m":14.0,"height_basis":"visual_fallback"},"geometry":{"type":"Polygon","coordinates":[[[139.759458,35.669646],[139.759397,35.669692],[139.759426,35.66975],[139.759507,35.669691],[139.759458,35.669646]]]}},{"type":"Feature","properties":{"osm_type":"way","osm_id":149316646,"building":"yes","source_height_m":null,"source_levels":null,"display_height_m":17.0,"height_basis":"visual_fallback"},"geometry":{"type":"Polygon","coordinates":[[[139.75941,35.6695],[139.759473,35.669555],[139.759519,35.66952],[139.759456,35.669465],[139.75941,35.6695]]]}},{"type":"Feature","properties":{"osm_type":"way","osm_id":149316647,"building":"yes","source_height_m":null,"source_levels":null,"display_height_m":20.0,"height_basis":"visual_fallback"},"geometry":{"type":"Polygon","coordinates":[[[139.759451,35.669577],[139.759499,35.669618],[139.759537,35.669588],[139.759536,35.669559],[139.759507,35.669534],[139.759451,35.669577]]]}},{"type":"Feature","properties":{"osm_type":"way","osm_id":149316648,"building":"yes","source_height_m":null,"source_levels":6.0,"display_height_m":19.2,"height_basis":"osm_levels_x_3.2m"},"geometry":{"type":"Polygon","coordinates":[[[139.759393,35.669685],[139.759485,35.669614],[139.759439,35.669575],[139.759363,35.669633],[139.759393,35.669685]]]}},{"type":"Feature","properties":{"osm_type":"way","osm_id":149316649,"building":"office","source_height_m":null,"source_levels":9.0,"display_height_m":28.8,"height_basis":"osm_levels_x_3.2m"},"geometry":{"type":"Polygon","coordinates":[[[139.760889,35.670911],[139.761153,35.670719],[139.760836,35.670431],[139.760572,35.670623],[139.760889,35.670911]]]}},{"type":"Feature","properties":{"osm_type":"way","osm_id":149316650,"building":"yes","source_height_m":null,"source_levels":null,"display_height_m":14.0,"height_basis":"visual_fallback"},"geometry":{"type":"Polygon","coordinates":[[[139.759566,35.669837],[139.759644,35.669904],[139.759715,35.669849],[139.759637,35.669782],[139.759566,35.669837]]]}},{"type":"Feature","properties":{"osm_type":"way","osm_id":149316651,"building":"yes","source_height_m":null,"source_levels":6.0,"display_height_m":19.2,"height_basis":"osm_levels_x_3.2m"},"geometry":{"type":"Polygon","coordinates":[[[139.759523,35.669694],[139.759621,35.669785],[139.759688,35.669737],[139.759589,35.669646],[139.759523,35.669694]]]}},{"type":"Feature","properties":{"osm_type":"way","osm_id":149316652,"building":"yes","source_height_m":null,"source_levels":3.0,"display_height_m":9.6,"height_basis":"osm_levels_x_3.2m"},"geometry":{"type":"Polygon","coordinates":[[[139.759643,35.66978],[139.759721,35.669848],[139.759767,35.669813],[139.759689,35.669745],[139.759643,35.66978]]]}},{"type":"Feature","properties":{"osm_type":"way","osm_id":149316653,"building":"yes","source_height_m":null,"source_levels":13.0,"display_height_m":41.6,"height_basis":"osm_levels_x_3.2m"},"geometry":{"type":"Polygon","coordinates":[[[139.760315,35.670283],[139.760375,35.670338],[139.760572,35.670196],[139.760512,35.670141],[139.760315,35.670283]]]}},{"type":"Feature","properties":{"osm_type":"way","osm_id":149316654,"building":"yes","source_height_m":null,"source_levels":null,"display_height_m":26.0,"height_basis":"visual_fallback"},"geometry":{"type":"Polygon","coordinates":[[[139.760445,35.670522],[139.760528,35.670462],[139.760485,35.670422],[139.760402,35.670482],[139.760445,35.670522]]]}},{"type":"Feature","properties":{"osm_type":"way","osm_id":149316655,"building":"yes","source_height_m":null,"source_levels":null,"display_height_m":14.0,"height_basis":"visual_fallback"},"geometry":{"type":"Polygon","coordinates":[[[139.760435,35.670315],[139.760326,35.670395],[139.760363,35.670431],[139.760474,35.670354],[139.760509,35.67039],[139.760672,35.670274],[139.760595,35.6702],[139.760435,35.670315]]]}},{"type":"Feature","properties":{"osm_type":"way","osm_id":149316656,"building":"yes","source_height_m":null,"source_levels":null,"display_height_m":17.0,"height_basis":"visual_fallback"},"geometry":{"type":"Polygon","coordinates":[[[139.760494,35.670415],[139.760588,35.670501],[139.760648,35.670458],[139.760554,35.670372],[139.760494,35.670415]]]}},{"type":"Feature","properties":{"osm_type":"way","osm_id":149316657,"building":"yes","source_height_m":null,"source_levels":null,"display_height_m":20.0,"height_basis":"visual_fallback"},"geometry":{"type":"Polygon","coordinates":[[[139.7604,35.670479],[139.760474,35.670426],[139.760438,35.670393],[139.760364,35.670446],[139.7604,35.670479]]]}},{"type":"Feature","properties":{"osm_type":"way","osm_id":149316658,"building":"yes","source_height_m":null,"source_levels":9.0,"display_height_m":28.8,"height_basis":"osm_levels_x_3.2m"},"geometry":{"type":"Polygon","coordinates":[[[139.759696,35.669608],[139.759855,35.669494],[139.759771,35.669416],[139.759612,35.669531],[139.759696,35.669608]]]}},{"type":"Feature","properties":{"osm_type":"way","osm_id":149316659,"building":"yes","source_height_m":null,"source_levels":10.0,"display_height_m":32.0,"height_basis":"osm_levels_x_3.2m"},"geometry":{"type":"Polygon","coordinates":[[[139.759735,35.669845],[139.759553,35.669974],[139.759668,35.670182],[139.759717,35.670191],[139.759932,35.670029],[139.759735,35.669845]]]}},{"type":"Feature","properties":{"osm_type":"way","osm_id":149316660,"building":"commercial","source_height_m":null,"source_levels":null,"display_height_m":14.0,"height_basis":"visual_fallback"},"geometry":{"type":"Polygon","coordinates":[[[139.760219,35.669837],[139.759888,35.669534],[139.759705,35.669666],[139.75985,35.669817],[139.759844,35.669861],[139.759995,35.669998],[139.760219,35.669837]]]}},{"type":"Feature","properties":{"osm_type":"way","osm_id":149316661,"building":"yes","source_height_m":null,"source_levels":8.0,"display_height_m":25.6,"height_basis":"osm_levels_x_3.2m"},"geometry":{"type":"Polygon","coordinates":[[[139.759318,35.669551],[139.759461,35.66945],[139.759382,35.669376],[139.759284,35.669444],[139.759275,35.669462],[139.759273,35.66948],[139.759279,35.669498],[139.759291,35.669514],[139.759318,35.669551]]]}},{"type":"Feature","properties":{"osm_type":"way","osm_id":149316762,"building":"yes","source_height_m":null,"source_levels":null,"display_height_m":20.0,"height_basis":"visual_fallback"},"geometry":{"type":"Polygon","coordinates":[[[139.760459,35.669517],[139.760534,35.669465],[139.760464,35.669398],[139.760389,35.669451],[139.760459,35.669517]]]}},{"type":"Feature","properties":{"osm_type":"way","osm_id":149316763,"building":"yes","source_height_m":null,"source_levels":null,"display_height_m":23.0,"height_basis":"visual_fallback"},"geometry":{"type":"Polygon","coordinates":[[[139.760126,35.669373],[139.760163,35.669407],[139.760239,35.669352],[139.760202,35.669319],[139.760126,35.669373]]]}},{"type":"Feature","properties":{"osm_type":"way","osm_id":149316764,"building":"commercial","source_height_m":null,"source_levels":null,"display_height_m":26.0,"height_basis":"visual_fallback"},"geometry":{"type":"Polygon","coordinates":[[[139.760336,35.669568],[139.760416,35.669511],[139.760307,35.66941],[139.760226,35.669468],[139.760336,35.669568]]]}},{"type":"Feature","properties":{"osm_type":"way","osm_id":149316765,"building":"yes","source_height_m":null,"source_levels":null,"display_height_m":14.0,"height_basis":"visual_fallback"},"geometry":{"type":"Polygon","coordinates":[[[139.760678,35.669506],[139.760925,35.669327],[139.760799,35.669212],[139.760552,35.66939],[139.760678,35.669506]]]}},{"type":"Feature","properties":{"osm_type":"way","osm_id":149316766,"building":"yes","source_height_m":null,"source_levels":null,"display_height_m":17.0,"height_basis":"visual_fallback"},"geometry":{"type":"Polygon","coordinates":[[[139.760355,35.66942],[139.760385,35.669449],[139.760456,35.669399],[139.760426,35.669371],[139.760355,35.66942]]]}},{"type":"Feature","properties":{"osm_type":"way","osm_id":149316768,"building":"commercial","source_height_m":null,"source_levels":null,"display_height_m":23.0,"height_basis":"visual_fallback"},"geometry":{"type":"Polygon","coordinates":[[[139.760166,35.669412],[139.760225,35.669466],[139.760301,35.669411],[139.760242,35.669357],[139.760166,35.669412]]]}},{"type":"Feature","properties":{"osm_type":"way","osm_id":149316769,"building":"yes","source_height_m":null,"source_levels":null,"display_height_m":26.0,"height_basis":"visual_fallback"},"geometry":{"type":"Polygon","coordinates":[[[139.760352,35.669416],[139.760418,35.66937],[139.760389,35.669342],[139.760324,35.669387],[139.760352,35.669416]]]}},{"type":"Feature","properties":{"osm_type":"way","osm_id":149316770,"building":"yes","source_height_m":null,"source_levels":null,"display_height_m":14.0,"height_basis":"visual_fallback"},"geometry":{"type":"Polygon","coordinates":[[[139.760728,35.669954],[139.760901,35.669833],[139.760724,35.669666],[139.760552,35.669787],[139.760728,35.669954]]]}},{"type":"Feature","properties":{"osm_type":"way","osm_id":149316771,"building":"yes","source_height_m":null,"source_levels":null,"display_height_m":17.0,"height_basis":"visual_fallback"},"geometry":{"type":"Polygon","coordinates":[[[139.760494,35.669552],[139.760401,35.669619],[139.760435,35.669651],[139.760459,35.669658],[139.760486,35.669655],[139.76055,35.669609],[139.760494,35.669552]]]}},{"type":"Feature","properties":{"osm_type":"way","osm_id":149371750,"building":"commercial","source_height_m":null,"source_levels":12.0,"display_height_m":38.4,"height_basis":"osm_levels_x_3.2m"},"geometry":{"type":"Polygon","coordinates":[[[139.763739,35.67477],[139.764401,35.67532],[139.764508,35.675335],[139.764891,35.675249],[139.764921,35.675241],[139.764927,35.675216],[139.764945,35.675159],[139.764581,35.674606],[139.76379,35.674645],[139.763742,35.674669],[139.76372,35.6747],[139.763719,35.674744],[139.763739,35.67477]]]}},{"type":"Feature","properties":{"osm_type":"way","osm_id":149372641,"building":"yes","source_height_m":null,"source_levels":2.0,"display_height_m":6.4,"height_basis":"osm_levels_x_3.2m"},"geometry":{"type":"Polygon","coordinates":[[[139.764864,35.6755],[139.765189,35.6755],[139.765104,35.675384],[139.764864,35.6755]]]}},{"type":"Feature","properties":{"osm_type":"way","osm_id":149379716,"building":"yes","source_height_m":null,"source_levels":null,"display_height_m":17.0,"height_basis":"visual_fallback"},"geometry":{"type":"Polygon","coordinates":[[[139.762634,35.670958],[139.762483,35.671064],[139.762659,35.671229],[139.76281,35.671123],[139.762634,35.670958]]]}},{"type":"Feature","properties":{"osm_type":"way","osm_id":149379718,"building":"yes","source_height_m":null,"source_levels":null,"display_height_m":23.0,"height_basis":"visual_fallback"},"geometry":{"type":"Polygon","coordinates":[[[139.762729,35.670571],[139.762853,35.67048],[139.762822,35.670452],[139.762697,35.670543],[139.762729,35.670571]]]}},{"type":"Feature","properties":{"osm_type":"way","osm_id":149379720,"building":"yes","source_height_m":null,"source_levels":null,"display_height_m":14.0,"height_basis":"visual_fallback"},"geometry":{"type":"Polygon","coordinates":[[[139.760815,35.669614],[139.760946,35.669734],[139.761043,35.669664],[139.760912,35.669544],[139.760815,35.669614]]]}},{"type":"Feature","properties":{"osm_type":"way","osm_id":149379722,"building":"yes","source_height_m":null,"source_levels":null,"display_height_m":20.0,"height_basis":"visual_fallback"},"geometry":{"type":"Polygon","coordinates":[[[139.76193,35.670711],[139.76205,35.670627],[139.761984,35.670566],[139.762003,35.670552],[139.761857,35.670415],[139.761719,35.670513],[139.76193,35.670711]]]}},{"type":"Feature","properties":{"osm_type":"way","osm_id":149379725,"building":"yes","source_height_m":null,"source_levels":null,"display_height_m":14.0,"height_basis":"visual_fallback"},"geometry":{"type":"Polygon","coordinates":[[[139.762787,35.670622],[139.762918,35.670746],[139.763036,35.670663],[139.762905,35.670539],[139.762787,35.670622]]]}},{"type":"Feature","properties":{"osm_type":"way","osm_id":149379727,"building":"yes","source_height_m":null,"source_levels":null,"display_height_m":20.0,"height_basis":"visual_fallback"},"geometry":{"type":"Polygon","coordinates":[[[139.76092,35.669986],[139.761005,35.669926],[139.760974,35.669897],[139.760889,35.669956],[139.76092,35.669986]]]}},{"type":"Feature","properties":{"osm_type":"way","osm_id":149379730,"building":"yes","source_height_m":null,"source_levels":null,"display_height_m":14.0,"height_basis":"visual_fallback"},"geometry":{"type":"Polygon","coordinates":[[[139.760916,35.669534],[139.761013,35.669622],[139.761054,35.669593],[139.760957,35.669504],[139.760916,35.669534]]]}},{"type":"Feature","properties":{"osm_type":"way","osm_id":149379733,"building":"yes","source_height_m":null,"source_levels":null,"display_height_m":23.0,"height_basis":"visual_fallback"},"geometry":{"type":"Polygon","coordinates":[[[139.762396,35.67118],[139.762443,35.671223],[139.762551,35.671148],[139.762504,35.671104],[139.762396,35.67118]]]}},{"type":"Feature","properties":{"osm_type":"way","osm_id":149379736,"building":"hotel","source_height_m":null,"source_levels":null,"display_height_m":17.0,"height_basis":"visual_fallback"},"geometry":{"type":"Polygon","coordinates":[[[139.759793,35.669057],[139.759931,35.669184],[139.760088,35.669071],[139.75995,35.668944],[139.759793,35.669057]]]}},{"type":"Feature","properties":{"osm_type":"way","osm_id":149379741,"building":"yes","source_height_m":null,"source_levels":null,"display_height_m":17.0,"height_basis":"visual_fallback"},"geometry":{"type":"Polygon","coordinates":[[[139.761862,35.670412],[139.761963,35.670504],[139.762065,35.670429],[139.761963,35.670338],[139.761862,35.670412]]]}},{"type":"Feature","properties":{"osm_type":"way","osm_id":149379743,"building":"yes","source_height_m":null,"source_levels":null,"display_height_m":23.0,"height_basis":"visual_fallback"},"geometry":{"type":"Polygon","coordinates":[[[139.760862,35.669924],[139.760892,35.669953],[139.760973,35.669897],[139.760943,35.669868],[139.760862,35.669924]]]}},{"type":"Feature","properties":{"osm_type":"way","osm_id":149379744,"building":"yes","source_height_m":null,"source_levels":null,"display_height_m":26.0,"height_basis":"visual_fallback"},"geometry":{"type":"Polygon","coordinates":[[[139.761047,35.669856],[139.76111,35.669914],[139.761213,35.669839],[139.76115,35.669781],[139.761047,35.669856]]]}},{"type":"Feature","properties":{"osm_type":"way","osm_id":149379746,"building":"yes","source_height_m":null,"source_levels":null,"display_height_m":17.0,"height_basis":"visual_fallback"},"geometry":{"type":"Polygon","coordinates":[[[139.76265,35.670385],[139.762704,35.670434],[139.762756,35.670397],[139.762701,35.670348],[139.76265,35.670385]]]}},{"type":"Feature","properties":{"osm_type":"way","osm_id":149379750,"building":"yes","source_height_m":null,"source_levels":null,"display_height_m":14.0,"height_basis":"visual_fallback"},"geometry":{"type":"Polygon","coordinates":[[[139.761589,35.670187],[139.761728,35.670086],[139.761684,35.670047],[139.761545,35.670147],[139.761589,35.670187]]]}},{"type":"Feature","properties":{"osm_type":"way","osm_id":149379752,"building":"yes","source_height_m":null,"source_levels":null,"display_height_m":20.0,"height_basis":"visual_fallback"},"geometry":{"type":"Polygon","coordinates":[[[139.763041,35.670961],[139.763093,35.670923],[139.762996,35.670835],[139.762944,35.670873],[139.763041,35.670961]]]}},{"type":"Feature","properties":{"osm_type":"way","osm_id":149379754,"building":"yes","source_height_m":null,"source_levels":null,"display_height_m":26.0,"height_basis":"visual_fallback"},"geometry":{"type":"Polygon","coordinates":[[[139.760076,35.669188],[139.760131,35.669237],[139.760206,35.669182],[139.760152,35.669133],[139.760076,35.669188]]]}},{"type":"Feature","properties":{"osm_type":"way","osm_id":149379756,"building":"yes","source_height_m":null,"source_levels":null,"display_height_m":17.0,"height_basis":"visual_fallback"},"geometry":{"type":"Polygon","coordinates":[[[139.760817,35.670032],[139.7609,35.669974],[139.760866,35.669942],[139.760783,35.67],[139.760817,35.670032]]]}},{"type":"Feature","properties":{"osm_type":"way","osm_id":149379757,"building":"yes","source_height_m":null,"source_levels":null,"display_height_m":20.0,"height_basis":"visual_fallback"},"geometry":{"type":"Polygon","coordinates":[[[139.761087,35.669717],[139.761295,35.669907],[139.761398,35.669833],[139.76119,35.669643],[139.761087,35.669717]]]}},{"type":"Feature","properties":{"osm_type":"way","osm_id":149379759,"building":"yes","source_height_m":null,"source_levels":null,"display_height_m":26.0,"height_basis":"visual_fallback"},"geometry":{"type":"Polygon","coordinates":[[[139.761867,35.670908],[139.761919,35.670954],[139.761984,35.670905],[139.761932,35.670859],[139.761867,35.670908]]]}},{"type":"Feature","properties":{"osm_type":"way","osm_id":149379760,"building":"yes","source_height_m":null,"source_levels":null,"display_height_m":14.0,"height_basis":"visual_fallback"},"geometry":{"type":"Polygon","coordinates":[[[139.760202,35.670285],[139.760246,35.670326],[139.760516,35.670133],[139.760472,35.670092],[139.760202,35.670285]]]}},{"type":"Feature","properties":{"osm_type":"way","osm_id":149379761,"building":"yes","source_height_m":null,"source_levels":null,"display_height_m":17.0,"height_basis":"visual_fallback"},"geometry":{"type":"Polygon","coordinates":[[[139.761498,35.670103],[139.761543,35.670144],[139.761682,35.670043],[139.761637,35.670003],[139.761498,35.670103]]]}},{"type":"Feature","properties":{"osm_type":"way","osm_id":149379762,"building":"yes","source_height_m":null,"source_levels":null,"display_height_m":20.0,"height_basis":"visual_fallback"},"geometry":{"type":"Polygon","coordinates":[[[139.76262,35.670733],[139.762736,35.670843],[139.762812,35.670786],[139.762851,35.67083],[139.762929,35.670772],[139.762766,35.670626],[139.76262,35.670733]]]}},{"type":"Feature","properties":{"osm_type":"way","osm_id":149379763,"building":"yes","source_height_m":null,"source_levels":null,"display_height_m":23.0,"height_basis":"visual_fallback"},"geometry":{"type":"Polygon","coordinates":[[[139.760824,35.670038],[139.760904,35.670113],[139.760987,35.670055],[139.760907,35.669979],[139.760824,35.670038]]]}},{"type":"Feature","properties":{"osm_type":"way","osm_id":149379764,"building":"yes","source_height_m":null,"source_levels":null,"display_height_m":26.0,"height_basis":"visual_fallback"},"geometry":{"type":"Polygon","coordinates":[[[139.762431,35.670554],[139.762619,35.670724],[139.762759,35.670622],[139.76257,35.670452],[139.762431,35.670554]]]}},{"type":"Feature","properties":{"osm_type":"way","osm_id":149379766,"building":"yes","source_height_m":null,"source_levels":null,"display_height_m":17.0,"height_basis":"visual_fallback"},"geometry":{"type":"Polygon","coordinates":[[[139.762015,35.670549],[139.762114,35.670477],[139.762068,35.670435],[139.761969,35.670507],[139.762015,35.670549]]]}},{"type":"Feature","properties":{"osm_type":"way","osm_id":149379768,"building":"yes","source_height_m":null,"source_levels":null,"display_height_m":23.0,"height_basis":"visual_fallback"},"geometry":{"type":"Polygon","coordinates":[[[139.760023,35.670148],[139.760174,35.670288],[139.76032,35.670184],[139.760169,35.670044],[139.760023,35.670148]]]}},{"type":"Feature","properties":{"osm_type":"way","osm_id":149379769,"building":"yes","source_height_m":null,"source_levels":null,"display_height_m":26.0,"height_basis":"visual_fallback"},"geometry":{"type":"Polygon","coordinates":[[[139.761782,35.670967],[139.76185,35.671027],[139.761925,35.670971],[139.761857,35.670911],[139.761782,35.670967]]]}},{"type":"Feature","properties":{"osm_type":"way","osm_id":149379771,"building":"yes","source_height_m":null,"source_levels":null,"display_height_m":17.0,"height_basis":"visual_fallback"},"geometry":{"type":"Polygon","coordinates":[[[139.760983,35.669784],[139.761051,35.669847],[139.761143,35.66978],[139.761075,35.669718],[139.760983,35.669784]]]}},{"type":"Feature","properties":{"osm_type":"way","osm_id":149379772,"building":"yes","source_height_m":null,"source_levels":null,"display_height_m":20.0,"height_basis":"visual_fallback"},"geometry":{"type":"Polygon","coordinates":[[[139.761114,35.669918],[139.761188,35.669986],[139.761289,35.669912],[139.761215,35.669845],[139.761114,35.669918]]]}},{"type":"Feature","properties":{"osm_type":"way","osm_id":149379773,"building":"yes","source_height_m":null,"source_levels":null,"display_height_m":23.0,"height_basis":"visual_fallback"},"geometry":{"type":"Polygon","coordinates":[[[139.761187,35.66999],[139.761333,35.670125],[139.761582,35.669944],[139.761436,35.66981],[139.761187,35.66999]]]}},{"type":"Feature","properties":{"osm_type":"way","osm_id":149379774,"building":"yes","source_height_m":null,"source_levels":null,"display_height_m":26.0,"height_basis":"visual_fallback"},"geometry":{"type":"Polygon","coordinates":[[[139.761139,35.670184],[139.761211,35.670134],[139.761141,35.670068],[139.761069,35.670119],[139.761139,35.670184]]]}},{"type":"Feature","properties":{"osm_type":"way","osm_id":149379775,"building":"yes","source_height_m":null,"source_levels":null,"display_height_m":14.0,"height_basis":"visual_fallback"},"geometry":{"type":"Polygon","coordinates":[[[139.763176,35.670244],[139.762733,35.66981],[139.762484,35.669977],[139.762927,35.670412],[139.763176,35.670244]]]}},{"type":"Feature","properties":{"osm_type":"way","osm_id":149379776,"building":"yes","source_height_m":null,"source_levels":null,"display_height_m":17.0,"height_basis":"visual_fallback"},"geometry":{"type":"Polygon","coordinates":[[[139.76237,35.670972],[139.762467,35.671063],[139.762626,35.670951],[139.762529,35.67086],[139.76237,35.670972]]]}},{"type":"Feature","properties":{"osm_type":"way","osm_id":149379778,"building":"yes","source_height_m":null,"source_levels":null,"display_height_m":23.0,"height_basis":"visual_fallback"},"geometry":{"type":"Polygon","coordinates":[[[139.76095,35.670012],[139.760991,35.670051],[139.761074,35.669993],[139.761032,35.669955],[139.76095,35.670012]]]}},{"type":"Feature","properties":{"osm_type":"way","osm_id":149379779,"building":"yes","source_height_m":null,"source_levels":null,"display_height_m":26.0,"height_basis":"visual_fallback"},"geometry":{"type":"Polygon","coordinates":[[[139.760747,35.669965],[139.760781,35.669997],[139.760866,35.669938],[139.760832,35.669905],[139.760747,35.669965]]]}},{"type":"Feature","properties":{"osm_type":"way","osm_id":149379780,"building":"yes","source_height_m":null,"source_levels":null,"display_height_m":14.0,"height_basis":"visual_fallback"},"geometry":{"type":"Polygon","coordinates":[[[139.761623,35.6704],[139.761867,35.670227],[139.761733,35.670102],[139.761489,35.670275],[139.761623,35.6704]]]}},{"type":"Feature","properties":{"osm_type":"way","osm_id":149379781,"building":"yes","source_height_m":null,"source_levels":null,"display_height_m":17.0,"height_basis":"visual_fallback"},"geometry":{"type":"Polygon","coordinates":[[[139.762786,35.670885],[139.762844,35.670938],[139.762986,35.670835],[139.762927,35.670782],[139.762786,35.670885]]]}},{"type":"Feature","properties":{"osm_type":"way","osm_id":149379783,"building":"yes","source_height_m":null,"source_levels":null,"display_height_m":23.0,"height_basis":"visual_fallback"},"geometry":{"type":"Polygon","coordinates":[[[139.760959,35.669501],[139.761065,35.669593],[139.761153,35.669532],[139.761047,35.669436],[139.760959,35.669501]]]}},{"type":"Feature","properties":{"osm_type":"way","osm_id":149379784,"building":"yes","source_height_m":null,"source_levels":null,"display_height_m":26.0,"height_basis":"visual_fallback"},"geometry":{"type":"Polygon","coordinates":[[[139.762449,35.671225],[139.762536,35.671307],[139.762641,35.671233],[139.762554,35.671151],[139.762449,35.671225]]]}},{"type":"Feature","properties":{"osm_type":"way","osm_id":149379785,"building":"yes","source_height_m":null,"source_levels":null,"display_height_m":14.0,"height_basis":"visual_fallback"},"geometry":{"type":"Polygon","coordinates":[[[139.762314,35.670445],[139.762427,35.670547],[139.762566,35.670445],[139.762454,35.670343],[139.762314,35.670445]]]}},{"type":"Feature","properties":{"osm_type":"way","osm_id":149379786,"building":"yes","source_height_m":null,"source_levels":null,"display_height_m":17.0,"height_basis":"visual_fallback"},"geometry":{"type":"Polygon","coordinates":[[[139.762106,35.670236],[139.762179,35.670301],[139.762454,35.6701],[139.762382,35.670035],[139.762106,35.670236]]]}},{"type":"Feature","properties":{"osm_type":"way","osm_id":149379788,"building":"yes","source_height_m":null,"source_levels":null,"display_height_m":23.0,"height_basis":"visual_fallback"},"geometry":{"type":"Polygon","coordinates":[[[139.761483,35.670265],[139.761584,35.670191],[139.761494,35.670109],[139.761393,35.670182],[139.761483,35.670265]]]}},{"type":"Feature","properties":{"osm_type":"way","osm_id":149379789,"building":"yes","source_height_m":null,"source_levels":5.0,"display_height_m":16.0,"height_basis":"osm_levels_x_3.2m"},"geometry":{"type":"Polygon","coordinates":[[[139.762535,35.670277],[139.762581,35.670319],[139.762635,35.670279],[139.762589,35.670238],[139.762535,35.670277]]]}},{"type":"Feature","properties":{"osm_type":"way","osm_id":149379790,"building":"yes","source_height_m":null,"source_levels":null,"display_height_m":14.0,"height_basis":"visual_fallback"},"geometry":{"type":"Polygon","coordinates":[[[139.761855,35.671035],[139.761894,35.671071],[139.762042,35.670961],[139.762002,35.670926],[139.761855,35.671035]]]}},{"type":"Feature","properties":{"osm_type":"way","osm_id":149379792,"building":"yes","source_height_m":null,"source_levels":null,"display_height_m":20.0,"height_basis":"visual_fallback"},"geometry":{"type":"Polygon","coordinates":[[[139.760209,35.669289],[139.760261,35.669337],[139.760333,35.669286],[139.760281,35.669238],[139.760209,35.669289]]]}},{"type":"Feature","properties":{"osm_type":"way","osm_id":149379793,"building":"yes","source_height_m":null,"source_levels":null,"display_height_m":23.0,"height_basis":"visual_fallback"},"geometry":{"type":"Polygon","coordinates":[[[139.76095,35.66974],[139.760989,35.669776],[139.761107,35.66969],[139.761068,35.669655],[139.76095,35.66974]]]}},{"type":"Feature","properties":{"osm_type":"way","osm_id":149379795,"building":"yes","source_height_m":null,"source_levels":null,"display_height_m":14.0,"height_basis":"visual_fallback"},"geometry":{"type":"Polygon","coordinates":[[[139.761495,35.670019],[139.761545,35.670064],[139.761636,35.669998],[139.761587,35.669952],[139.761495,35.670019]]]}},{"type":"Feature","properties":{"osm_type":"way","osm_id":149379797,"building":"yes","source_height_m":null,"source_levels":null,"display_height_m":20.0,"height_basis":"visual_fallback"},"geometry":{"type":"Polygon","coordinates":[[[139.761324,35.670229],[139.761222,35.670137],[139.76114,35.670198],[139.761084,35.670147],[139.761008,35.670203],[139.76111,35.670295],[139.761192,35.670236],[139.761247,35.670285],[139.761324,35.670229]]]}},{"type":"Feature","properties":{"osm_type":"way","osm_id":149379798,"building":"yes","source_height_m":null,"source_levels":null,"display_height_m":23.0,"height_basis":"visual_fallback"},"geometry":{"type":"Polygon","coordinates":[[[139.760841,35.669896],[139.760866,35.66992],[139.760942,35.669867],[139.760916,35.669843],[139.760841,35.669896]]]}},{"type":"Feature","properties":{"osm_type":"way","osm_id":149379799,"building":"yes","source_height_m":null,"source_levels":null,"display_height_m":26.0,"height_basis":"visual_fallback"},"geometry":{"type":"Polygon","coordinates":[[[139.762931,35.670758],[139.762983,35.670805],[139.763105,35.670715],[139.763053,35.670668],[139.762931,35.670758]]]}},{"type":"Feature","properties":{"osm_type":"way","osm_id":149379800,"building":"yes","source_height_m":null,"source_levels":null,"display_height_m":14.0,"height_basis":"visual_fallback"},"geometry":{"type":"Polygon","coordinates":[[[139.760947,35.670011],[139.761031,35.669952],[139.761006,35.669928],[139.760922,35.669987],[139.760947,35.670011]]]}},{"type":"Feature","properties":{"osm_type":"way","osm_id":149379803,"building":"yes","source_height_m":null,"source_levels":null,"display_height_m":23.0,"height_basis":"visual_fallback"},"geometry":{"type":"Polygon","coordinates":[[[139.762983,35.670806],[139.763095,35.670907],[139.763205,35.670826],[139.763094,35.670725],[139.762983,35.670806]]]}},{"type":"Feature","properties":{"osm_type":"way","osm_id":149379805,"building":"commercial","source_height_m":null,"source_levels":null,"display_height_m":14.0,"height_basis":"visual_fallback"},"geometry":{"type":"Polygon","coordinates":[[[139.760035,35.669283],[139.760083,35.669327],[139.760163,35.669269],[139.760115,35.669225],[139.760035,35.669283]]]}},{"type":"Feature","properties":{"osm_type":"way","osm_id":149379806,"building":"yes","source_height_m":null,"source_levels":null,"display_height_m":17.0,"height_basis":"visual_fallback"},"geometry":{"type":"Polygon","coordinates":[[[139.761937,35.670971],[139.762002,35.670923],[139.761984,35.670907],[139.76192,35.670955],[139.761937,35.670971]]]}},{"type":"Feature","properties":{"osm_type":"way","osm_id":149379807,"building":"yes","source_height_m":null,"source_levels":null,"display_height_m":20.0,"height_basis":"visual_fallback"},"geometry":{"type":"Polygon","coordinates":[[[139.762786,35.670617],[139.762904,35.670531],[139.762856,35.670487],[139.762738,35.670574],[139.762786,35.670617]]]}},{"type":"Feature","properties":{"osm_type":"way","osm_id":149379808,"building":"yes","source_height_m":null,"source_levels":null,"display_height_m":23.0,"height_basis":"visual_fallback"},"geometry":{"type":"Polygon","coordinates":[[[139.76232,35.6711],[139.762396,35.671172],[139.762479,35.671114],[139.762402,35.671042],[139.76232,35.6711]]]}},{"type":"Feature","properties":{"osm_type":"way","osm_id":149379809,"building":"yes","source_height_m":null,"source_levels":null,"display_height_m":26.0,"height_basis":"visual_fallback"},"geometry":{"type":"Polygon","coordinates":[[[139.761328,35.67013],[139.761386,35.670183],[139.761543,35.670069],[139.761484,35.670016],[139.761328,35.67013]]]}},{"type":"Feature","properties":{"osm_type":"way","osm_id":149379811,"building":"yes","source_height_m":null,"source_levels":10.0,"display_height_m":32.0,"height_basis":"osm_levels_x_3.2m"},"geometry":{"type":"Polygon","coordinates":[[[139.760338,35.670181],[139.760457,35.670096],[139.760381,35.670025],[139.760262,35.670111],[139.760338,35.670181]]]}},{"type":"Feature","properties":{"osm_type":"way","osm_id":149379813,"building":"yes","source_height_m":null,"source_levels":null,"display_height_m":23.0,"height_basis":"visual_fallback"},"geometry":{"type":"Polygon","coordinates":[[[139.762849,35.670945],[139.762943,35.67103],[139.763034,35.670964],[139.76294,35.670879],[139.762849,35.670945]]]}},{"type":"Feature","properties":{"osm_type":"way","osm_id":149379815,"building":"yes","source_height_m":null,"source_levels":12.0,"display_height_m":38.4,"height_basis":"osm_levels_x_3.2m"},"geometry":{"type":"Polygon","coordinates":[[[139.760181,35.670043],[139.760255,35.670112],[139.760378,35.670024],[139.760321,35.669969],[139.760287,35.669968],[139.760181,35.670043]]]}},{"type":"Feature","properties":{"osm_type":"way","osm_id":149379816,"building":"yes","source_height_m":null,"source_levels":null,"display_height_m":17.0,"height_basis":"visual_fallback"},"geometry":{"type":"Polygon","coordinates":[[[139.762706,35.670449],[139.762645,35.670391],[139.762573,35.67044],[139.762681,35.670544],[139.76281,35.670455],[139.762763,35.67041],[139.762706,35.670449]]]}},{"type":"Feature","properties":{"osm_type":"way","osm_id":149379817,"building":"yes","source_height_m":null,"source_levels":null,"display_height_m":20.0,"height_basis":"visual_fallback"},"geometry":{"type":"Polygon","coordinates":[[[139.760906,35.670119],[139.760993,35.670201],[139.761081,35.67014],[139.761057,35.670117],[139.761143,35.670057],[139.76108,35.669997],[139.760906,35.670119]]]}},{"type":"Feature","properties":{"osm_type":"way","osm_id":149379819,"building":"yes","source_height_m":null,"source_levels":null,"display_height_m":26.0,"height_basis":"visual_fallback"},"geometry":{"type":"Polygon","coordinates":[[[139.760189,35.669301],[139.760262,35.669248],[139.760231,35.669223],[139.760086,35.669331],[139.760125,35.669367],[139.760202,35.669312],[139.760189,35.669301]]]}},{"type":"Feature","properties":{"osm_type":"way","osm_id":149379820,"building":"commercial","source_height_m":null,"source_levels":null,"display_height_m":14.0,"height_basis":"visual_fallback"},"geometry":{"type":"Polygon","coordinates":[[[139.759936,35.669187],[139.760034,35.669278],[139.76011,35.669223],[139.760071,35.669187],[139.760151,35.66913],[139.760092,35.669076],[139.759936,35.669187]]]}},{"type":"Feature","properties":{"osm_type":"way","osm_id":149379821,"building":"yes","source_height_m":null,"source_levels":null,"display_height_m":17.0,"height_basis":"visual_fallback"},"geometry":{"type":"Polygon","coordinates":[[[139.762579,35.670329],[139.762527,35.670282],[139.762479,35.670317],[139.76259,35.670416],[139.762701,35.670335],[139.762643,35.670282],[139.762579,35.670329]]]}},{"type":"Feature","properties":{"osm_type":"way","osm_id":149379823,"building":"yes","source_height_m":null,"source_levels":null,"display_height_m":23.0,"height_basis":"visual_fallback"},"geometry":{"type":"Polygon","coordinates":[[[139.762414,35.670252],[139.762474,35.670306],[139.76258,35.670229],[139.762457,35.670118],[139.762327,35.670213],[139.762389,35.67027],[139.762414,35.670252]]]}},{"type":"Feature","properties":{"osm_type":"way","osm_id":149379824,"building":"yes","source_height_m":null,"source_levels":null,"display_height_m":26.0,"height_basis":"visual_fallback"},"geometry":{"type":"Polygon","coordinates":[[[139.762304,35.671341],[139.762244,35.671385],[139.762303,35.671439],[139.762342,35.671442],[139.762462,35.671354],[139.762334,35.67124],[139.762257,35.671296],[139.762304,35.671341]]]}},{"type":"Feature","properties":{"osm_type":"way","osm_id":149379825,"building":"yes","source_height_m":null,"source_levels":null,"display_height_m":14.0,"height_basis":"visual_fallback"},"geometry":{"type":"Polygon","coordinates":[[[139.762176,35.67032],[139.762303,35.670435],[139.762442,35.670333],[139.76247,35.670313],[139.762414,35.670263],[139.762387,35.670283],[139.762315,35.670218],[139.762176,35.67032]]]}},{"type":"Feature","properties":{"osm_type":"way","osm_id":149379827,"building":"yes","source_height_m":null,"source_levels":null,"display_height_m":20.0,"height_basis":"visual_fallback"},"geometry":{"type":"Polygon","coordinates":[[[139.762129,35.670482],[139.762002,35.670571],[139.762075,35.670639],[139.761953,35.670726],[139.762327,35.671077],[139.762405,35.671022],[139.762351,35.67097],[139.762521,35.67085],[139.762129,35.670482]]]}},{"type":"Feature","properties":{"osm_type":"way","osm_id":149379828,"building":"yes","source_height_m":null,"source_levels":null,"display_height_m":23.0,"height_basis":"visual_fallback"},"geometry":{"type":"Polygon","coordinates":[[[139.762181,35.671235],[139.762133,35.67119],[139.762069,35.671236],[139.762214,35.671371],[139.762278,35.671326],[139.762239,35.671289],[139.762323,35.671229],[139.762264,35.671175],[139.762181,35.671235]]]}},{"type":"Feature","properties":{"osm_type":"way","osm_id":149379829,"building":"yes","source_height_m":null,"source_levels":null,"display_height_m":26.0,"height_basis":"visual_fallback"},"geometry":{"type":"Polygon","coordinates":[[[139.761955,35.671113],[139.762065,35.671215],[139.762148,35.671156],[139.762171,35.671177],[139.762235,35.671132],[139.762049,35.67096],[139.761985,35.671005],[139.762038,35.671054],[139.761955,35.671113]]]}},{"type":"Feature","properties":{"osm_type":"way","osm_id":149379830,"building":"yes","source_height_m":null,"source_levels":8.0,"display_height_m":25.6,"height_basis":"osm_levels_x_3.2m"},"geometry":{"type":"Polygon","coordinates":[[[139.761377,35.670543],[139.761411,35.670545],[139.761536,35.670454],[139.761327,35.670257],[139.76126,35.670305],[139.761205,35.670253],[139.761126,35.670308],[139.761181,35.67036],[139.761377,35.670543]]]}},{"type":"Feature","properties":{"osm_type":"way","osm_id":149380569,"building":"yes","source_height_m":null,"source_levels":8.0,"display_height_m":25.6,"height_basis":"osm_levels_x_3.2m"},"geometry":{"type":"Polygon","coordinates":[[[139.759,35.668948],[139.759,35.668986],[139.75903,35.669038],[139.759197,35.668905],[139.759126,35.668847],[139.759,35.668948]]]}},{"type":"Feature","properties":{"osm_type":"way","osm_id":149380570,"building":"yes","source_height_m":null,"source_levels":null,"display_height_m":14.0,"height_basis":"visual_fallback"},"geometry":{"type":"Polygon","coordinates":[[[139.759827,35.668867],[139.759869,35.668838],[139.759767,35.668748],[139.759597,35.668877],[139.759665,35.668937],[139.759796,35.66884],[139.759827,35.668867]]]}},{"type":"Feature","properties":{"osm_type":"way","osm_id":149380571,"building":"yes","source_height_m":null,"source_levels":null,"display_height_m":17.0,"height_basis":"visual_fallback"},"geometry":{"type":"Polygon","coordinates":[[[139.759,35.668937],[139.759124,35.668837],[139.759008,35.668742],[139.759,35.668749],[139.759,35.668937]]]}},{"type":"Feature","properties":{"osm_type":"way","osm_id":149380572,"building":"yes","source_height_m":null,"source_levels":null,"display_height_m":20.0,"height_basis":"visual_fallback"},"geometry":{"type":"Polygon","coordinates":[[[139.760594,35.669204],[139.760686,35.669288],[139.760799,35.669207],[139.760707,35.669123],[139.760594,35.669204]]]}},{"type":"Feature","properties":{"osm_type":"way","osm_id":149380574,"building":"yes","source_height_m":null,"source_levels":9.0,"display_height_m":28.8,"height_basis":"osm_levels_x_3.2m"},"geometry":{"type":"Polygon","coordinates":[[[139.759098,35.669145],[139.759296,35.668987],[139.759205,35.668913],[139.759041,35.669048],[139.759098,35.669145]]]}},{"type":"Feature","properties":{"osm_type":"way","osm_id":149380575,"building":"yes","source_height_m":null,"source_levels":null,"display_height_m":14.0,"height_basis":"visual_fallback"},"geometry":{"type":"Polygon","coordinates":[[[139.759103,35.669168],[139.75914,35.66923],[139.759251,35.669149],[139.75919,35.6691],[139.759103,35.669168]]]}},{"type":"Feature","properties":{"osm_type":"way","osm_id":149380577,"building":"yes","source_height_m":57.0,"source_levels":12.0,"display_height_m":57.0,"height_basis":"osm_height"},"geometry":{"type":"Polygon","coordinates":[[[139.759,35.668735],[139.759,35.668739],[139.759002,35.668737],[139.759,35.668735]]]}},{"type":"Feature","properties":{"osm_type":"way","osm_id":149380578,"building":"yes","source_height_m":null,"source_levels":null,"display_height_m":23.0,"height_basis":"visual_fallback"},"geometry":{"type":"Polygon","coordinates":[[[139.759204,35.669102],[139.75934,35.669209],[139.759438,35.66914],[139.75944,35.669102],[139.759341,35.669033],[139.759263,35.669099],[139.759238,35.669077],[139.759204,35.669102]]]}},{"type":"Feature","properties":{"osm_type":"way","osm_id":149380579,"building":"yes","source_height_m":null,"source_levels":10.0,"display_height_m":32.0,"height_basis":"osm_levels_x_3.2m"},"geometry":{"type":"Polygon","coordinates":[[[139.759143,35.669243],[139.759175,35.669295],[139.759214,35.669304],[139.759335,35.669209],[139.759262,35.669151],[139.759143,35.669243]]]}},{"type":"Feature","properties":{"osm_type":"way","osm_id":149380581,"building":"yes","source_height_m":null,"source_levels":null,"display_height_m":17.0,"height_basis":"visual_fallback"},"geometry":{"type":"Polygon","coordinates":[[[139.760379,35.668807],[139.760273,35.668881],[139.760329,35.668934],[139.760262,35.668981],[139.760314,35.66903],[139.760323,35.669025],[139.760353,35.669054],[139.760365,35.669046],[139.76047,35.669145],[139.760623,35.66904],[139.760379,35.668807]]]}},{"type":"Feature","properties":{"osm_type":"way","osm_id":149385809,"building":"yes","source_height_m":null,"source_levels":null,"display_height_m":26.0,"height_basis":"visual_fallback"},"geometry":{"type":"Polygon","coordinates":[[[139.760778,35.672632],[139.760968,35.67287],[139.761003,35.672876],[139.761023,35.672858],[139.761123,35.672887],[139.761182,35.672728],[139.760792,35.672616],[139.760778,35.672632]]]}},{"type":"Feature","properties":{"osm_type":"way","osm_id":149385810,"building":"yes","source_height_m":null,"source_levels":null,"display_height_m":14.0,"height_basis":"visual_fallback"},"geometry":{"type":"Polygon","coordinates":[[[139.761295,35.673057],[139.761341,35.6731],[139.761423,35.673043],[139.761349,35.67302],[139.761295,35.673057]]]}},{"type":"Feature","properties":{"osm_type":"way","osm_id":149385811,"building":"yes","source_height_m":null,"source_levels":null,"display_height_m":17.0,"height_basis":"visual_fallback"},"geometry":{"type":"Polygon","coordinates":[[[139.761197,35.673024],[139.761254,35.672987],[139.761205,35.67297],[139.76118,35.673003],[139.761197,35.673024]]]}},{"type":"Feature","properties":{"osm_type":"way","osm_id":149385812,"building":"yes","source_height_m":null,"source_levels":null,"display_height_m":20.0,"height_basis":"visual_fallback"},"geometry":{"type":"Polygon","coordinates":[[[139.762068,35.673084],[139.762137,35.673036],[139.762104,35.673004],[139.762034,35.673052],[139.762068,35.673084]]]}},{"type":"Feature","properties":{"osm_type":"way","osm_id":149385813,"building":"yes","source_height_m":null,"source_levels":null,"display_height_m":23.0,"height_basis":"visual_fallback"},"geometry":{"type":"Polygon","coordinates":[[[139.761251,35.67308],[139.761343,35.673016],[139.761258,35.672989],[139.761197,35.673027],[139.761251,35.67308]]]}},{"type":"Feature","properties":{"osm_type":"way","osm_id":149385814,"building":"yes","source_height_m":null,"source_levels":null,"display_height_m":26.0,"height_basis":"visual_fallback"},"geometry":{"type":"Polygon","coordinates":[[[139.761257,35.673082],[139.761292,35.673114],[139.761327,35.67309],[139.761292,35.673058],[139.761257,35.673082]]]}},{"type":"Feature","properties":{"osm_type":"way","osm_id":149385815,"building":"yes","source_height_m":null,"source_levels":null,"display_height_m":14.0,"height_basis":"visual_fallback"},"geometry":{"type":"Polygon","coordinates":[[[139.761418,35.673176],[139.761471,35.673141],[139.761439,35.673109],[139.761386,35.673144],[139.761418,35.673176]]]}},{"type":"Feature","properties":{"osm_type":"way","osm_id":149385816,"building":"yes","source_height_m":null,"source_levels":null,"display_height_m":17.0,"height_basis":"visual_fallback"},"geometry":{"type":"Polygon","coordinates":[[[139.763152,35.672861],[139.763234,35.672874],[139.763245,35.672831],[139.763163,35.672818],[139.763152,35.672861]]]}},{"type":"Feature","properties":{"osm_type":"way","osm_id":149385818,"building":"yes","source_height_m":null,"source_levels":null,"display_height_m":23.0,"height_basis":"visual_fallback"},"geometry":{"type":"Polygon","coordinates":[[[139.761416,35.673231],[139.761475,35.673286],[139.76153,35.673247],[139.761471,35.673192],[139.761416,35.673231]]]}},{"type":"Feature","properties":{"osm_type":"way","osm_id":149385820,"building":"yes","source_height_m":null,"source_levels":null,"display_height_m":14.0,"height_basis":"visual_fallback"},"geometry":{"type":"Polygon","coordinates":[[[139.763272,35.672862],[139.763331,35.672871],[139.763343,35.672821],[139.763284,35.672812],[139.763272,35.672862]]]}},{"type":"Feature","properties":{"osm_type":"way","osm_id":149385821,"building":"yes","source_height_m":null,"source_levels":null,"display_height_m":17.0,"height_basis":"visual_fallback"},"geometry":{"type":"Polygon","coordinates":[[[139.761483,35.673139],[139.761563,35.673089],[139.761557,35.673072],[139.761512,35.67306],[139.761447,35.673102],[139.761483,35.673139]]]}},{"type":"Feature","properties":{"osm_type":"way","osm_id":149385823,"building":"yes","source_height_m":null,"source_levels":null,"display_height_m":23.0,"height_basis":"visual_fallback"},"geometry":{"type":"Polygon","coordinates":[[[139.761544,35.673143],[139.761627,35.673227],[139.761699,35.673181],[139.761788,35.673273],[139.761907,35.673197],[139.761906,35.673174],[139.761619,35.673094],[139.761544,35.673143]]]}},{"type":"Feature","properties":{"osm_type":"way","osm_id":149385824,"building":"yes","source_height_m":null,"source_levels":null,"display_height_m":26.0,"height_basis":"visual_fallback"},"geometry":{"type":"Polygon","coordinates":[[[139.76134,35.673105],[139.761329,35.673095],[139.761294,35.673118],[139.761382,35.673206],[139.761416,35.673184],[139.761379,35.673145],[139.761503,35.673058],[139.761435,35.673038],[139.76134,35.673105]]]}},{"type":"Feature","properties":{"osm_type":"way","osm_id":149385825,"building":"yes","source_height_m":null,"source_levels":null,"display_height_m":14.0,"height_basis":"visual_fallback"},"geometry":{"type":"Polygon","coordinates":[[[139.761592,35.673395],[139.761784,35.673277],[139.761702,35.673192],[139.761628,35.673238],[139.761545,35.673152],[139.76149,35.673191],[139.761541,35.673251],[139.761482,35.673288],[139.761592,35.673395]]]}},{"type":"Feature","properties":{"osm_type":"way","osm_id":149853648,"building":"yes","source_height_m":null,"source_levels":18.0,"display_height_m":57.6,"height_basis":"osm_levels_x_3.2m"},"geometry":{"type":"Polygon","coordinates":[[[139.766927,35.6645],[139.766934,35.664506],[139.766942,35.6645],[139.766927,35.6645]]]}},{"type":"Feature","properties":{"osm_type":"way","osm_id":149853681,"building":"yes","source_height_m":null,"source_levels":null,"display_height_m":17.0,"height_basis":"visual_fallback"},"geometry":{"type":"Polygon","coordinates":[[[139.769153,35.66512],[139.76919,35.665145],[139.769219,35.665118],[139.769182,35.665092],[139.769153,35.66512]]]}},{"type":"Feature","properties":{"osm_type":"way","osm_id":149853683,"building":"hospital","source_height_m":null,"source_levels":null,"display_height_m":23.0,"height_basis":"visual_fallback"},"geometry":{"type":"Polygon","coordinates":[[[139.767625,35.665454],[139.767741,35.665546],[139.767899,35.665541],[139.76809,35.665686],[139.768095,35.665815],[139.768209,35.665898],[139.768532,35.665611],[139.768619,35.665534],[139.768515,35.665456],[139.76828,35.665467],[139.768158,35.665378],[139.768157,35.665182],[139.768039,35.665092],[139.767625,35.665454]]]}},{"type":"Feature","properties":{"osm_type":"way","osm_id":149853691,"building":"yes","source_height_m":null,"source_levels":null,"display_height_m":17.0,"height_basis":"visual_fallback"},"geometry":{"type":"Polygon","coordinates":[[[139.770204,35.664671],[139.770249,35.664702],[139.77031,35.664644],[139.770265,35.664613],[139.770204,35.664671]]]}},{"type":"Feature","properties":{"osm_type":"way","osm_id":149853696,"building":"yes","source_height_m":null,"source_levels":null,"display_height_m":17.0,"height_basis":"visual_fallback"},"geometry":{"type":"Polygon","coordinates":[[[139.769099,35.665087],[139.769146,35.665119],[139.76918,35.665086],[139.769133,35.665054],[139.769099,35.665087]]]}},{"type":"Feature","properties":{"osm_type":"way","osm_id":149853718,"building":"yes","source_height_m":null,"source_levels":null,"display_height_m":23.0,"height_basis":"visual_fallback"},"geometry":{"type":"Polygon","coordinates":[[[139.771784,35.6645],[139.771807,35.664517],[139.771826,35.6645],[139.771784,35.6645]]]}},{"type":"Feature","properties":{"osm_type":"way","osm_id":149853793,"building":"office","source_height_m":null,"source_levels":null,"display_height_m":23.0,"height_basis":"visual_fallback"},"geometry":{"type":"Polygon","coordinates":[[[139.766882,35.665246],[139.767339,35.665592],[139.767699,35.665278],[139.767467,35.665102],[139.767241,35.664932],[139.766882,35.665246]]]}},{"type":"Feature","properties":{"osm_type":"way","osm_id":149853806,"building":"yes","source_height_m":null,"source_levels":null,"display_height_m":17.0,"height_basis":"visual_fallback"},"geometry":{"type":"Polygon","coordinates":[[[139.768036,35.666678],[139.768518,35.666228],[139.768317,35.666086],[139.767835,35.666536],[139.768036,35.666678]]]}},{"type":"Feature","properties":{"osm_type":"way","osm_id":149853810,"building":"yes","source_height_m":null,"source_levels":null,"display_height_m":14.0,"height_basis":"visual_fallback"},"geometry":{"type":"Polygon","coordinates":[[[139.769482,35.665143],[139.769531,35.665177],[139.770187,35.664555],[139.770143,35.664524],[139.770147,35.664519],[139.770169,35.66453],[139.770199,35.664529],[139.770225,35.664521],[139.770246,35.66451],[139.770255,35.6645],[139.770008,35.6645],[139.769395,35.665082],[139.769425,35.665105],[139.769423,35.665107],[139.769365,35.66511],[139.769334,35.665124],[139.769313,35.665144],[139.769302,35.665165],[139.769299,35.665196],[139.769308,35.665222],[139.769329,35.665245],[139.769355,35.66526],[139.769389,35.665268],[139.769418,35.665266],[139.769444,35.665259],[139.769466,35.665247],[139.769485,35.665228],[139.769497,35.665204],[139.769498,35.665179],[139.769478,35.665145],[139.769482,35.665143]]]}},{"type":"Feature","properties":{"osm_type":"way","osm_id":149853826,"building":"yes","source_height_m":null,"source_levels":null,"display_height_m":17.0,"height_basis":"visual_fallback"},"geometry":{"type":"Polygon","coordinates":[[[139.767346,35.664869],[139.76777,35.665191],[139.767816,35.665151],[139.767825,35.665158],[139.768195,35.664837],[139.768193,35.664829],[139.768178,35.664742],[139.767867,35.664508],[139.767738,35.664501],[139.767595,35.664625],[139.767373,35.664818],[139.76739,35.664831],[139.767346,35.664869]]]}},{"type":"Feature","properties":{"osm_type":"way","osm_id":149853840,"building":"office","source_height_m":null,"source_levels":null,"display_height_m":14.0,"height_basis":"visual_fallback"},"geometry":{"type":"Polygon","coordinates":[[[139.767323,35.665681],[139.767135,35.665547],[139.76701,35.665663],[139.767199,35.665797],[139.767323,35.665681]]]}},{"type":"Feature","properties":{"osm_type":"way","osm_id":149853842,"building":"retail","source_height_m":null,"source_levels":null,"display_height_m":20.0,"height_basis":"visual_fallback"},"geometry":{"type":"Polygon","coordinates":[[[139.769622,35.665314],[139.770165,35.6648],[139.770128,35.664774],[139.770176,35.664729],[139.770126,35.664693],[139.770102,35.664717],[139.770057,35.664685],[139.76949,35.665222],[139.769622,35.665314]]]}},{"type":"Feature","properties":{"osm_type":"way","osm_id":150795561,"building":"yes","source_height_m":null,"source_levels":null,"display_height_m":17.0,"height_basis":"visual_fallback"},"geometry":{"type":"Polygon","coordinates":[[[139.764264,35.665465],[139.764319,35.66551],[139.764466,35.665391],[139.764411,35.665346],[139.764494,35.665279],[139.763857,35.664758],[139.763773,35.664826],[139.76374,35.6648],[139.763593,35.664918],[139.76363,35.664948],[139.763574,35.664994],[139.763533,35.665181],[139.764072,35.665621],[139.764264,35.665465]]]}},{"type":"Feature","properties":{"osm_type":"way","osm_id":150795562,"building":"yes","source_height_m":null,"source_levels":null,"display_height_m":20.0,"height_basis":"visual_fallback"},"geometry":{"type":"Polygon","coordinates":[[[139.764716,35.665286],[139.764569,35.665412],[139.765169,35.665875],[139.765316,35.665749],[139.764716,35.665286]]]}},{"type":"Feature","properties":{"osm_type":"way","osm_id":150795563,"building":"yes","source_height_m":null,"source_levels":null,"display_height_m":23.0,"height_basis":"visual_fallback"},"geometry":{"type":"Polygon","coordinates":[[[139.763834,35.666037],[139.763933,35.666116],[139.764044,35.666026],[139.763919,35.665926],[139.763846,35.665985],[139.763856,35.665993],[139.763838,35.666008],[139.763854,35.666021],[139.763834,35.666037]]]}},{"type":"Feature","properties":{"osm_type":"way","osm_id":150795564,"building":"yes","source_height_m":null,"source_levels":null,"display_height_m":26.0,"height_basis":"visual_fallback"},"geometry":{"type":"Polygon","coordinates":[[[139.765731,35.665993],[139.765813,35.666053],[139.76588,35.665992],[139.765798,35.665932],[139.765731,35.665993]]]}},{"type":"Feature","properties":{"osm_type":"way","osm_id":150795565,"building":"yes","source_height_m":null,"source_levels":null,"display_height_m":14.0,"height_basis":"visual_fallback"},"geometry":{"type":"Polygon","coordinates":[[[139.765573,35.666121],[139.76563,35.666163],[139.765775,35.666033],[139.765718,35.665991],[139.765573,35.666121]]]}},{"type":"Feature","properties":{"osm_type":"way","osm_id":150795567,"building":"yes","source_height_m":null,"source_levels":null,"display_height_m":20.0,"height_basis":"visual_fallback"},"geometry":{"type":"Polygon","coordinates":[[[139.764208,35.665719],[139.764374,35.665848],[139.764734,35.665542],[139.764569,35.665413],[139.764208,35.665719]]]}},{"type":"Feature","properties":{"osm_type":"way","osm_id":150795568,"building":"yes","source_height_m":null,"source_levels":null,"display_height_m":23.0,"height_basis":"visual_fallback"},"geometry":{"type":"Polygon","coordinates":[[[139.765563,35.666227],[139.765718,35.666342],[139.765927,35.666154],[139.765772,35.66604],[139.765563,35.666227]]]}},{"type":"Feature","properties":{"osm_type":"way","osm_id":150795569,"building":"yes","source_height_m":null,"source_levels":null,"display_height_m":26.0,"height_basis":"visual_fallback"},"geometry":{"type":"Polygon","coordinates":[[[139.763584,35.665789],[139.76366,35.665723],[139.763574,35.665658],[139.763498,35.665724],[139.763584,35.665789]]]}},{"type":"Feature","properties":{"osm_type":"way","osm_id":150795570,"building":"yes","source_height_m":null,"source_levels":null,"display_height_m":14.0,"height_basis":"visual_fallback"},"geometry":{"type":"Polygon","coordinates":[[[139.765889,35.666116],[139.765925,35.666142],[139.765988,35.666085],[139.765953,35.666059],[139.765889,35.666116]]]}},{"type":"Feature","properties":{"osm_type":"way","osm_id":150795571,"building":"yes","source_height_m":null,"source_levels":null,"display_height_m":17.0,"height_basis":"visual_fallback"},"geometry":{"type":"Polygon","coordinates":[[[139.766014,35.666586],[139.766105,35.666657],[139.766208,35.66657],[139.766117,35.666499],[139.766014,35.666586]]]}},{"type":"Feature","properties":{"osm_type":"way","osm_id":150795572,"building":"yes","source_height_m":null,"source_levels":null,"display_height_m":20.0,"height_basis":"visual_fallback"},"geometry":{"type":"Polygon","coordinates":[[[139.766182,35.666351],[139.766251,35.666294],[139.766148,35.666214],[139.76608,35.666272],[139.766182,35.666351]]]}},{"type":"Feature","properties":{"osm_type":"way","osm_id":150795573,"building":"yes","source_height_m":null,"source_levels":null,"display_height_m":23.0,"height_basis":"visual_fallback"},"geometry":{"type":"Polygon","coordinates":[[[139.765716,35.666353],[139.765857,35.666457],[139.765992,35.666336],[139.765851,35.666232],[139.765716,35.666353]]]}},{"type":"Feature","properties":{"osm_type":"way","osm_id":150795574,"building":"yes","source_height_m":null,"source_levels":null,"display_height_m":26.0,"height_basis":"visual_fallback"},"geometry":{"type":"Polygon","coordinates":[[[139.765359,35.665766],[139.76545,35.665836],[139.765518,35.665778],[139.765433,35.665706],[139.765359,35.665766]]]}},{"type":"Feature","properties":{"osm_type":"way","osm_id":150795575,"building":"yes","source_height_m":null,"source_levels":null,"display_height_m":14.0,"height_basis":"visual_fallback"},"geometry":{"type":"Polygon","coordinates":[[[139.763463,35.665879],[139.763572,35.665786],[139.763495,35.665727],[139.763387,35.665821],[139.763463,35.665879]]]}},{"type":"Feature","properties":{"osm_type":"way","osm_id":150795576,"building":"yes","source_height_m":null,"source_levels":null,"display_height_m":17.0,"height_basis":"visual_fallback"},"geometry":{"type":"Polygon","coordinates":[[[139.765877,35.66624],[139.765971,35.666308],[139.766107,35.666187],[139.766013,35.666118],[139.765877,35.66624]]]}},{"type":"Feature","properties":{"osm_type":"way","osm_id":150795577,"building":"yes","source_height_m":null,"source_levels":null,"display_height_m":20.0,"height_basis":"visual_fallback"},"geometry":{"type":"Polygon","coordinates":[[[139.763465,35.665896],[139.763654,35.666041],[139.763743,35.665964],[139.763554,35.66582],[139.763465,35.665896]]]}},{"type":"Feature","properties":{"osm_type":"way","osm_id":150795579,"building":"yes","source_height_m":null,"source_levels":null,"display_height_m":26.0,"height_basis":"visual_fallback"},"geometry":{"type":"Polygon","coordinates":[[[139.766009,35.666579],[139.766302,35.666331],[139.766262,35.6663],[139.766182,35.666368],[139.766063,35.666275],[139.765995,35.666333],[139.766051,35.666376],[139.766013,35.666407],[139.765978,35.66638],[139.765871,35.666471],[139.766009,35.666579]]]}},{"type":"Feature","properties":{"osm_type":"way","osm_id":150795580,"building":"yes","source_height_m":null,"source_levels":null,"display_height_m":14.0,"height_basis":"visual_fallback"},"geometry":{"type":"Polygon","coordinates":[[[139.763755,35.665966],[139.763803,35.666004],[139.763919,35.665909],[139.763871,35.66587],[139.763755,35.665966]]]}},{"type":"Feature","properties":{"osm_type":"way","osm_id":150795581,"building":"yes","source_height_m":null,"source_levels":null,"display_height_m":17.0,"height_basis":"visual_fallback"},"geometry":{"type":"Polygon","coordinates":[[[139.766284,35.666177],[139.766369,35.666243],[139.766534,35.666103],[139.766449,35.666037],[139.766284,35.666177]]]}},{"type":"Feature","properties":{"osm_type":"way","osm_id":150795582,"building":"yes","source_height_m":null,"source_levels":null,"display_height_m":20.0,"height_basis":"visual_fallback"},"geometry":{"type":"Polygon","coordinates":[[[139.763678,35.665881],[139.763762,35.665945],[139.763854,35.665865],[139.763771,35.665801],[139.763678,35.665881]]]}},{"type":"Feature","properties":{"osm_type":"way","osm_id":150795583,"building":"yes","source_height_m":null,"source_levels":null,"display_height_m":23.0,"height_basis":"visual_fallback"},"geometry":{"type":"Polygon","coordinates":[[[139.766463,35.666279],[139.766603,35.66616],[139.766534,35.666106],[139.766393,35.666225],[139.766463,35.666279]]]}},{"type":"Feature","properties":{"osm_type":"way","osm_id":150795584,"building":"yes","source_height_m":null,"source_levels":null,"display_height_m":26.0,"height_basis":"visual_fallback"},"geometry":{"type":"Polygon","coordinates":[[[139.76356,35.665818],[139.763654,35.66589],[139.763769,35.665791],[139.763675,35.665719],[139.76356,35.665818]]]}},{"type":"Feature","properties":{"osm_type":"way","osm_id":150795585,"building":"yes","source_height_m":null,"source_levels":null,"display_height_m":14.0,"height_basis":"visual_fallback"},"geometry":{"type":"Polygon","coordinates":[[[139.766039,35.666002],[139.766196,35.665869],[139.766143,35.665828],[139.765986,35.66596],[139.766039,35.666002]]]}},{"type":"Feature","properties":{"osm_type":"way","osm_id":150795586,"building":"yes","source_height_m":null,"source_levels":null,"display_height_m":17.0,"height_basis":"visual_fallback"},"geometry":{"type":"Polygon","coordinates":[[[139.766049,35.666007],[139.766266,35.666177],[139.766437,35.666033],[139.76622,35.665863],[139.766049,35.666007]]]}},{"type":"Feature","properties":{"osm_type":"way","osm_id":150795587,"building":"yes","source_height_m":null,"source_levels":null,"display_height_m":20.0,"height_basis":"visual_fallback"},"geometry":{"type":"Polygon","coordinates":[[[139.765154,35.665908],[139.765226,35.665968],[139.765321,35.665888],[139.765248,35.66583],[139.765154,35.665908]]]}},{"type":"Feature","properties":{"osm_type":"way","osm_id":150795588,"building":"yes","source_height_m":null,"source_levels":null,"display_height_m":23.0,"height_basis":"visual_fallback"},"geometry":{"type":"Polygon","coordinates":[[[139.765255,35.665827],[139.765359,35.66591],[139.76544,35.665843],[139.765337,35.66576],[139.765255,35.665827]]]}},{"type":"Feature","properties":{"osm_type":"way","osm_id":150795589,"building":"yes","source_height_m":null,"source_levels":null,"display_height_m":26.0,"height_basis":"visual_fallback"},"geometry":{"type":"Polygon","coordinates":[[[139.765447,35.665702],[139.765548,35.665788],[139.765655,35.665704],[139.765554,35.665618],[139.765447,35.665702]]]}},{"type":"Feature","properties":{"osm_type":"way","osm_id":150795590,"building":"yes","source_height_m":null,"source_levels":null,"display_height_m":14.0,"height_basis":"visual_fallback"},"geometry":{"type":"Polygon","coordinates":[[[139.764203,35.665912],[139.764261,35.66596],[139.764353,35.665884],[139.764295,35.665837],[139.764203,35.665912]]]}},{"type":"Feature","properties":{"osm_type":"way","osm_id":150795594,"building":"apartments","source_height_m":null,"source_levels":null,"display_height_m":26.0,"height_basis":"visual_fallback"},"geometry":{"type":"Polygon","coordinates":[[[139.763157,35.666018],[139.76333,35.666155],[139.763505,35.666015],[139.763318,35.665861],[139.763187,35.665962],[139.763157,35.666018]]]}},{"type":"Feature","properties":{"osm_type":"way","osm_id":150795595,"building":"yes","source_height_m":null,"source_levels":null,"display_height_m":14.0,"height_basis":"visual_fallback"},"geometry":{"type":"Polygon","coordinates":[[[139.76622,35.666731],[139.766313,35.666801],[139.766367,35.666801],[139.766475,35.666704],[139.766356,35.666612],[139.76622,35.666731]]]}},{"type":"Feature","properties":{"osm_type":"way","osm_id":150795597,"building":"yes","source_height_m":null,"source_levels":null,"display_height_m":20.0,"height_basis":"visual_fallback"},"geometry":{"type":"Polygon","coordinates":[[[139.764661,35.665196],[139.765118,35.664827],[139.76478,35.6645],[139.764524,35.6645],[139.764191,35.664634],[139.764093,35.664722],[139.764661,35.665196]]]}},{"type":"Feature","properties":{"osm_type":"way","osm_id":150795598,"building":"yes","source_height_m":null,"source_levels":null,"display_height_m":23.0,"height_basis":"visual_fallback"},"geometry":{"type":"Polygon","coordinates":[[[139.765559,35.666223],[139.765622,35.666166],[139.765561,35.666122],[139.765514,35.666163],[139.765516,35.666192],[139.765559,35.666223]]]}},{"type":"Feature","properties":{"osm_type":"way","osm_id":150795599,"building":"yes","source_height_m":null,"source_levels":null,"display_height_m":26.0,"height_basis":"visual_fallback"},"geometry":{"type":"Polygon","coordinates":[[[139.765229,35.665972],[139.765252,35.66599],[139.765297,35.665989],[139.765369,35.665927],[139.765324,35.665891],[139.765229,35.665972]]]}},{"type":"Feature","properties":{"osm_type":"way","osm_id":150795600,"building":"yes","source_height_m":null,"source_levels":null,"display_height_m":14.0,"height_basis":"visual_fallback"},"geometry":{"type":"Polygon","coordinates":[[[139.763907,35.666254],[139.764114,35.666085],[139.76405,35.666033],[139.763927,35.666133],[139.763783,35.666016],[139.763698,35.666086],[139.763907,35.666254]]]}},{"type":"Feature","properties":{"osm_type":"way","osm_id":150795601,"building":"yes","source_height_m":null,"source_levels":null,"display_height_m":17.0,"height_basis":"visual_fallback"},"geometry":{"type":"Polygon","coordinates":[[[139.764181,35.665907],[139.764276,35.665829],[139.764113,35.665697],[139.763945,35.665836],[139.764176,35.666022],[139.764249,35.665962],[139.764181,35.665907]]]}},{"type":"Feature","properties":{"osm_type":"way","osm_id":150795602,"building":"yes","source_height_m":null,"source_levels":null,"display_height_m":20.0,"height_basis":"visual_fallback"},"geometry":{"type":"Polygon","coordinates":[[[139.766329,35.666481],[139.766342,35.666491],[139.766422,35.666423],[139.766308,35.666333],[139.766227,35.666401],[139.76625,35.666419],[139.766175,35.666483],[139.766254,35.666545],[139.766329,35.666481]]]}},{"type":"Feature","properties":{"osm_type":"way","osm_id":150795603,"building":"yes","source_height_m":null,"source_levels":null,"display_height_m":23.0,"height_basis":"visual_fallback"},"geometry":{"type":"Polygon","coordinates":[[[139.766357,35.666606],[139.766484,35.666702],[139.766631,35.666579],[139.766441,35.666426],[139.766261,35.66658],[139.766233,35.666558],[139.766113,35.666662],[139.766208,35.666734],[139.766357,35.666606]]]}},{"type":"Feature","properties":{"osm_type":"way","osm_id":150795604,"building":"yes","source_height_m":null,"source_levels":null,"display_height_m":26.0,"height_basis":"visual_fallback"},"geometry":{"type":"Polygon","coordinates":[[[139.766437,35.666316],[139.766631,35.666467],[139.766656,35.666445],[139.7667,35.666479],[139.766804,35.666391],[139.76676,35.666357],[139.766804,35.66632],[139.766611,35.666169],[139.766437,35.666316]]]}},{"type":"Feature","properties":{"osm_type":"way","osm_id":150796274,"building":"yes","source_height_m":null,"source_levels":null,"display_height_m":26.0,"height_basis":"visual_fallback"},"geometry":{"type":"Polygon","coordinates":[[[139.763701,35.666305],[139.763685,35.666292],[139.763666,35.666309],[139.763607,35.666263],[139.763531,35.666328],[139.763593,35.666377],[139.763626,35.666349],[139.763703,35.666409],[139.763778,35.666345],[139.763713,35.666295],[139.763701,35.666305]]]}},{"type":"Feature","properties":{"osm_type":"way","osm_id":150796275,"building":"yes","source_height_m":null,"source_levels":null,"display_height_m":14.0,"height_basis":"visual_fallback"},"geometry":{"type":"Polygon","coordinates":[[[139.764406,35.666508],[139.764542,35.666616],[139.764632,35.666542],[139.76458,35.6665],[139.764604,35.66648],[139.764543,35.666432],[139.764519,35.666452],[139.764496,35.666433],[139.764525,35.666409],[139.764424,35.666329],[139.764299,35.666432],[139.7644,35.666512],[139.764406,35.666508]]]}},{"type":"Feature","properties":{"osm_type":"way","osm_id":150796276,"building":"yes","source_height_m":null,"source_levels":null,"display_height_m":17.0,"height_basis":"visual_fallback"},"geometry":{"type":"Polygon","coordinates":[[[139.764431,35.665978],[139.764571,35.666087],[139.76461,35.666053],[139.76447,35.665945],[139.764431,35.665978]]]}},{"type":"Feature","properties":{"osm_type":"way","osm_id":150796277,"building":"yes","source_height_m":null,"source_levels":null,"display_height_m":20.0,"height_basis":"visual_fallback"},"geometry":{"type":"Polygon","coordinates":[[[139.764854,35.666043],[139.764971,35.666138],[139.765009,35.666107],[139.765053,35.666071],[139.764936,35.665976],[139.764854,35.666043]]]}},{"type":"Feature","properties":{"osm_type":"way","osm_id":150796278,"building":"yes","source_height_m":null,"source_levels":null,"display_height_m":23.0,"height_basis":"visual_fallback"},"geometry":{"type":"Polygon","coordinates":[[[139.765053,35.666071],[139.765112,35.666023],[139.764995,35.665928],[139.764936,35.665976],[139.765053,35.666071]]]}},{"type":"Feature","properties":{"osm_type":"way","osm_id":150796279,"building":"yes","source_height_m":null,"source_levels":null,"display_height_m":26.0,"height_basis":"visual_fallback"},"geometry":{"type":"Polygon","coordinates":[[[139.76446,35.666687],[139.764537,35.666623],[139.764462,35.666564],[139.764385,35.666627],[139.76446,35.666687]]]}},{"type":"Feature","properties":{"osm_type":"way","osm_id":150796280,"building":"yes","source_height_m":null,"source_levels":null,"display_height_m":14.0,"height_basis":"visual_fallback"},"geometry":{"type":"Polygon","coordinates":[[[139.764107,35.666249],[139.764159,35.66629],[139.764187,35.666267],[139.764135,35.666226],[139.764107,35.666249]]]}},{"type":"Feature","properties":{"osm_type":"way","osm_id":150796283,"building":"yes","source_height_m":null,"source_levels":null,"display_height_m":23.0,"height_basis":"visual_fallback"},"geometry":{"type":"Polygon","coordinates":[[[139.764734,35.666457],[139.764874,35.666337],[139.764797,35.666278],[139.764657,35.666397],[139.764734,35.666457]]]}},{"type":"Feature","properties":{"osm_type":"way","osm_id":150796284,"building":"yes","source_height_m":null,"source_levels":null,"display_height_m":26.0,"height_basis":"visual_fallback"},"geometry":{"type":"Polygon","coordinates":[[[139.764337,35.666592],[139.764379,35.666625],[139.764457,35.66656],[139.764416,35.666527],[139.764337,35.666592]]]}},{"type":"Feature","properties":{"osm_type":"way","osm_id":150796285,"building":"yes","source_height_m":null,"source_levels":null,"display_height_m":14.0,"height_basis":"visual_fallback"},"geometry":{"type":"Polygon","coordinates":[[[139.764533,35.666303],[139.764579,35.666339],[139.764652,35.666277],[139.764606,35.666241],[139.764533,35.666303]]]}},{"type":"Feature","properties":{"osm_type":"way","osm_id":150796287,"building":"yes","source_height_m":null,"source_levels":null,"display_height_m":20.0,"height_basis":"visual_fallback"},"geometry":{"type":"Polygon","coordinates":[[[139.764293,35.666434],[139.764423,35.666327],[139.764304,35.666233],[139.764255,35.666273],[139.764266,35.666282],[139.764165,35.666366],[139.764063,35.666285],[139.764003,35.666335],[139.764324,35.666591],[139.764405,35.666524],[139.764293,35.666434]]]}},{"type":"Feature","properties":{"osm_type":"way","osm_id":150796288,"building":"yes","source_height_m":null,"source_levels":null,"display_height_m":23.0,"height_basis":"visual_fallback"},"geometry":{"type":"Polygon","coordinates":[[[139.764282,35.666101],[139.76436,35.666165],[139.764499,35.666052],[139.764421,35.665988],[139.764282,35.666101]]]}},{"type":"Feature","properties":{"osm_type":"way","osm_id":150796289,"building":"yes","source_height_m":null,"source_levels":null,"display_height_m":26.0,"height_basis":"visual_fallback"},"geometry":{"type":"Polygon","coordinates":[[[139.764829,35.666254],[139.764853,35.666234],[139.764886,35.666208],[139.764926,35.666175],[139.764953,35.666152],[139.764971,35.666138],[139.764854,35.666043],[139.764705,35.666165],[139.764802,35.666243],[139.764793,35.66625],[139.764803,35.666259],[139.764829,35.666254]]]}},{"type":"Feature","properties":{"osm_type":"way","osm_id":150796290,"building":"yes","source_height_m":null,"source_levels":null,"display_height_m":14.0,"height_basis":"visual_fallback"},"geometry":{"type":"Polygon","coordinates":[[[139.764934,35.666302],[139.764967,35.666276],[139.764926,35.666242],[139.764886,35.666208],[139.764853,35.666234],[139.764934,35.666302]]]}},{"type":"Feature","properties":{"osm_type":"way","osm_id":150796291,"building":"yes","source_height_m":null,"source_levels":null,"display_height_m":17.0,"height_basis":"visual_fallback"},"geometry":{"type":"Polygon","coordinates":[[[139.765093,35.666175],[139.765009,35.666107],[139.764971,35.666138],[139.765055,35.666206],[139.765093,35.666175]]]}},{"type":"Feature","properties":{"osm_type":"way","osm_id":150796293,"building":"yes","source_height_m":null,"source_levels":null,"display_height_m":23.0,"height_basis":"visual_fallback"},"geometry":{"type":"Polygon","coordinates":[[[139.763493,35.666081],[139.763555,35.666129],[139.7636,35.666091],[139.763538,35.666043],[139.763493,35.666081]]]}},{"type":"Feature","properties":{"osm_type":"way","osm_id":150796294,"building":"yes","source_height_m":null,"source_levels":null,"display_height_m":26.0,"height_basis":"visual_fallback"},"geometry":{"type":"Polygon","coordinates":[[[139.763436,35.66624],[139.763507,35.666295],[139.763672,35.666155],[139.763601,35.6661],[139.763436,35.66624]]]}},{"type":"Feature","properties":{"osm_type":"way","osm_id":150796295,"building":"yes","source_height_m":null,"source_levels":null,"display_height_m":14.0,"height_basis":"visual_fallback"},"geometry":{"type":"Polygon","coordinates":[[[139.763869,35.666587],[139.763906,35.666615],[139.763975,35.666556],[139.763938,35.666528],[139.763869,35.666587]]]}},{"type":"Feature","properties":{"osm_type":"way","osm_id":150796296,"building":"yes","source_height_m":null,"source_levels":null,"display_height_m":17.0,"height_basis":"visual_fallback"},"geometry":{"type":"Polygon","coordinates":[[[139.763367,35.666185],[139.763429,35.666233],[139.763524,35.666153],[139.763463,35.666105],[139.763367,35.666185]]]}},{"type":"Feature","properties":{"osm_type":"way","osm_id":150796297,"building":"yes","source_height_m":null,"source_levels":null,"display_height_m":20.0,"height_basis":"visual_fallback"},"geometry":{"type":"Polygon","coordinates":[[[139.764496,35.666278],[139.764684,35.666126],[139.76462,35.666074],[139.764575,35.666111],[139.764526,35.666072],[139.764506,35.666089],[139.764488,35.666073],[139.76444,35.666112],[139.764458,35.666128],[139.764456,35.66613],[139.764504,35.666169],[139.764433,35.666227],[139.764496,35.666278]]]}},{"type":"Feature","properties":{"osm_type":"way","osm_id":150796298,"building":"yes","source_height_m":null,"source_levels":null,"display_height_m":23.0,"height_basis":"visual_fallback"},"geometry":{"type":"Polygon","coordinates":[[[139.764165,35.666198],[139.764244,35.666261],[139.764297,35.666218],[139.764218,35.666154],[139.764165,35.666198]]]}},{"type":"Feature","properties":{"osm_type":"way","osm_id":150796299,"building":"yes","source_height_m":null,"source_levels":null,"display_height_m":26.0,"height_basis":"visual_fallback"},"geometry":{"type":"Polygon","coordinates":[[[139.764886,35.666208],[139.764926,35.666242],[139.764967,35.666276],[139.765008,35.666244],[139.764926,35.666175],[139.764886,35.666208]]]}},{"type":"Feature","properties":{"osm_type":"way","osm_id":150796300,"building":"yes","source_height_m":null,"source_levels":null,"display_height_m":14.0,"height_basis":"visual_fallback"},"geometry":{"type":"Polygon","coordinates":[[[139.764696,35.666117],[139.764957,35.665906],[139.764896,35.665856],[139.764818,35.66592],[139.764811,35.665914],[139.764795,35.665916],[139.764749,35.665953],[139.764762,35.665965],[139.764737,35.665985],[139.764714,35.665966],[139.764682,35.665992],[139.764705,35.666011],[139.764635,35.666068],[139.764696,35.666117]]]}},{"type":"Feature","properties":{"osm_type":"way","osm_id":150796301,"building":"yes","source_height_m":null,"source_levels":null,"display_height_m":17.0,"height_basis":"visual_fallback"},"geometry":{"type":"Polygon","coordinates":[[[139.764135,35.666326],[139.764163,35.666348],[139.764201,35.666317],[139.764173,35.666295],[139.764135,35.666326]]]}},{"type":"Feature","properties":{"osm_type":"way","osm_id":150796302,"building":"yes","source_height_m":null,"source_levels":null,"display_height_m":20.0,"height_basis":"visual_fallback"},"geometry":{"type":"Polygon","coordinates":[[[139.765037,35.666221],[139.765055,35.666206],[139.764971,35.666138],[139.764953,35.666152],[139.765037,35.666221]]]}},{"type":"Feature","properties":{"osm_type":"way","osm_id":150796305,"building":"yes","source_height_m":null,"source_levels":null,"display_height_m":14.0,"height_basis":"visual_fallback"},"geometry":{"type":"Polygon","coordinates":[[[139.764672,35.665783],[139.764817,35.665895],[139.764879,35.665842],[139.764734,35.66573],[139.764672,35.665783]]]}},{"type":"Feature","properties":{"osm_type":"way","osm_id":150796306,"building":"yes","source_height_m":null,"source_levels":null,"display_height_m":17.0,"height_basis":"visual_fallback"},"geometry":{"type":"Polygon","coordinates":[[[139.764615,35.666235],[139.764671,35.666279],[139.764726,35.666232],[139.76467,35.666189],[139.764615,35.666235]]]}},{"type":"Feature","properties":{"osm_type":"way","osm_id":150796308,"building":"yes","source_height_m":null,"source_levels":null,"display_height_m":23.0,"height_basis":"visual_fallback"},"geometry":{"type":"Polygon","coordinates":[[[139.764679,35.666282],[139.764732,35.666324],[139.764789,35.666275],[139.764736,35.666233],[139.764679,35.666282]]]}},{"type":"Feature","properties":{"osm_type":"way","osm_id":150796309,"building":"yes","source_height_m":null,"source_levels":null,"display_height_m":26.0,"height_basis":"visual_fallback"},"geometry":{"type":"Polygon","coordinates":[[[139.764364,35.666172],[139.76443,35.666224],[139.764493,35.666171],[139.764426,35.666119],[139.764364,35.666172]]]}},{"type":"Feature","properties":{"osm_type":"way","osm_id":150796311,"building":"yes","source_height_m":null,"source_levels":null,"display_height_m":17.0,"height_basis":"visual_fallback"},"geometry":{"type":"Polygon","coordinates":[[[139.764585,35.666339],[139.764654,35.666391],[139.764727,35.666329],[139.764659,35.666276],[139.764585,35.666339]]]}},{"type":"Feature","properties":{"osm_type":"way","osm_id":150796312,"building":"yes","source_height_m":null,"source_levels":null,"display_height_m":20.0,"height_basis":"visual_fallback"},"geometry":{"type":"Polygon","coordinates":[[[139.763113,35.666229],[139.763223,35.666136],[139.763149,35.666081],[139.763094,35.666188],[139.763113,35.666229]]]}},{"type":"Feature","properties":{"osm_type":"way","osm_id":150796317,"building":"yes","source_height_m":null,"source_levels":null,"display_height_m":20.0,"height_basis":"visual_fallback"},"geometry":{"type":"Polygon","coordinates":[[[139.765009,35.666107],[139.765093,35.666175],[139.765175,35.666109],[139.765174,35.666074],[139.765112,35.666023],[139.765053,35.666071],[139.765009,35.666107]]]}},{"type":"Feature","properties":{"osm_type":"way","osm_id":150796319,"building":"yes","source_height_m":null,"source_levels":null,"display_height_m":26.0,"height_basis":"visual_fallback"},"geometry":{"type":"Polygon","coordinates":[[[139.763697,35.666174],[139.763632,35.666229],[139.763702,35.666283],[139.763714,35.666273],[139.763798,35.666338],[139.76385,35.666293],[139.763697,35.666174]]]}},{"type":"Feature","properties":{"osm_type":"way","osm_id":150796320,"building":"yes","source_height_m":null,"source_levels":null,"display_height_m":14.0,"height_basis":"visual_fallback"},"geometry":{"type":"Polygon","coordinates":[[[139.764611,35.666044],[139.764682,35.665983],[139.76467,35.665973],[139.764784,35.665876],[139.764669,35.665787],[139.764483,35.665945],[139.764611,35.666044]]]}},{"type":"Feature","properties":{"osm_type":"way","osm_id":151481750,"building":"yes","source_height_m":null,"source_levels":8.0,"display_height_m":25.6,"height_basis":"osm_levels_x_3.2m"},"geometry":{"type":"Polygon","coordinates":[[[139.759261,35.666568],[139.759316,35.666604],[139.759601,35.666509],[139.759707,35.666471],[139.759722,35.666462],[139.759747,35.666492],[139.759919,35.666392],[139.759382,35.665784],[139.759334,35.665777],[139.759208,35.665849],[139.759197,35.665883],[139.759359,35.666082],[139.759261,35.666568]]]}},{"type":"Feature","properties":{"osm_type":"way","osm_id":151481751,"building":"yes","source_height_m":null,"source_levels":null,"display_height_m":17.0,"height_basis":"visual_fallback"},"geometry":{"type":"Polygon","coordinates":[[[139.7609,35.666983],[139.761005,35.667117],[139.761042,35.667121],[139.761102,35.667108],[139.76116,35.667076],[139.761192,35.667046],[139.761166,35.66701],[139.761238,35.666969],[139.76116,35.666877],[139.761058,35.666934],[139.761036,35.666907],[139.7609,35.666983]]]}},{"type":"Feature","properties":{"osm_type":"way","osm_id":151481752,"building":"train_station","source_height_m":null,"source_levels":null,"display_height_m":20.0,"height_basis":"visual_fallback"},"geometry":{"type":"Polygon","coordinates":[[[139.759,35.665904],[139.759031,35.665942],[139.759013,35.665999],[139.759,35.666039],[139.759,35.666181],[139.759131,35.666196],[139.759147,35.666107],[139.759102,35.666102],[139.759194,35.665842],[139.75933,35.665762],[139.759322,35.665753],[139.759198,35.665603],[139.759,35.665708],[139.759,35.665904]]]}},{"type":"Feature","properties":{"osm_type":"way","osm_id":151481755,"building":"commercial","source_height_m":210.09,"source_levels":48.0,"display_height_m":120.0,"height_basis":"osm_height"},"geometry":{"type":"Polygon","coordinates":[[[139.762803,35.6645],[139.762231,35.6645],[139.76267,35.66467],[139.762734,35.66467],[139.762797,35.664653],[139.762853,35.664609],[139.762851,35.66457],[139.762834,35.664533],[139.762803,35.6645]]]}},{"type":"Feature","properties":{"osm_type":"way","osm_id":151481757,"building":"commercial","source_height_m":215.75,"source_levels":43.0,"display_height_m":120.0,"height_basis":"osm_height"},"geometry":{"type":"Polygon","coordinates":[[[139.760543,35.665604],[139.760539,35.665489],[139.760515,35.665488],[139.760485,35.665353],[139.760622,35.665273],[139.760762,35.665191],[139.760938,35.665136],[139.761133,35.665116],[139.76126,35.66512],[139.761345,35.665132],[139.761448,35.665131],[139.761491,35.665273],[139.761526,35.665393],[139.761466,35.665423],[139.761394,35.665457],[139.761285,35.665523],[139.761177,35.665563],[139.761056,35.665601],[139.760912,35.665616],[139.760783,35.665633],[139.760681,35.665606],[139.760543,35.665604]]]}},{"type":"Feature","properties":{"osm_type":"way","osm_id":151481758,"building":"yes","source_height_m":null,"source_levels":null,"display_height_m":23.0,"height_basis":"visual_fallback"},"geometry":{"type":"Polygon","coordinates":[[[139.759,35.666581],[139.759007,35.666594],[139.759009,35.666609],[139.759004,35.666629],[139.759,35.666634],[139.759,35.666581]]]}},{"type":"Feature","properties":{"osm_type":"way","osm_id":151481760,"building":"yes","source_height_m":null,"source_levels":null,"display_height_m":14.0,"height_basis":"visual_fallback"},"geometry":{"type":"Polygon","coordinates":[[[139.76042,35.666256],[139.760649,35.666135],[139.760589,35.66606],[139.76036,35.666181],[139.76042,35.666256]]]}},{"type":"Feature","properties":{"osm_type":"way","osm_id":151481761,"building":"yes","source_height_m":null,"source_levels":null,"display_height_m":17.0,"height_basis":"visual_fallback"},"geometry":{"type":"Polygon","coordinates":[[[139.760244,35.667068],[139.760289,35.667052],[139.760246,35.666971],[139.760201,35.666987],[139.760244,35.667068]]]}},{"type":"Feature","properties":{"osm_type":"way","osm_id":151481764,"building":"yes","source_height_m":null,"source_levels":null,"display_height_m":26.0,"height_basis":"visual_fallback"},"geometry":{"type":"Polygon","coordinates":[[[139.761247,35.66682],[139.761291,35.666796],[139.761222,35.666717],[139.76117,35.666728],[139.761247,35.66682]]]}},{"type":"Feature","properties":{"osm_type":"way","osm_id":151481765,"building":"yes","source_height_m":null,"source_levels":null,"display_height_m":14.0,"height_basis":"visual_fallback"},"geometry":{"type":"Polygon","coordinates":[[[139.76022,35.667395],[139.760303,35.667366],[139.760273,35.667307],[139.760189,35.667336],[139.76022,35.667395]]]}},{"type":"Feature","properties":{"osm_type":"way","osm_id":151481767,"building":"yes","source_height_m":null,"source_levels":null,"display_height_m":20.0,"height_basis":"visual_fallback"},"geometry":{"type":"Polygon","coordinates":[[[139.759049,35.664683],[139.759091,35.664733],[139.759234,35.664654],[139.759192,35.664603],[139.759049,35.664683]]]}},{"type":"Feature","properties":{"osm_type":"way","osm_id":151481769,"building":"yes","source_height_m":null,"source_levels":null,"display_height_m":26.0,"height_basis":"visual_fallback"},"geometry":{"type":"Polygon","coordinates":[[[139.760483,35.666389],[139.760768,35.666238],[139.760681,35.66613],[139.760396,35.666281],[139.760483,35.666389]]]}},{"type":"Feature","properties":{"osm_type":"way","osm_id":151481771,"building":"yes","source_height_m":null,"source_levels":null,"display_height_m":17.0,"height_basis":"visual_fallback"},"geometry":{"type":"Polygon","coordinates":[[[139.759002,35.666569],[139.759096,35.666581],[139.759102,35.666549],[139.759008,35.666537],[139.759002,35.666569]]]}},{"type":"Feature","properties":{"osm_type":"way","osm_id":151481772,"building":"yes","source_height_m":null,"source_levels":null,"display_height_m":20.0,"height_basis":"visual_fallback"},"geometry":{"type":"Polygon","coordinates":[[[139.759211,35.6645],[139.759105,35.664559],[139.759148,35.66461],[139.759256,35.66455],[139.759214,35.6645],[139.759211,35.6645]]]}},{"type":"Feature","properties":{"osm_type":"way","osm_id":151481773,"building":"yes","source_height_m":null,"source_levels":null,"display_height_m":23.0,"height_basis":"visual_fallback"},"geometry":{"type":"Polygon","coordinates":[[[139.76032,35.666192],[139.760593,35.666047],[139.76047,35.665895],[139.760197,35.666039],[139.76032,35.666192]]]}},{"type":"Feature","properties":{"osm_type":"way","osm_id":151481775,"building":"yes","source_height_m":null,"source_levels":null,"display_height_m":14.0,"height_basis":"visual_fallback"},"geometry":{"type":"Polygon","coordinates":[[[139.759585,35.66686],[139.759719,35.666817],[139.759644,35.666664],[139.759509,35.666708],[139.759585,35.66686]]]}},{"type":"Feature","properties":{"osm_type":"way","osm_id":151481776,"building":"yes","source_height_m":null,"source_levels":null,"display_height_m":17.0,"height_basis":"visual_fallback"},"geometry":{"type":"Polygon","coordinates":[[[139.760708,35.666365],[139.760855,35.666359],[139.760774,35.666249],[139.760658,35.666311],[139.760708,35.666365]]]}},{"type":"Feature","properties":{"osm_type":"way","osm_id":151481777,"building":"yes","source_height_m":null,"source_levels":null,"display_height_m":20.0,"height_basis":"visual_fallback"},"geometry":{"type":"Polygon","coordinates":[[[139.76029,35.667051],[139.760325,35.66704],[139.760287,35.666961],[139.760252,35.666972],[139.76029,35.667051]]]}},{"type":"Feature","properties":{"osm_type":"way","osm_id":151481779,"building":"yes","source_height_m":null,"source_levels":null,"display_height_m":26.0,"height_basis":"visual_fallback"},"geometry":{"type":"Polygon","coordinates":[[[139.760149,35.667422],[139.760208,35.667401],[139.76013,35.667251],[139.760071,35.667271],[139.760149,35.667422]]]}},{"type":"Feature","properties":{"osm_type":"way","osm_id":151481781,"building":"yes","source_height_m":null,"source_levels":null,"display_height_m":17.0,"height_basis":"visual_fallback"},"geometry":{"type":"Polygon","coordinates":[[[139.759414,35.665111],[139.759687,35.66496],[139.759618,35.664878],[139.759345,35.665029],[139.759414,35.665111]]]}},{"type":"Feature","properties":{"osm_type":"way","osm_id":151481782,"building":"yes","source_height_m":null,"source_levels":null,"display_height_m":20.0,"height_basis":"visual_fallback"},"geometry":{"type":"Polygon","coordinates":[[[139.75974,35.666817],[139.759854,35.666778],[139.759749,35.666633],[139.759663,35.666661],[139.75974,35.666817]]]}},{"type":"Feature","properties":{"osm_type":"way","osm_id":151481783,"building":"yes","source_height_m":null,"source_levels":null,"display_height_m":23.0,"height_basis":"visual_fallback"},"geometry":{"type":"Polygon","coordinates":[[[139.759471,35.666709],[139.759497,35.6667],[139.75947,35.666646],[139.759444,35.666655],[139.759471,35.666709]]]}},{"type":"Feature","properties":{"osm_type":"way","osm_id":151481785,"building":"yes","source_height_m":null,"source_levels":null,"display_height_m":14.0,"height_basis":"visual_fallback"},"geometry":{"type":"Polygon","coordinates":[[[139.759239,35.664912],[139.759282,35.664962],[139.759357,35.66492],[139.759315,35.66487],[139.759239,35.664912]]]}},{"type":"Feature","properties":{"osm_type":"way","osm_id":151481786,"building":"yes","source_height_m":null,"source_levels":null,"display_height_m":17.0,"height_basis":"visual_fallback"},"geometry":{"type":"Polygon","coordinates":[[[139.759,35.6645],[139.759,35.664631],[139.759033,35.66467],[139.759135,35.664613],[139.75904,35.6645],[139.759,35.6645]]]}},{"type":"Feature","properties":{"osm_type":"way","osm_id":151481788,"building":"yes","source_height_m":null,"source_levels":null,"display_height_m":23.0,"height_basis":"visual_fallback"},"geometry":{"type":"Polygon","coordinates":[[[139.760069,35.665864],[139.760217,35.665786],[139.760181,35.665741],[139.760033,35.66582],[139.760069,35.665864]]]}},{"type":"Feature","properties":{"osm_type":"way","osm_id":151481790,"building":"yes","source_height_m":null,"source_levels":null,"display_height_m":14.0,"height_basis":"visual_fallback"},"geometry":{"type":"Polygon","coordinates":[[[139.759013,35.666625],[139.759059,35.666631],[139.759066,35.666593],[139.75902,35.666587],[139.759013,35.666625]]]}},{"type":"Feature","properties":{"osm_type":"way","osm_id":151481791,"building":"yes","source_height_m":null,"source_levels":null,"display_height_m":17.0,"height_basis":"visual_fallback"},"geometry":{"type":"Polygon","coordinates":[[[139.759144,35.6645],[139.759151,35.664508],[139.759165,35.6645],[139.759144,35.6645]]]}},{"type":"Feature","properties":{"osm_type":"way","osm_id":151481792,"building":"commercial","source_height_m":null,"source_levels":null,"display_height_m":20.0,"height_basis":"visual_fallback"},"geometry":{"type":"Polygon","coordinates":[[[139.760391,35.667344],[139.760698,35.66724],[139.760717,35.667207],[139.760538,35.666984],[139.760246,35.667071],[139.760391,35.667344]]]}},{"type":"Feature","properties":{"osm_type":"way","osm_id":151481793,"building":"yes","source_height_m":null,"source_levels":null,"display_height_m":23.0,"height_basis":"visual_fallback"},"geometry":{"type":"Polygon","coordinates":[[[139.759893,35.667344],[139.759963,35.667321],[139.759929,35.667255],[139.759859,35.667279],[139.759893,35.667344]]]}},{"type":"Feature","properties":{"osm_type":"way","osm_id":151481795,"building":"yes","source_height_m":null,"source_levels":null,"display_height_m":14.0,"height_basis":"visual_fallback"},"geometry":{"type":"Polygon","coordinates":[[[139.760268,35.665873],[139.760378,35.665815],[139.760349,35.665779],[139.76024,35.665837],[139.760268,35.665873]]]}},{"type":"Feature","properties":{"osm_type":"way","osm_id":151481796,"building":"yes","source_height_m":null,"source_levels":null,"display_height_m":17.0,"height_basis":"visual_fallback"},"geometry":{"type":"Polygon","coordinates":[[[139.759688,35.665121],[139.759732,35.665173],[139.759832,35.665117],[139.759788,35.665065],[139.759688,35.665121]]]}},{"type":"Feature","properties":{"osm_type":"way","osm_id":151481799,"building":"yes","source_height_m":null,"source_levels":null,"display_height_m":26.0,"height_basis":"visual_fallback"},"geometry":{"type":"Polygon","coordinates":[[[139.759849,35.667455],[139.759916,35.667433],[139.759892,35.667384],[139.759824,35.667406],[139.759849,35.667455]]]}},{"type":"Feature","properties":{"osm_type":"way","osm_id":151481801,"building":"yes","source_height_m":null,"source_levels":null,"display_height_m":17.0,"height_basis":"visual_fallback"},"geometry":{"type":"Polygon","coordinates":[[[139.759335,35.664676],[139.759395,35.664748],[139.759493,35.664694],[139.759433,35.664622],[139.759335,35.664676]]]}},{"type":"Feature","properties":{"osm_type":"way","osm_id":151481802,"building":"yes","source_height_m":null,"source_levels":null,"display_height_m":20.0,"height_basis":"visual_fallback"},"geometry":{"type":"Polygon","coordinates":[[[139.759404,35.664747],[139.759488,35.664847],[139.759577,35.664798],[139.759493,35.664698],[139.759404,35.664747]]]}},{"type":"Feature","properties":{"osm_type":"way","osm_id":151481804,"building":"yes","source_height_m":null,"source_levels":null,"display_height_m":26.0,"height_basis":"visual_fallback"},"geometry":{"type":"Polygon","coordinates":[[[139.759583,35.666677],[139.759723,35.666632],[139.759689,35.666564],[139.75955,35.666609],[139.759583,35.666677]]]}},{"type":"Feature","properties":{"osm_type":"way","osm_id":151481805,"building":"yes","source_height_m":null,"source_levels":null,"display_height_m":14.0,"height_basis":"visual_fallback"},"geometry":{"type":"Polygon","coordinates":[[[139.7595,35.666887],[139.759573,35.666863],[139.759496,35.666707],[139.759423,35.666731],[139.7595,35.666887]]]}},{"type":"Feature","properties":{"osm_type":"way","osm_id":151481807,"building":"yes","source_height_m":null,"source_levels":null,"display_height_m":20.0,"height_basis":"visual_fallback"},"geometry":{"type":"Polygon","coordinates":[[[139.759049,35.6645],[139.759093,35.664553],[139.759153,35.66452],[139.759136,35.6645],[139.759049,35.6645]]]}},{"type":"Feature","properties":{"osm_type":"way","osm_id":151481809,"building":"yes","source_height_m":null,"source_levels":null,"display_height_m":26.0,"height_basis":"visual_fallback"},"geometry":{"type":"Polygon","coordinates":[[[139.759089,35.664745],[139.759132,35.664796],[139.759278,35.664716],[139.759234,35.664664],[139.759089,35.664745]]]}},{"type":"Feature","properties":{"osm_type":"way","osm_id":151481810,"building":"yes","source_height_m":null,"source_levels":null,"display_height_m":14.0,"height_basis":"visual_fallback"},"geometry":{"type":"Polygon","coordinates":[[[139.760006,35.66578],[139.760245,35.665653],[139.760106,35.66548],[139.759866,35.665607],[139.760006,35.66578]]]}},{"type":"Feature","properties":{"osm_type":"way","osm_id":151481812,"building":"yes","source_height_m":null,"source_levels":null,"display_height_m":20.0,"height_basis":"visual_fallback"},"geometry":{"type":"Polygon","coordinates":[[[139.761242,35.66682],[139.761164,35.66673],[139.761119,35.666738],[139.761203,35.666842],[139.761242,35.66682]]]}},{"type":"Feature","properties":{"osm_type":"way","osm_id":151481814,"building":"yes","source_height_m":null,"source_levels":2.0,"display_height_m":6.4,"height_basis":"osm_levels_x_3.2m"},"geometry":{"type":"Polygon","coordinates":[[[139.760326,35.667031],[139.760376,35.667015],[139.760366,35.66699],[139.76041,35.666977],[139.760403,35.666957],[139.760457,35.66694],[139.760404,35.666926],[139.760291,35.66696],[139.760326,35.667031]]]}},{"type":"Feature","properties":{"osm_type":"way","osm_id":151481815,"building":"yes","source_height_m":null,"source_levels":null,"display_height_m":14.0,"height_basis":"visual_fallback"},"geometry":{"type":"Polygon","coordinates":[[[139.760132,35.665949],[139.76026,35.665881],[139.760204,35.665811],[139.760075,35.665879],[139.760132,35.665949]]]}},{"type":"Feature","properties":{"osm_type":"way","osm_id":151481817,"building":"yes","source_height_m":null,"source_levels":null,"display_height_m":20.0,"height_basis":"visual_fallback"},"geometry":{"type":"Polygon","coordinates":[[[139.759964,35.66748],[139.760035,35.667457],[139.760004,35.667395],[139.759933,35.667418],[139.759964,35.66748]]]}},{"type":"Feature","properties":{"osm_type":"way","osm_id":151481819,"building":"yes","source_height_m":null,"source_levels":null,"display_height_m":26.0,"height_basis":"visual_fallback"},"geometry":{"type":"Polygon","coordinates":[[[139.759081,35.666966],[139.759152,35.666942],[139.759116,35.666873],[139.759046,35.666897],[139.759081,35.666966]]]}},{"type":"Feature","properties":{"osm_type":"way","osm_id":151481820,"building":"commercial","source_height_m":172.0,"source_levels":40.0,"display_height_m":120.0,"height_basis":"osm_height"},"geometry":{"type":"Polygon","coordinates":[[[139.760762,35.6645],[139.760563,35.6645],[139.760622,35.664574],[139.760762,35.6645]]]}},{"type":"Feature","properties":{"osm_type":"way","osm_id":151481822,"building":"yes","source_height_m":null,"source_levels":null,"display_height_m":20.0,"height_basis":"visual_fallback"},"geometry":{"type":"Polygon","coordinates":[[[139.759242,35.66465],[139.759389,35.664568],[139.759338,35.664508],[139.759191,35.66459],[139.759242,35.66465]]]}},{"type":"Feature","properties":{"osm_type":"way","osm_id":151481823,"building":"yes","source_height_m":82.0,"source_levels":14.0,"display_height_m":82.0,"height_basis":"osm_height"},"geometry":{"type":"Polygon","coordinates":[[[139.759229,35.664907],[139.759427,35.664797],[139.759337,35.664689],[139.759139,35.664799],[139.759229,35.664907]]]}},{"type":"Feature","properties":{"osm_type":"way","osm_id":151481825,"building":"yes","source_height_m":null,"source_levels":null,"display_height_m":14.0,"height_basis":"visual_fallback"},"geometry":{"type":"Polygon","coordinates":[[[139.76019,35.666037],[139.760439,35.665905],[139.760385,35.665838],[139.760136,35.66597],[139.76019,35.666037]]]}},{"type":"Feature","properties":{"osm_type":"way","osm_id":151481826,"building":"yes","source_height_m":null,"source_levels":null,"display_height_m":17.0,"height_basis":"visual_fallback"},"geometry":{"type":"Polygon","coordinates":[[[139.759219,35.6645],[139.759256,35.664544],[139.759335,35.6645],[139.759219,35.6645]]]}},{"type":"Feature","properties":{"osm_type":"way","osm_id":151481827,"building":"yes","source_height_m":null,"source_levels":null,"display_height_m":20.0,"height_basis":"visual_fallback"},"geometry":{"type":"Polygon","coordinates":[[[139.760085,35.667446],[139.760143,35.667427],[139.760073,35.667292],[139.760016,35.667311],[139.760085,35.667446]]]}},{"type":"Feature","properties":{"osm_type":"way","osm_id":151481828,"building":"yes","source_height_m":null,"source_levels":null,"display_height_m":23.0,"height_basis":"visual_fallback"},"geometry":{"type":"Polygon","coordinates":[[[139.759115,35.667032],[139.759151,35.667019],[139.75917,35.66699],[139.75915,35.666946],[139.759083,35.666969],[139.759115,35.667032]]]}},{"type":"Feature","properties":{"osm_type":"way","osm_id":151481830,"building":"yes","source_height_m":null,"source_levels":null,"display_height_m":14.0,"height_basis":"visual_fallback"},"geometry":{"type":"Polygon","coordinates":[[[139.759778,35.666527],[139.759952,35.666733],[139.760054,35.6667],[139.76008,35.666613],[139.759944,35.666434],[139.759778,35.666527]]]}},{"type":"Feature","properties":{"osm_type":"way","osm_id":151481834,"building":"yes","source_height_m":null,"source_levels":null,"display_height_m":26.0,"height_basis":"visual_fallback"},"geometry":{"type":"Polygon","coordinates":[[[139.759071,35.666883],[139.75911,35.66687],[139.759077,35.666806],[139.759041,35.666786],[139.759023,35.666791],[139.759071,35.666883]]]}},{"type":"Feature","properties":{"osm_type":"way","osm_id":151481836,"building":"yes","source_height_m":null,"source_levels":null,"display_height_m":17.0,"height_basis":"visual_fallback"},"geometry":{"type":"Polygon","coordinates":[[[139.759,35.665609],[139.759035,35.665651],[139.759193,35.665564],[139.75904,35.665362],[139.759,35.665354],[139.759,35.665609]]]}},{"type":"Feature","properties":{"osm_type":"way","osm_id":151481837,"building":"yes","source_height_m":null,"source_levels":null,"display_height_m":20.0,"height_basis":"visual_fallback"},"geometry":{"type":"Polygon","coordinates":[[[139.760854,35.666913],[139.760903,35.666971],[139.761034,35.666898],[139.761056,35.666924],[139.761159,35.666867],[139.761088,35.666783],[139.760854,35.666913]]]}},{"type":"Feature","properties":{"osm_type":"way","osm_id":151481838,"building":"yes","source_height_m":null,"source_levels":null,"display_height_m":23.0,"height_basis":"visual_fallback"},"geometry":{"type":"Polygon","coordinates":[[[139.760539,35.665655],[139.760999,35.666213],[139.761017,35.666202],[139.761018,35.666182],[139.761026,35.666165],[139.76104,35.66615],[139.761059,35.666139],[139.76108,35.666134],[139.761096,35.666133],[139.761111,35.666135],[139.761125,35.666139],[139.761137,35.666146],[139.761154,35.66616],[139.761136,35.666073],[139.761084,35.665822],[139.761044,35.665631],[139.760808,35.665646],[139.760577,35.665627],[139.760539,35.665655]]]}},{"type":"Feature","properties":{"osm_type":"way","osm_id":151481839,"building":"yes","source_height_m":null,"source_levels":null,"display_height_m":26.0,"height_basis":"visual_fallback"},"geometry":{"type":"Polygon","coordinates":[[[139.759896,35.667085],[139.76,35.667286],[139.760135,35.66724],[139.760171,35.66731],[139.760293,35.667269],[139.760153,35.666997],[139.759896,35.667085]]]}},{"type":"Feature","properties":{"osm_type":"way","osm_id":151481840,"building":"yes","source_height_m":null,"source_levels":null,"display_height_m":14.0,"height_basis":"visual_fallback"},"geometry":{"type":"Polygon","coordinates":[[[139.760503,35.666392],[139.760525,35.666418],[139.760578,35.666437],[139.76063,35.66644],[139.76074,35.666412],[139.760649,35.666311],[139.760503,35.666392]]]}},{"type":"Feature","properties":{"osm_type":"way","osm_id":151481841,"building":"yes","source_height_m":null,"source_levels":11.0,"display_height_m":35.2,"height_basis":"osm_levels_x_3.2m"},"geometry":{"type":"Polygon","coordinates":[[[139.759348,35.666915],[139.759382,35.666927],[139.759493,35.666892],[139.759413,35.666726],[139.759445,35.666716],[139.759419,35.666663],[139.75926,35.666714],[139.759301,35.666798],[139.759292,35.6668],[139.759348,35.666915]]]}},{"type":"Feature","properties":{"osm_type":"way","osm_id":151481843,"building":"yes","source_height_m":null,"source_levels":null,"display_height_m":23.0,"height_basis":"visual_fallback"},"geometry":{"type":"Polygon","coordinates":[[[139.759787,35.667431],[139.759833,35.667522],[139.759864,35.667511],[139.759786,35.667361],[139.759627,35.667415],[139.759658,35.667474],[139.759787,35.667431]]]}},{"type":"Feature","properties":{"osm_type":"way","osm_id":151481844,"building":"yes","source_height_m":null,"source_levels":11.0,"display_height_m":35.2,"height_basis":"osm_levels_x_3.2m"},"geometry":{"type":"Polygon","coordinates":[[[139.759536,35.66725],[139.759595,35.667353],[139.759636,35.667338],[139.759661,35.667388],[139.759803,35.667339],[139.759821,35.667376],[139.759876,35.667358],[139.759839,35.667286],[139.759854,35.667277],[139.759845,35.66726],[139.759913,35.667236],[139.759851,35.667116],[139.759552,35.66722],[139.759536,35.66725]]]}},{"type":"Feature","properties":{"osm_type":"way","osm_id":151481846,"building":"yes","source_height_m":null,"source_levels":8.0,"display_height_m":25.6,"height_basis":"osm_levels_x_3.2m"},"geometry":{"type":"Polygon","coordinates":[[[139.760384,35.667023],[139.760508,35.666984],[139.760492,35.666949],[139.760462,35.666943],[139.760408,35.666961],[139.760416,35.66698],[139.760372,35.666992],[139.760384,35.667023]]]}},{"type":"Feature","properties":{"osm_type":"way","osm_id":151481847,"building":"yes","source_height_m":null,"source_levels":10.0,"display_height_m":32.0,"height_basis":"osm_levels_x_3.2m"},"geometry":{"type":"Polygon","coordinates":[[[139.759232,35.667405],[139.759363,35.667364],[139.75934,35.667317],[139.759302,35.667307],[139.759,35.667403],[139.759,35.667451],[139.759085,35.667627],[139.759115,35.667618],[139.759128,35.667645],[139.759264,35.667602],[139.75926,35.667593],[139.759334,35.667569],[139.759268,35.667434],[139.759249,35.66744],[139.759232,35.667405]]]}},{"type":"Feature","properties":{"osm_type":"way","osm_id":151481848,"building":"yes","source_height_m":null,"source_levels":null,"display_height_m":23.0,"height_basis":"visual_fallback"},"geometry":{"type":"Polygon","coordinates":[[[139.759547,35.665304],[139.759739,35.665198],[139.759675,35.665122],[139.759791,35.665058],[139.759712,35.664964],[139.759404,35.665134],[139.759483,35.665228],[139.759547,35.665304]]]}},{"type":"Feature","properties":{"osm_type":"way","osm_id":151481850,"building":"office","source_height_m":192.8,"source_levels":32.0,"display_height_m":120.0,"height_basis":"osm_height"},"geometry":{"type":"Polygon","coordinates":[[[139.759771,35.6645],[139.760051,35.664841],[139.760294,35.66471],[139.760167,35.664555],[139.760245,35.664512],[139.760235,35.6645],[139.759771,35.6645]]]}},{"type":"Feature","properties":{"osm_type":"way","osm_id":151481851,"building":"yes","source_height_m":null,"source_levels":null,"display_height_m":17.0,"height_basis":"visual_fallback"},"geometry":{"type":"Polygon","coordinates":[[[139.759364,35.664924],[139.759293,35.664963],[139.759346,35.665026],[139.759628,35.66487],[139.759575,35.664807],[139.759487,35.664856],[139.759437,35.664796],[139.759314,35.664864],[139.759364,35.664924]]]}},{"type":"Feature","properties":{"osm_type":"way","osm_id":151481853,"building":"yes","source_height_m":null,"source_levels":null,"display_height_m":23.0,"height_basis":"visual_fallback"},"geometry":{"type":"Polygon","coordinates":[[[139.762812,35.66701],[139.763274,35.667267],[139.76342,35.667349],[139.76348,35.667277],[139.763508,35.667293],[139.763572,35.667328],[139.763629,35.66736],[139.763728,35.667244],[139.763612,35.667179],[139.762941,35.666805],[139.762843,35.666922],[139.762872,35.666938],[139.762812,35.66701]]]}},{"type":"Feature","properties":{"osm_type":"way","osm_id":151481854,"building":"commercial","source_height_m":null,"source_levels":11.0,"display_height_m":35.2,"height_basis":"osm_levels_x_3.2m"},"geometry":{"type":"Polygon","coordinates":[[[139.762772,35.665196],[139.762868,35.664742],[139.762692,35.664713],[139.762152,35.664511],[139.76219,35.66463],[139.762179,35.664639],[139.762045,35.664746],[139.762307,35.665126],[139.762772,35.665196]]]}},{"type":"Feature","properties":{"osm_type":"way","osm_id":151481856,"building":"yes","source_height_m":null,"source_levels":null,"display_height_m":17.0,"height_basis":"visual_fallback"},"geometry":{"type":"Polygon","coordinates":[[[139.76086,35.666901],[139.761082,35.666777],[139.761057,35.666748],[139.760948,35.666779],[139.760916,35.666792],[139.760889,35.666809],[139.76086,35.666839],[139.760851,35.666866],[139.760849,35.666887],[139.76086,35.666901]]]}},{"type":"Feature","properties":{"osm_type":"way","osm_id":153173328,"building":"yes","source_height_m":null,"source_levels":null,"display_height_m":23.0,"height_basis":"visual_fallback"},"geometry":{"type":"Polygon","coordinates":[[[139.761846,35.669992],[139.761995,35.670129],[139.762124,35.670037],[139.761975,35.6699],[139.761846,35.669992]]]}},{"type":"Feature","properties":{"osm_type":"way","osm_id":153173332,"building":"yes","source_height_m":null,"source_levels":null,"display_height_m":20.0,"height_basis":"visual_fallback"},"geometry":{"type":"Polygon","coordinates":[[[139.761747,35.669609],[139.761785,35.669643],[139.761896,35.669564],[139.761858,35.669529],[139.761747,35.669609]]]}},{"type":"Feature","properties":{"osm_type":"way","osm_id":153173334,"building":"yes","source_height_m":null,"source_levels":null,"display_height_m":26.0,"height_basis":"visual_fallback"},"geometry":{"type":"Polygon","coordinates":[[[139.762059,35.669923],[139.762156,35.670013],[139.762207,35.669976],[139.76211,35.669887],[139.762059,35.669923]]]}},{"type":"Feature","properties":{"osm_type":"way","osm_id":153173335,"building":"yes","source_height_m":null,"source_levels":null,"display_height_m":14.0,"height_basis":"visual_fallback"},"geometry":{"type":"Polygon","coordinates":[[[139.762212,35.669971],[139.762276,35.669925],[139.76218,35.669837],[139.762116,35.669883],[139.762212,35.669971]]]}},{"type":"Feature","properties":{"osm_type":"way","osm_id":153173339,"building":"yes","source_height_m":null,"source_levels":null,"display_height_m":26.0,"height_basis":"visual_fallback"},"geometry":{"type":"Polygon","coordinates":[[[139.761853,35.66976],[139.761919,35.669821],[139.762065,35.669717],[139.761998,35.669656],[139.761853,35.66976]]]}},{"type":"Feature","properties":{"osm_type":"way","osm_id":153173342,"building":"yes","source_height_m":null,"source_levels":null,"display_height_m":20.0,"height_basis":"visual_fallback"},"geometry":{"type":"Polygon","coordinates":[[[139.76162,35.669782],[139.761838,35.669983],[139.761974,35.669885],[139.761756,35.669685],[139.76162,35.669782]]]}},{"type":"Feature","properties":{"osm_type":"way","osm_id":153173344,"building":"yes","source_height_m":null,"source_levels":null,"display_height_m":26.0,"height_basis":"visual_fallback"},"geometry":{"type":"Polygon","coordinates":[[[139.762111,35.669879],[139.762188,35.669824],[139.762152,35.66979],[139.762075,35.669846],[139.762111,35.669879]]]}},{"type":"Feature","properties":{"osm_type":"way","osm_id":153173348,"building":"yes","source_height_m":null,"source_levels":null,"display_height_m":23.0,"height_basis":"visual_fallback"},"geometry":{"type":"Polygon","coordinates":[[[139.761754,35.669669],[139.761847,35.669754],[139.761991,35.669651],[139.761898,35.669565],[139.761754,35.669669]]]}},{"type":"Feature","properties":{"osm_type":"way","osm_id":153173352,"building":"yes","source_height_m":null,"source_levels":null,"display_height_m":20.0,"height_basis":"visual_fallback"},"geometry":{"type":"Polygon","coordinates":[[[139.762002,35.669831],[139.762105,35.669757],[139.762064,35.669719],[139.761961,35.669793],[139.762002,35.669831]]]}},{"type":"Feature","properties":{"osm_type":"way","osm_id":153173354,"building":"yes","source_height_m":null,"source_levels":null,"display_height_m":26.0,"height_basis":"visual_fallback"},"geometry":{"type":"Polygon","coordinates":[[[139.761707,35.669626],[139.761855,35.669521],[139.761808,35.669478],[139.761511,35.669691],[139.761599,35.669772],[139.761749,35.669665],[139.761707,35.669626]]]}},{"type":"Feature","properties":{"osm_type":"way","osm_id":153173356,"building":"yes","source_height_m":null,"source_levels":null,"display_height_m":17.0,"height_basis":"visual_fallback"},"geometry":{"type":"Polygon","coordinates":[[[139.761986,35.669848],[139.762058,35.669914],[139.762104,35.669881],[139.762067,35.669847],[139.762148,35.669789],[139.762113,35.669757],[139.761986,35.669848]]]}},{"type":"Feature","properties":{"osm_type":"way","osm_id":159457545,"building":"yes","source_height_m":null,"source_levels":null,"display_height_m":14.0,"height_basis":"visual_fallback"},"geometry":{"type":"Polygon","coordinates":[[[139.765067,35.667415],[139.765023,35.667451],[139.764998,35.667431],[139.764901,35.667512],[139.765071,35.66765],[139.765147,35.667588],[139.765138,35.66758],[139.76516,35.667563],[139.765154,35.667558],[139.765198,35.667522],[139.765067,35.667415]]]}},{"type":"Feature","properties":{"osm_type":"way","osm_id":159457547,"building":"yes","source_height_m":null,"source_levels":null,"display_height_m":20.0,"height_basis":"visual_fallback"},"geometry":{"type":"Polygon","coordinates":[[[139.765849,35.667827],[139.765906,35.667874],[139.766,35.667799],[139.765944,35.667752],[139.765849,35.667827]]]}},{"type":"Feature","properties":{"osm_type":"way","osm_id":159457548,"building":"yes","source_height_m":null,"source_levels":null,"display_height_m":23.0,"height_basis":"visual_fallback"},"geometry":{"type":"Polygon","coordinates":[[[139.765917,35.66789],[139.765973,35.667934],[139.766208,35.667733],[139.766151,35.667689],[139.765917,35.66789]]]}},{"type":"Feature","properties":{"osm_type":"way","osm_id":159457549,"building":"yes","source_height_m":null,"source_levels":null,"display_height_m":26.0,"height_basis":"visual_fallback"},"geometry":{"type":"Polygon","coordinates":[[[139.766014,35.667794],[139.766136,35.667692],[139.766079,35.667646],[139.765956,35.667748],[139.766014,35.667794]]]}},{"type":"Feature","properties":{"osm_type":"way","osm_id":159457550,"building":"yes","source_height_m":null,"source_levels":null,"display_height_m":14.0,"height_basis":"visual_fallback"},"geometry":{"type":"Polygon","coordinates":[[[139.765532,35.667773],[139.765551,35.667756],[139.765502,35.667718],[139.765443,35.667769],[139.765546,35.667847],[139.765585,35.667813],[139.765532,35.667773]]]}},{"type":"Feature","properties":{"osm_type":"way","osm_id":159457551,"building":"yes","source_height_m":null,"source_levels":null,"display_height_m":17.0,"height_basis":"visual_fallback"},"geometry":{"type":"Polygon","coordinates":[[[139.765614,35.667639],[139.765843,35.667822],[139.765975,35.667713],[139.765889,35.667645],[139.765907,35.66763],[139.765764,35.667515],[139.765614,35.667639]]]}},{"type":"Feature","properties":{"osm_type":"way","osm_id":159457552,"building":"yes","source_height_m":null,"source_levels":null,"display_height_m":20.0,"height_basis":"visual_fallback"},"geometry":{"type":"Polygon","coordinates":[[[139.765549,35.667773],[139.765616,35.66783],[139.76569,35.667771],[139.765564,35.667665],[139.765507,35.66771],[139.765566,35.66776],[139.765549,35.667773]]]}},{"type":"Feature","properties":{"osm_type":"way","osm_id":159457553,"building":"yes","source_height_m":null,"source_levels":null,"display_height_m":23.0,"height_basis":"visual_fallback"},"geometry":{"type":"Polygon","coordinates":[[[139.76535,35.667653],[139.765436,35.667583],[139.765315,35.667485],[139.765237,35.667548],[139.765217,35.667532],[139.765149,35.667587],[139.765219,35.667644],[139.765279,35.667595],[139.76535,35.667653]]]}},{"type":"Feature","properties":{"osm_type":"way","osm_id":159629193,"building":"yes","source_height_m":null,"source_levels":null,"display_height_m":23.0,"height_basis":"visual_fallback"},"geometry":{"type":"Polygon","coordinates":[[[139.764832,35.667465],[139.764975,35.667349],[139.764935,35.667316],[139.764792,35.667433],[139.764832,35.667465]]]}},{"type":"Feature","properties":{"osm_type":"way","osm_id":159629194,"building":"yes","source_height_m":null,"source_levels":null,"display_height_m":26.0,"height_basis":"visual_fallback"},"geometry":{"type":"Polygon","coordinates":[[[139.764805,35.667322],[139.76486,35.667366],[139.765019,35.667235],[139.764964,35.667192],[139.764805,35.667322]]]}},{"type":"Feature","properties":{"osm_type":"way","osm_id":159629195,"building":"yes","source_height_m":null,"source_levels":null,"display_height_m":14.0,"height_basis":"visual_fallback"},"geometry":{"type":"Polygon","coordinates":[[[139.764884,35.667513],[139.764979,35.667435],[139.76493,35.667396],[139.764835,35.667473],[139.764884,35.667513]]]}},{"type":"Feature","properties":{"osm_type":"way","osm_id":159629196,"building":"yes","source_height_m":null,"source_levels":null,"display_height_m":17.0,"height_basis":"visual_fallback"},"geometry":{"type":"Polygon","coordinates":[[[139.764738,35.667383],[139.76479,35.667425],[139.764851,35.667374],[139.7648,35.667333],[139.764738,35.667383]]]}},{"type":"Feature","properties":{"osm_type":"way","osm_id":159629197,"building":"yes","source_height_m":null,"source_levels":null,"display_height_m":20.0,"height_basis":"visual_fallback"},"geometry":{"type":"Polygon","coordinates":[[[139.764982,35.667336],[139.765062,35.667269],[139.765025,35.667239],[139.764944,35.667305],[139.764982,35.667336]]]}},{"type":"Feature","properties":{"osm_type":"way","osm_id":159629200,"building":"yes","source_height_m":null,"source_levels":null,"display_height_m":14.0,"height_basis":"visual_fallback"},"geometry":{"type":"Polygon","coordinates":[[[139.764463,35.667155],[139.76472,35.667369],[139.76485,35.66726],[139.764833,35.667243],[139.764918,35.667175],[139.764619,35.66693],[139.764459,35.667062],[139.764463,35.667155]]]}},{"type":"Feature","properties":{"osm_type":"way","osm_id":159801671,"building":"yes","source_height_m":null,"source_levels":null,"display_height_m":17.0,"height_basis":"visual_fallback"},"geometry":{"type":"Polygon","coordinates":[[[139.76112,35.668519],[139.761147,35.668544],[139.761273,35.668454],[139.761246,35.668429],[139.76112,35.668519]]]}},{"type":"Feature","properties":{"osm_type":"way","osm_id":159801672,"building":"yes","source_height_m":null,"source_levels":null,"display_height_m":20.0,"height_basis":"visual_fallback"},"geometry":{"type":"Polygon","coordinates":[[[139.759413,35.668313],[139.75956,35.66846],[139.759686,35.668371],[139.759571,35.668256],[139.759413,35.668313]]]}},{"type":"Feature","properties":{"osm_type":"way","osm_id":159801674,"building":"yes","source_height_m":null,"source_levels":null,"display_height_m":26.0,"height_basis":"visual_fallback"},"geometry":{"type":"Polygon","coordinates":[[[139.762312,35.66971],[139.762341,35.669738],[139.7624,35.669697],[139.762371,35.669669],[139.762312,35.66971]]]}},{"type":"Feature","properties":{"osm_type":"way","osm_id":159801677,"building":"yes","source_height_m":null,"source_levels":9.0,"display_height_m":28.8,"height_basis":"osm_levels_x_3.2m"},"geometry":{"type":"Polygon","coordinates":[[[139.761882,35.668048],[139.761918,35.668082],[139.762008,35.668019],[139.761973,35.667985],[139.761882,35.668048]]]}},{"type":"Feature","properties":{"osm_type":"way","osm_id":159801679,"building":"yes","source_height_m":null,"source_levels":null,"display_height_m":26.0,"height_basis":"visual_fallback"},"geometry":{"type":"Polygon","coordinates":[[[139.760265,35.668279],[139.760323,35.668333],[139.760372,35.668299],[139.760313,35.668244],[139.760265,35.668279]]]}},{"type":"Feature","properties":{"osm_type":"way","osm_id":159801680,"building":"yes","source_height_m":null,"source_levels":null,"display_height_m":14.0,"height_basis":"visual_fallback"},"geometry":{"type":"Polygon","coordinates":[[[139.762167,35.669698],[139.762226,35.669754],[139.762393,35.669638],[139.762334,35.669582],[139.762167,35.669698]]]}},{"type":"Feature","properties":{"osm_type":"way","osm_id":159801682,"building":"yes","source_height_m":null,"source_levels":null,"display_height_m":20.0,"height_basis":"visual_fallback"},"geometry":{"type":"Polygon","coordinates":[[[139.760722,35.668359],[139.760785,35.668417],[139.760892,35.668341],[139.760828,35.668283],[139.760722,35.668359]]]}},{"type":"Feature","properties":{"osm_type":"way","osm_id":159801683,"building":"yes","source_height_m":null,"source_levels":9.0,"display_height_m":28.8,"height_basis":"osm_levels_x_3.2m"},"geometry":{"type":"Polygon","coordinates":[[[139.761597,35.66778],[139.761709,35.667702],[139.761657,35.667653],[139.761545,35.667731],[139.761597,35.66778]]]}},{"type":"Feature","properties":{"osm_type":"way","osm_id":159801684,"building":"yes","source_height_m":null,"source_levels":null,"display_height_m":26.0,"height_basis":"visual_fallback"},"geometry":{"type":"Polygon","coordinates":[[[139.759873,35.668718],[139.759978,35.66864],[139.759893,35.668565],[139.759788,35.668642],[139.759873,35.668718]]]}},{"type":"Feature","properties":{"osm_type":"way","osm_id":159801686,"building":"yes","source_height_m":null,"source_levels":null,"display_height_m":17.0,"height_basis":"visual_fallback"},"geometry":{"type":"Polygon","coordinates":[[[139.760648,35.668051],[139.760753,35.667979],[139.760668,35.667902],[139.760544,35.667957],[139.760648,35.668051]]]}},{"type":"Feature","properties":{"osm_type":"way","osm_id":159801687,"building":"yes","source_height_m":null,"source_levels":null,"display_height_m":20.0,"height_basis":"visual_fallback"},"geometry":{"type":"Polygon","coordinates":[[[139.761692,35.669545],[139.761788,35.669478],[139.76175,35.669443],[139.761654,35.669509],[139.761692,35.669545]]]}},{"type":"Feature","properties":{"osm_type":"way","osm_id":159801689,"building":"yes","source_height_m":null,"source_levels":null,"display_height_m":26.0,"height_basis":"visual_fallback"},"geometry":{"type":"Polygon","coordinates":[[[139.760529,35.668488],[139.760569,35.668525],[139.760691,35.668439],[139.760651,35.668402],[139.760529,35.668488]]]}},{"type":"Feature","properties":{"osm_type":"way","osm_id":159801690,"building":"yes","source_height_m":null,"source_levels":null,"display_height_m":14.0,"height_basis":"visual_fallback"},"geometry":{"type":"Polygon","coordinates":[[[139.760934,35.668557],[139.760963,35.668583],[139.761077,35.668501],[139.761048,35.668475],[139.760934,35.668557]]]}},{"type":"Feature","properties":{"osm_type":"way","osm_id":159801691,"building":"yes","source_height_m":null,"source_levels":null,"display_height_m":17.0,"height_basis":"visual_fallback"},"geometry":{"type":"Polygon","coordinates":[[[139.762268,35.669227],[139.762538,35.669035],[139.762474,35.668976],[139.762204,35.669167],[139.762268,35.669227]]]}},{"type":"Feature","properties":{"osm_type":"way","osm_id":159801692,"building":"yes","source_height_m":null,"source_levels":null,"display_height_m":20.0,"height_basis":"visual_fallback"},"geometry":{"type":"Polygon","coordinates":[[[139.761177,35.669343],[139.761283,35.669444],[139.761402,35.669361],[139.761296,35.66926],[139.761177,35.669343]]]}},{"type":"Feature","properties":{"osm_type":"way","osm_id":159801693,"building":"yes","source_height_m":null,"source_levels":null,"display_height_m":23.0,"height_basis":"visual_fallback"},"geometry":{"type":"Polygon","coordinates":[[[139.762587,35.669322],[139.762729,35.669224],[139.762699,35.669194],[139.762556,35.669292],[139.762587,35.669322]]]}},{"type":"Feature","properties":{"osm_type":"way","osm_id":159801695,"building":"retail","source_height_m":null,"source_levels":1.0,"display_height_m":4.0,"height_basis":"osm_levels_x_3.2m"},"geometry":{"type":"Polygon","coordinates":[[[139.761529,35.669089],[139.761637,35.669192],[139.761742,35.669119],[139.761634,35.669016],[139.761529,35.669089]]]}},{"type":"Feature","properties":{"osm_type":"way","osm_id":159801697,"building":"yes","source_height_m":null,"source_levels":null,"display_height_m":20.0,"height_basis":"visual_fallback"},"geometry":{"type":"Polygon","coordinates":[[[139.762231,35.66976],[139.762369,35.669882],[139.762433,35.66984],[139.762305,35.669709],[139.762231,35.66976]]]}},{"type":"Feature","properties":{"osm_type":"way","osm_id":159801698,"building":"yes","source_height_m":null,"source_levels":null,"display_height_m":23.0,"height_basis":"visual_fallback"},"geometry":{"type":"Polygon","coordinates":[[[139.760506,35.668713],[139.760557,35.668761],[139.760709,35.668654],[139.760657,35.668606],[139.760506,35.668713]]]}},{"type":"Feature","properties":{"osm_type":"way","osm_id":159801700,"building":"yes","source_height_m":null,"source_levels":null,"display_height_m":14.0,"height_basis":"visual_fallback"},"geometry":{"type":"Polygon","coordinates":[[[139.761106,35.668684],[139.761126,35.668702],[139.761219,35.668635],[139.761199,35.668617],[139.761106,35.668684]]]}},{"type":"Feature","properties":{"osm_type":"way","osm_id":159801701,"building":"yes","source_height_m":null,"source_levels":null,"display_height_m":17.0,"height_basis":"visual_fallback"},"geometry":{"type":"Polygon","coordinates":[[[139.762533,35.669488],[139.762602,35.669555],[139.762662,35.669514],[139.762592,35.669447],[139.762533,35.669488]]]}},{"type":"Feature","properties":{"osm_type":"way","osm_id":159801703,"building":"yes","source_height_m":null,"source_levels":null,"display_height_m":23.0,"height_basis":"visual_fallback"},"geometry":{"type":"Polygon","coordinates":[[[139.761093,35.668148],[139.761374,35.667949],[139.761326,35.667903],[139.761044,35.668102],[139.761093,35.668148]]]}},{"type":"Feature","properties":{"osm_type":"way","osm_id":159801704,"building":"yes","source_height_m":null,"source_levels":null,"display_height_m":26.0,"height_basis":"visual_fallback"},"geometry":{"type":"Polygon","coordinates":[[[139.761865,35.669214],[139.761936,35.669281],[139.761989,35.669244],[139.761918,35.669177],[139.761865,35.669214]]]}},{"type":"Feature","properties":{"osm_type":"way","osm_id":159801705,"building":"yes","source_height_m":null,"source_levels":null,"display_height_m":14.0,"height_basis":"visual_fallback"},"geometry":{"type":"Polygon","coordinates":[[[139.761378,35.669181],[139.761525,35.66932],[139.761589,35.669275],[139.761443,35.669135],[139.761378,35.669181]]]}},{"type":"Feature","properties":{"osm_type":"way","osm_id":159801706,"building":"yes","source_height_m":null,"source_levels":null,"display_height_m":17.0,"height_basis":"visual_fallback"},"geometry":{"type":"Polygon","coordinates":[[[139.761084,35.668489],[139.761113,35.668516],[139.761246,35.668421],[139.761216,35.668394],[139.761084,35.668489]]]}},{"type":"Feature","properties":{"osm_type":"way","osm_id":159801709,"building":"yes","source_height_m":null,"source_levels":null,"display_height_m":26.0,"height_basis":"visual_fallback"},"geometry":{"type":"Polygon","coordinates":[[[139.760642,35.66806],[139.76068,35.668096],[139.760797,35.668012],[139.760759,35.667977],[139.760642,35.66806]]]}},{"type":"Feature","properties":{"osm_type":"way","osm_id":159801710,"building":"yes","source_height_m":null,"source_levels":null,"display_height_m":14.0,"height_basis":"visual_fallback"},"geometry":{"type":"Polygon","coordinates":[[[139.762487,35.6694],[139.762582,35.669334],[139.762492,35.669248],[139.762397,35.669313],[139.762487,35.6694]]]}},{"type":"Feature","properties":{"osm_type":"way","osm_id":159801712,"building":"yes","source_height_m":null,"source_levels":null,"display_height_m":20.0,"height_basis":"visual_fallback"},"geometry":{"type":"Polygon","coordinates":[[[139.762305,35.66954],[139.762376,35.669608],[139.762462,35.669549],[139.76239,35.669481],[139.762305,35.66954]]]}},{"type":"Feature","properties":{"osm_type":"way","osm_id":159801713,"building":"yes","source_height_m":null,"source_levels":null,"display_height_m":23.0,"height_basis":"visual_fallback"},"geometry":{"type":"Polygon","coordinates":[[[139.759872,35.668728],[139.759915,35.668766],[139.759954,35.668738],[139.759911,35.6687],[139.759872,35.668728]]]}},{"type":"Feature","properties":{"osm_type":"way","osm_id":159801714,"building":"yes","source_height_m":null,"source_levels":null,"display_height_m":26.0,"height_basis":"visual_fallback"},"geometry":{"type":"Polygon","coordinates":[[[139.761992,35.66897],[139.762025,35.669001],[139.762153,35.668911],[139.76212,35.668879],[139.761992,35.66897]]]}},{"type":"Feature","properties":{"osm_type":"way","osm_id":159801716,"building":"yes","source_height_m":null,"source_levels":null,"display_height_m":17.0,"height_basis":"visual_fallback"},"geometry":{"type":"Polygon","coordinates":[[[139.76096,35.669136],[139.761067,35.669236],[139.761131,35.669191],[139.761023,35.669091],[139.76096,35.669136]]]}},{"type":"Feature","properties":{"osm_type":"way","osm_id":159801717,"building":"yes","source_height_m":null,"source_levels":null,"display_height_m":20.0,"height_basis":"visual_fallback"},"geometry":{"type":"Polygon","coordinates":[[[139.760811,35.668188],[139.76085,35.668224],[139.760956,35.668148],[139.760918,35.668112],[139.760811,35.668188]]]}},{"type":"Feature","properties":{"osm_type":"way","osm_id":159801718,"building":"yes","source_height_m":null,"source_levels":null,"display_height_m":23.0,"height_basis":"visual_fallback"},"geometry":{"type":"Polygon","coordinates":[[[139.762608,35.669561],[139.762689,35.669639],[139.762745,35.6696],[139.762664,35.669522],[139.762608,35.669561]]]}},{"type":"Feature","properties":{"osm_type":"way","osm_id":159801720,"building":"retail","source_height_m":null,"source_levels":8.0,"display_height_m":25.6,"height_basis":"osm_levels_x_3.2m"},"geometry":{"type":"Polygon","coordinates":[[[139.760946,35.668007],[139.761222,35.667803],[139.761141,35.667725],[139.76077,35.66785],[139.760946,35.668007]]]}},{"type":"Feature","properties":{"osm_type":"way","osm_id":159801721,"building":"yes","source_height_m":null,"source_levels":null,"display_height_m":17.0,"height_basis":"visual_fallback"},"geometry":{"type":"Polygon","coordinates":[[[139.761319,35.66925],[139.761447,35.669371],[139.761511,35.669327],[139.761383,35.669205],[139.761319,35.66925]]]}},{"type":"Feature","properties":{"osm_type":"way","osm_id":159801722,"building":"yes","source_height_m":null,"source_levels":null,"display_height_m":20.0,"height_basis":"visual_fallback"},"geometry":{"type":"Polygon","coordinates":[[[139.761106,35.669153],[139.761145,35.66919],[139.761209,35.669145],[139.761169,35.669108],[139.761106,35.669153]]]}},{"type":"Feature","properties":{"osm_type":"way","osm_id":159801723,"building":"yes","source_height_m":null,"source_levels":7.0,"display_height_m":22.4,"height_basis":"osm_levels_x_3.2m"},"geometry":{"type":"Polygon","coordinates":[[[139.760473,35.66824],[139.760194,35.66844],[139.7603,35.668536],[139.760502,35.668396],[139.760565,35.668452],[139.760641,35.668396],[139.760473,35.66824]]]}},{"type":"Feature","properties":{"osm_type":"way","osm_id":159801724,"building":"yes","source_height_m":null,"source_levels":null,"display_height_m":26.0,"height_basis":"visual_fallback"},"geometry":{"type":"Polygon","coordinates":[[[139.760963,35.668375],[139.760993,35.668403],[139.76113,35.668305],[139.7611,35.668277],[139.760963,35.668375]]]}},{"type":"Feature","properties":{"osm_type":"way","osm_id":159801725,"building":"yes","source_height_m":null,"source_levels":null,"display_height_m":14.0,"height_basis":"visual_fallback"},"geometry":{"type":"Polygon","coordinates":[[[139.761801,35.669343],[139.761843,35.669384],[139.761932,35.669322],[139.761889,35.669282],[139.761801,35.669343]]]}},{"type":"Feature","properties":{"osm_type":"way","osm_id":159801726,"building":"yes","source_height_m":null,"source_levels":null,"display_height_m":17.0,"height_basis":"visual_fallback"},"geometry":{"type":"Polygon","coordinates":[[[139.760617,35.668512],[139.760646,35.66854],[139.760735,35.668477],[139.760705,35.668449],[139.760617,35.668512]]]}},{"type":"Feature","properties":{"osm_type":"way","osm_id":159801727,"building":"yes","source_height_m":null,"source_levels":null,"display_height_m":20.0,"height_basis":"visual_fallback"},"geometry":{"type":"Polygon","coordinates":[[[139.761844,35.66939],[139.761905,35.669447],[139.761997,35.669383],[139.761936,35.669325],[139.761844,35.66939]]]}},{"type":"Feature","properties":{"osm_type":"way","osm_id":159801728,"building":"yes","source_height_m":null,"source_levels":null,"display_height_m":23.0,"height_basis":"visual_fallback"},"geometry":{"type":"Polygon","coordinates":[[[139.760848,35.668462],[139.760882,35.668493],[139.760992,35.668414],[139.760959,35.668383],[139.760848,35.668462]]]}},{"type":"Feature","properties":{"osm_type":"way","osm_id":159801729,"building":"yes","source_height_m":null,"source_levels":13.0,"display_height_m":41.6,"height_basis":"osm_levels_x_3.2m"},"geometry":{"type":"Polygon","coordinates":[[[139.762,35.668159],[139.762055,35.668211],[139.762206,35.668103],[139.76215,35.668052],[139.762,35.668159]]]}},{"type":"Feature","properties":{"osm_type":"way","osm_id":159801730,"building":"yes","source_height_m":null,"source_levels":null,"display_height_m":14.0,"height_basis":"visual_fallback"},"geometry":{"type":"Polygon","coordinates":[[[139.761896,35.669151],[139.76192,35.669174],[139.762005,35.669114],[139.761981,35.669091],[139.761896,35.669151]]]}},{"type":"Feature","properties":{"osm_type":"way","osm_id":159801731,"building":"yes","source_height_m":null,"source_levels":null,"display_height_m":17.0,"height_basis":"visual_fallback"},"geometry":{"type":"Polygon","coordinates":[[[139.762687,35.669399],[139.762807,35.669316],[139.762756,35.669268],[139.762637,35.66935],[139.762687,35.669399]]]}},{"type":"Feature","properties":{"osm_type":"way","osm_id":159801732,"building":"yes","source_height_m":null,"source_levels":null,"display_height_m":20.0,"height_basis":"visual_fallback"},"geometry":{"type":"Polygon","coordinates":[[[139.760718,35.668139],[139.760748,35.668166],[139.760871,35.668078],[139.760842,35.66805],[139.760718,35.668139]]]}},{"type":"Feature","properties":{"osm_type":"way","osm_id":159801733,"building":"yes","source_height_m":null,"source_levels":null,"display_height_m":23.0,"height_basis":"visual_fallback"},"geometry":{"type":"Polygon","coordinates":[[[139.761453,35.668756],[139.76157,35.668863],[139.761599,35.668842],[139.761482,35.668735],[139.761453,35.668756]]]}},{"type":"Feature","properties":{"osm_type":"way","osm_id":159801735,"building":"yes","source_height_m":null,"source_levels":null,"display_height_m":14.0,"height_basis":"visual_fallback"},"geometry":{"type":"Polygon","coordinates":[[[139.759932,35.668563],[139.759993,35.668617],[139.76009,35.668545],[139.76003,35.66849],[139.759932,35.668563]]]}},{"type":"Feature","properties":{"osm_type":"way","osm_id":159801737,"building":"yes","source_height_m":null,"source_levels":null,"display_height_m":20.0,"height_basis":"visual_fallback"},"geometry":{"type":"Polygon","coordinates":[[[139.762225,35.668004],[139.762157,35.668052],[139.762212,35.668103],[139.762175,35.66813],[139.762239,35.668186],[139.762254,35.668175],[139.76234,35.668255],[139.762351,35.668247],[139.762411,35.668304],[139.762499,35.668237],[139.762225,35.668004]]]}},{"type":"Feature","properties":{"osm_type":"way","osm_id":159801739,"building":"yes","source_height_m":null,"source_levels":null,"display_height_m":26.0,"height_basis":"visual_fallback"},"geometry":{"type":"Polygon","coordinates":[[[139.760331,35.668238],[139.760391,35.668294],[139.760447,35.668254],[139.760387,35.668198],[139.760331,35.668238]]]}},{"type":"Feature","properties":{"osm_type":"way","osm_id":159801740,"building":"yes","source_height_m":null,"source_levels":null,"display_height_m":14.0,"height_basis":"visual_fallback"},"geometry":{"type":"Polygon","coordinates":[[[139.760756,35.668167],[139.760788,35.668196],[139.760911,35.668107],[139.760879,35.668078],[139.760756,35.668167]]]}},{"type":"Feature","properties":{"osm_type":"way","osm_id":159801742,"building":"yes","source_height_m":null,"source_levels":null,"display_height_m":20.0,"height_basis":"visual_fallback"},"geometry":{"type":"Polygon","coordinates":[[[139.761844,35.669103],[139.761887,35.669144],[139.76198,35.669079],[139.761937,35.669038],[139.761844,35.669103]]]}},{"type":"Feature","properties":{"osm_type":"way","osm_id":159801743,"building":"yes","source_height_m":null,"source_levels":null,"display_height_m":23.0,"height_basis":"visual_fallback"},"geometry":{"type":"Polygon","coordinates":[[[139.761523,35.669445],[139.761661,35.669349],[139.761595,35.669286],[139.761457,35.669382],[139.761523,35.669445]]]}},{"type":"Feature","properties":{"osm_type":"way","osm_id":159801744,"building":"yes","source_height_m":null,"source_levels":null,"display_height_m":26.0,"height_basis":"visual_fallback"},"geometry":{"type":"Polygon","coordinates":[[[139.760442,35.668645],[139.760503,35.668702],[139.760551,35.668668],[139.76049,35.668611],[139.760442,35.668645]]]}},{"type":"Feature","properties":{"osm_type":"way","osm_id":159801747,"building":"yes","source_height_m":null,"source_levels":null,"display_height_m":20.0,"height_basis":"visual_fallback"},"geometry":{"type":"Polygon","coordinates":[[[139.761763,35.669312],[139.761792,35.66934],[139.761882,35.669277],[139.761852,35.669249],[139.761763,35.669312]]]}},{"type":"Feature","properties":{"osm_type":"way","osm_id":159801748,"building":"hotel","source_height_m":null,"source_levels":7.0,"display_height_m":22.4,"height_basis":"osm_levels_x_3.2m"},"geometry":{"type":"Polygon","coordinates":[[[139.760504,35.667944],[139.760451,35.667961],[139.760425,35.667982],[139.760398,35.668016],[139.760625,35.668235],[139.760733,35.668159],[139.760504,35.667944]]]}},{"type":"Feature","properties":{"osm_type":"way","osm_id":159801749,"building":"yes","source_height_m":null,"source_levels":null,"display_height_m":26.0,"height_basis":"visual_fallback"},"geometry":{"type":"Polygon","coordinates":[[[139.761055,35.668946],[139.761159,35.668872],[139.761126,35.668841],[139.761021,35.668915],[139.761055,35.668946]]]}},{"type":"Feature","properties":{"osm_type":"way","osm_id":159801750,"building":"yes","source_height_m":null,"source_levels":null,"display_height_m":14.0,"height_basis":"visual_fallback"},"geometry":{"type":"Polygon","coordinates":[[[139.760493,35.668602],[139.760554,35.668658],[139.760654,35.668587],[139.760594,35.668531],[139.760493,35.668602]]]}},{"type":"Feature","properties":{"osm_type":"way","osm_id":159801752,"building":"yes","source_height_m":null,"source_levels":null,"display_height_m":20.0,"height_basis":"visual_fallback"},"geometry":{"type":"Polygon","coordinates":[[[139.76235,35.669743],[139.762448,35.669836],[139.762489,35.669807],[139.762391,35.669715],[139.76235,35.669743]]]}},{"type":"Feature","properties":{"osm_type":"way","osm_id":159801754,"building":"yes","source_height_m":null,"source_levels":9.0,"display_height_m":28.8,"height_basis":"osm_levels_x_3.2m"},"geometry":{"type":"Polygon","coordinates":[[[139.761924,35.668085],[139.761996,35.668153],[139.762209,35.668005],[139.762137,35.667937],[139.761924,35.668085]]]}},{"type":"Feature","properties":{"osm_type":"way","osm_id":159801755,"building":"yes","source_height_m":null,"source_levels":null,"display_height_m":14.0,"height_basis":"visual_fallback"},"geometry":{"type":"Polygon","coordinates":[[[139.760793,35.668419],[139.760839,35.668462],[139.76095,35.668383],[139.760903,35.66834],[139.760793,35.668419]]]}},{"type":"Feature","properties":{"osm_type":"way","osm_id":159801757,"building":"yes","source_height_m":null,"source_levels":14.0,"display_height_m":44.8,"height_basis":"osm_levels_x_3.2m"},"geometry":{"type":"Polygon","coordinates":[[[139.761462,35.668285],[139.761583,35.668394],[139.761729,35.668288],[139.761608,35.668179],[139.761462,35.668285]]]}},{"type":"Feature","properties":{"osm_type":"way","osm_id":159801758,"building":"yes","source_height_m":null,"source_levels":null,"display_height_m":23.0,"height_basis":"visual_fallback"},"geometry":{"type":"Polygon","coordinates":[[[139.761641,35.668813],[139.761666,35.668794],[139.761552,35.66869],[139.761527,35.668708],[139.761641,35.668813]]]}},{"type":"Feature","properties":{"osm_type":"way","osm_id":159801760,"building":"yes","source_height_m":null,"source_levels":null,"display_height_m":14.0,"height_basis":"visual_fallback"},"geometry":{"type":"Polygon","coordinates":[[[139.760682,35.668105],[139.760714,35.668135],[139.760835,35.668048],[139.760803,35.668018],[139.760682,35.668105]]]}},{"type":"Feature","properties":{"osm_type":"way","osm_id":159801762,"building":"yes","source_height_m":null,"source_levels":null,"display_height_m":20.0,"height_basis":"visual_fallback"},"geometry":{"type":"Polygon","coordinates":[[[139.761041,35.668452],[139.761077,35.668486],[139.761214,35.668388],[139.761178,35.668354],[139.761041,35.668452]]]}},{"type":"Feature","properties":{"osm_type":"way","osm_id":159801764,"building":"yes","source_height_m":null,"source_levels":null,"display_height_m":26.0,"height_basis":"visual_fallback"},"geometry":{"type":"Polygon","coordinates":[[[139.762687,35.669404],[139.762827,35.669537],[139.762961,35.669445],[139.762822,35.669312],[139.762687,35.669404]]]}},{"type":"Feature","properties":{"osm_type":"way","osm_id":159801765,"building":"yes","source_height_m":null,"source_levels":null,"display_height_m":14.0,"height_basis":"visual_fallback"},"geometry":{"type":"Polygon","coordinates":[[[139.761363,35.668773],[139.761507,35.668905],[139.761563,35.668865],[139.761419,35.668733],[139.761363,35.668773]]]}},{"type":"Feature","properties":{"osm_type":"way","osm_id":159801766,"building":"yes","source_height_m":null,"source_levels":null,"display_height_m":17.0,"height_basis":"visual_fallback"},"geometry":{"type":"Polygon","coordinates":[[[139.761647,35.669502],[139.761743,35.669435],[139.761715,35.669409],[139.761619,35.669476],[139.761647,35.669502]]]}},{"type":"Feature","properties":{"osm_type":"way","osm_id":159801769,"building":"yes","source_height_m":null,"source_levels":null,"display_height_m":26.0,"height_basis":"visual_fallback"},"geometry":{"type":"Polygon","coordinates":[[[139.762482,35.669221],[139.762551,35.669287],[139.762694,35.669189],[139.762625,35.669123],[139.762482,35.669221]]]}},{"type":"Feature","properties":{"osm_type":"way","osm_id":159801770,"building":"yes","source_height_m":null,"source_levels":null,"display_height_m":14.0,"height_basis":"visual_fallback"},"geometry":{"type":"Polygon","coordinates":[[[139.760889,35.668796],[139.760949,35.668851],[139.761057,35.668775],[139.760997,35.668719],[139.760889,35.668796]]]}},{"type":"Feature","properties":{"osm_type":"way","osm_id":159801772,"building":"yes","source_height_m":null,"source_levels":null,"display_height_m":20.0,"height_basis":"visual_fallback"},"geometry":{"type":"Polygon","coordinates":[[[139.760874,35.668502],[139.760931,35.668554],[139.761047,35.66847],[139.760991,35.668418],[139.760874,35.668502]]]}},{"type":"Feature","properties":{"osm_type":"way","osm_id":159801773,"building":"yes","source_height_m":null,"source_levels":null,"display_height_m":23.0,"height_basis":"visual_fallback"},"geometry":{"type":"Polygon","coordinates":[[[139.761977,35.669319],[139.762008,35.669349],[139.76215,35.669251],[139.762118,35.66922],[139.761977,35.669319]]]}},{"type":"Feature","properties":{"osm_type":"way","osm_id":159801774,"building":"yes","source_height_m":null,"source_levels":9.0,"display_height_m":28.8,"height_basis":"osm_levels_x_3.2m"},"geometry":{"type":"Polygon","coordinates":[[[139.761758,35.66857],[139.761906,35.668465],[139.761776,35.668345],[139.761738,35.66831],[139.76159,35.668416],[139.761758,35.66857]]]}},{"type":"Feature","properties":{"osm_type":"way","osm_id":159801777,"building":"yes","source_height_m":null,"source_levels":null,"display_height_m":20.0,"height_basis":"visual_fallback"},"geometry":{"type":"Polygon","coordinates":[[[139.762303,35.669039],[139.762334,35.669068],[139.762467,35.668973],[139.762436,35.668945],[139.762303,35.669039]]]}},{"type":"Feature","properties":{"osm_type":"way","osm_id":159801778,"building":"yes","source_height_m":null,"source_levels":null,"display_height_m":23.0,"height_basis":"visual_fallback"},"geometry":{"type":"Polygon","coordinates":[[[139.761614,35.668623],[139.761753,35.668752],[139.761852,35.668681],[139.761713,35.668552],[139.761614,35.668623]]]}},{"type":"Feature","properties":{"osm_type":"way","osm_id":159801779,"building":"yes","source_height_m":null,"source_levels":null,"display_height_m":26.0,"height_basis":"visual_fallback"},"geometry":{"type":"Polygon","coordinates":[[[139.761243,35.668824],[139.761414,35.668981],[139.761505,35.668915],[139.761332,35.668759],[139.761243,35.668824]]]}},{"type":"Feature","properties":{"osm_type":"way","osm_id":159801780,"building":"yes","source_height_m":null,"source_levels":null,"display_height_m":14.0,"height_basis":"visual_fallback"},"geometry":{"type":"Polygon","coordinates":[[[139.760985,35.668883],[139.761017,35.668912],[139.76112,35.668838],[139.761089,35.668809],[139.760985,35.668883]]]}},{"type":"Feature","properties":{"osm_type":"way","osm_id":159801782,"building":"yes","source_height_m":null,"source_levels":null,"display_height_m":20.0,"height_basis":"visual_fallback"},"geometry":{"type":"Polygon","coordinates":[[[139.762261,35.669001],[139.762297,35.669035],[139.762431,35.66894],[139.762395,35.668906],[139.762261,35.669001]]]}},{"type":"Feature","properties":{"osm_type":"way","osm_id":159801784,"building":"yes","source_height_m":null,"source_levels":null,"display_height_m":26.0,"height_basis":"visual_fallback"},"geometry":{"type":"Polygon","coordinates":[[[139.7601,35.668723],[139.760211,35.668645],[139.760156,35.668595],[139.760048,35.668673],[139.7601,35.668723]]]}},{"type":"Feature","properties":{"osm_type":"way","osm_id":159801785,"building":"yes","source_height_m":null,"source_levels":null,"display_height_m":14.0,"height_basis":"visual_fallback"},"geometry":{"type":"Polygon","coordinates":[[[139.760671,35.668299],[139.760713,35.668338],[139.76083,35.668254],[139.760787,35.668215],[139.760671,35.668299]]]}},{"type":"Feature","properties":{"osm_type":"way","osm_id":159801787,"building":"yes","source_height_m":null,"source_levels":null,"display_height_m":20.0,"height_basis":"visual_fallback"},"geometry":{"type":"Polygon","coordinates":[[[139.761949,35.669288],[139.761973,35.669311],[139.762113,35.669213],[139.762089,35.66919],[139.761949,35.669288]]]}},{"type":"Feature","properties":{"osm_type":"way","osm_id":159801789,"building":"yes","source_height_m":null,"source_levels":null,"display_height_m":26.0,"height_basis":"visual_fallback"},"geometry":{"type":"Polygon","coordinates":[[[139.761076,35.669103],[139.761112,35.669137],[139.761174,35.669093],[139.761138,35.669059],[139.761076,35.669103]]]}},{"type":"Feature","properties":{"osm_type":"way","osm_id":159801790,"building":"yes","source_height_m":null,"source_levels":null,"display_height_m":14.0,"height_basis":"visual_fallback"},"geometry":{"type":"Polygon","coordinates":[[[139.759942,35.668724],[139.76001,35.668785],[139.760091,35.668725],[139.760024,35.668664],[139.759942,35.668724]]]}},{"type":"Feature","properties":{"osm_type":"way","osm_id":159801792,"building":"yes","source_height_m":null,"source_levels":null,"display_height_m":20.0,"height_basis":"visual_fallback"},"geometry":{"type":"Polygon","coordinates":[[[139.761127,35.668714],[139.761237,35.668816],[139.761325,35.668753],[139.761214,35.668652],[139.761127,35.668714]]]}},{"type":"Feature","properties":{"osm_type":"way","osm_id":159801794,"building":"yes","source_height_m":null,"source_levels":null,"display_height_m":26.0,"height_basis":"visual_fallback"},"geometry":{"type":"Polygon","coordinates":[[[139.762043,35.669002],[139.762105,35.669061],[139.762217,35.668982],[139.762154,35.668923],[139.762043,35.669002]]]}},{"type":"Feature","properties":{"osm_type":"way","osm_id":159801795,"building":"yes","source_height_m":null,"source_levels":null,"display_height_m":14.0,"height_basis":"visual_fallback"},"geometry":{"type":"Polygon","coordinates":[[[139.761606,35.668839],[139.761638,35.668816],[139.761517,35.668706],[139.761486,35.668729],[139.761606,35.668839]]]}},{"type":"Feature","properties":{"osm_type":"way","osm_id":159801796,"building":"yes","source_height_m":null,"source_levels":null,"display_height_m":17.0,"height_basis":"visual_fallback"},"geometry":{"type":"Polygon","coordinates":[[[139.760995,35.668409],[139.761037,35.668449],[139.761174,35.668351],[139.761131,35.668311],[139.760995,35.668409]]]}},{"type":"Feature","properties":{"osm_type":"way","osm_id":159801799,"building":"yes","source_height_m":null,"source_levels":null,"display_height_m":26.0,"height_basis":"visual_fallback"},"geometry":{"type":"Polygon","coordinates":[[[139.759796,35.668444],[139.759903,35.668365],[139.759856,35.668324],[139.75975,35.668403],[139.759796,35.668444]]]}},{"type":"Feature","properties":{"osm_type":"way","osm_id":159801800,"building":"yes","source_height_m":null,"source_levels":null,"display_height_m":14.0,"height_basis":"visual_fallback"},"geometry":{"type":"Polygon","coordinates":[[[139.760686,35.668613],[139.760727,35.668651],[139.76084,35.668571],[139.760799,35.668533],[139.760686,35.668613]]]}},{"type":"Feature","properties":{"osm_type":"way","osm_id":159801801,"building":"yes","source_height_m":null,"source_levels":null,"display_height_m":17.0,"height_basis":"visual_fallback"},"geometry":{"type":"Polygon","coordinates":[[[139.761466,35.668483],[139.761505,35.668519],[139.761605,35.668448],[139.761566,35.668411],[139.761466,35.668483]]]}},{"type":"Feature","properties":{"osm_type":"way","osm_id":159801803,"building":"yes","source_height_m":null,"source_levels":9.0,"display_height_m":28.8,"height_basis":"osm_levels_x_3.2m"},"geometry":{"type":"Polygon","coordinates":[[[139.761798,35.667965],[139.761996,35.667827],[139.761935,35.667769],[139.761736,35.667907],[139.761798,35.667965]]]}},{"type":"Feature","properties":{"osm_type":"way","osm_id":159801804,"building":"yes","source_height_m":null,"source_levels":null,"display_height_m":26.0,"height_basis":"visual_fallback"},"geometry":{"type":"Polygon","coordinates":[[[139.761418,35.668437],[139.761461,35.668477],[139.761555,35.668411],[139.761511,35.66837],[139.761418,35.668437]]]}},{"type":"Feature","properties":{"osm_type":"way","osm_id":159801806,"building":"yes","source_height_m":null,"source_levels":null,"display_height_m":17.0,"height_basis":"visual_fallback"},"geometry":{"type":"Polygon","coordinates":[[[139.762097,35.669076],[139.762191,35.669164],[139.762313,35.669078],[139.762218,35.66899],[139.762097,35.669076]]]}},{"type":"Feature","properties":{"osm_type":"way","osm_id":159801808,"building":"yes","source_height_m":null,"source_levels":9.0,"display_height_m":28.8,"height_basis":"osm_levels_x_3.2m"},"geometry":{"type":"Polygon","coordinates":[[[139.761757,35.66858],[139.761866,35.66868],[139.762018,35.668571],[139.76191,35.668471],[139.761757,35.66858]]]}},{"type":"Feature","properties":{"osm_type":"way","osm_id":159801809,"building":"yes","source_height_m":null,"source_levels":null,"display_height_m":26.0,"height_basis":"visual_fallback"},"geometry":{"type":"Polygon","coordinates":[[[139.762381,35.669612],[139.762415,35.669644],[139.762502,35.669584],[139.762467,35.669551],[139.762381,35.669612]]]}},{"type":"Feature","properties":{"osm_type":"way","osm_id":159801811,"building":"yes","source_height_m":null,"source_levels":null,"display_height_m":17.0,"height_basis":"visual_fallback"},"geometry":{"type":"Polygon","coordinates":[[[139.760832,35.66826],[139.760884,35.668308],[139.761023,35.668208],[139.760971,35.66816],[139.760832,35.66826]]]}},{"type":"Feature","properties":{"osm_type":"way","osm_id":159801812,"building":"yes","source_height_m":null,"source_levels":null,"display_height_m":20.0,"height_basis":"visual_fallback"},"geometry":{"type":"Polygon","coordinates":[[[139.759751,35.6684],[139.759855,35.66832],[139.7598,35.668275],[139.7597,35.668354],[139.759751,35.6684]]]}},{"type":"Feature","properties":{"osm_type":"way","osm_id":159801814,"building":"yes","source_height_m":null,"source_levels":null,"display_height_m":26.0,"height_basis":"visual_fallback"},"geometry":{"type":"Polygon","coordinates":[[[139.761057,35.668956],[139.761123,35.669016],[139.761231,35.668939],[139.761166,35.668879],[139.761057,35.668956]]]}},{"type":"Feature","properties":{"osm_type":"way","osm_id":159801816,"building":"yes","source_height_m":null,"source_levels":null,"display_height_m":17.0,"height_basis":"visual_fallback"},"geometry":{"type":"Polygon","coordinates":[[[139.759999,35.668622],[139.760044,35.668667],[139.760152,35.668591],[139.7601,35.668547],[139.759999,35.668622]]]}},{"type":"Feature","properties":{"osm_type":"way","osm_id":159801817,"building":"yes","source_height_m":null,"source_levels":null,"display_height_m":20.0,"height_basis":"visual_fallback"},"geometry":{"type":"Polygon","coordinates":[[[139.762163,35.668907],[139.762213,35.668955],[139.762345,35.668861],[139.762294,35.668814],[139.762163,35.668907]]]}},{"type":"Feature","properties":{"osm_type":"way","osm_id":159801818,"building":"yes","source_height_m":null,"source_levels":null,"display_height_m":23.0,"height_basis":"visual_fallback"},"geometry":{"type":"Polygon","coordinates":[[[139.760639,35.668256],[139.760675,35.66829],[139.760784,35.668211],[139.760748,35.668178],[139.760639,35.668256]]]}},{"type":"Feature","properties":{"osm_type":"way","osm_id":159801819,"building":"yes","source_height_m":null,"source_levels":null,"display_height_m":26.0,"height_basis":"visual_fallback"},"geometry":{"type":"Polygon","coordinates":[[[139.761931,35.669178],[139.761994,35.669238],[139.762084,35.669176],[139.762021,35.669116],[139.761931,35.669178]]]}},{"type":"Feature","properties":{"osm_type":"way","osm_id":159801822,"building":"yes","source_height_m":null,"source_levels":null,"display_height_m":20.0,"height_basis":"visual_fallback"},"geometry":{"type":"Polygon","coordinates":[[[139.761056,35.668667],[139.761083,35.668692],[139.761195,35.668612],[139.761167,35.668587],[139.761056,35.668667]]]}},{"type":"Feature","properties":{"osm_type":"way","osm_id":159801823,"building":"yes","source_height_m":null,"source_levels":null,"display_height_m":23.0,"height_basis":"visual_fallback"},"geometry":{"type":"Polygon","coordinates":[[[139.761145,35.66902],[139.76124,35.669108],[139.761336,35.66904],[139.761241,35.668952],[139.761145,35.66902]]]}},{"type":"Feature","properties":{"osm_type":"way","osm_id":159801824,"building":"yes","source_height_m":null,"source_levels":null,"display_height_m":26.0,"height_basis":"visual_fallback"},"geometry":{"type":"Polygon","coordinates":[[[139.76212,35.668864],[139.762158,35.6689],[139.76229,35.668807],[139.762252,35.668771],[139.76212,35.668864]]]}},{"type":"Feature","properties":{"osm_type":"way","osm_id":159801826,"building":"yes","source_height_m":null,"source_levels":null,"display_height_m":17.0,"height_basis":"visual_fallback"},"geometry":{"type":"Polygon","coordinates":[[[139.759669,35.668569],[139.759803,35.668478],[139.759705,35.668383],[139.759571,35.668474],[139.759669,35.668569]]]}},{"type":"Feature","properties":{"osm_type":"way","osm_id":159801828,"building":"yes","source_height_m":null,"source_levels":null,"display_height_m":23.0,"height_basis":"visual_fallback"},"geometry":{"type":"Polygon","coordinates":[[[139.760932,35.66834],[139.760963,35.668368],[139.761097,35.668272],[139.761066,35.668244],[139.760932,35.66834]]]}},{"type":"Feature","properties":{"osm_type":"way","osm_id":159801829,"building":"yes","source_height_m":null,"source_levels":null,"display_height_m":26.0,"height_basis":"visual_fallback"},"geometry":{"type":"Polygon","coordinates":[[[139.761678,35.669234],[139.761728,35.669281],[139.761819,35.669218],[139.76177,35.66917],[139.761678,35.669234]]]}},{"type":"Feature","properties":{"osm_type":"way","osm_id":159801831,"building":"yes","source_height_m":null,"source_levels":null,"display_height_m":17.0,"height_basis":"visual_fallback"},"geometry":{"type":"Polygon","coordinates":[[[139.759685,35.668336],[139.759794,35.668264],[139.759731,35.668207],[139.759601,35.668252],[139.759685,35.668336]]]}},{"type":"Feature","properties":{"osm_type":"way","osm_id":159801833,"building":"yes","source_height_m":null,"source_levels":null,"display_height_m":23.0,"height_basis":"visual_fallback"},"geometry":{"type":"Polygon","coordinates":[[[139.760672,35.668585],[139.760693,35.668604],[139.760794,35.668532],[139.760773,35.668512],[139.760672,35.668585]]]}},{"type":"Feature","properties":{"osm_type":"way","osm_id":159801834,"building":"yes","source_height_m":null,"source_levels":null,"display_height_m":26.0,"height_basis":"visual_fallback"},"geometry":{"type":"Polygon","coordinates":[[[139.761512,35.66853],[139.761559,35.668572],[139.76166,35.6685],[139.761614,35.668457],[139.761512,35.66853]]]}},{"type":"Feature","properties":{"osm_type":"way","osm_id":159801836,"building":"yes","source_height_m":null,"source_levels":null,"display_height_m":17.0,"height_basis":"visual_fallback"},"geometry":{"type":"Polygon","coordinates":[[[139.761732,35.669283],[139.761759,35.669308],[139.761847,35.669246],[139.761821,35.669221],[139.761732,35.669283]]]}},{"type":"Feature","properties":{"osm_type":"way","osm_id":159801838,"building":"yes","source_height_m":null,"source_levels":4.0,"display_height_m":12.8,"height_basis":"osm_levels_x_3.2m"},"geometry":{"type":"Polygon","coordinates":[[[139.762056,35.668213],[139.762263,35.668409],[139.762408,35.668308],[139.76235,35.668254],[139.762339,35.668262],[139.762254,35.668181],[139.762237,35.668193],[139.762172,35.668131],[139.762056,35.668213]]]}},{"type":"Feature","properties":{"osm_type":"way","osm_id":159801840,"building":"yes","source_height_m":null,"source_levels":null,"display_height_m":14.0,"height_basis":"visual_fallback"},"geometry":{"type":"Polygon","coordinates":[[[139.759695,35.668582],[139.759768,35.668647],[139.759844,35.66859],[139.759771,35.668525],[139.759695,35.668582]]]}},{"type":"Feature","properties":{"osm_type":"way","osm_id":159801841,"building":"yes","source_height_m":null,"source_levels":null,"display_height_m":17.0,"height_basis":"visual_fallback"},"geometry":{"type":"Polygon","coordinates":[[[139.760664,35.668825],[139.760735,35.668891],[139.760988,35.668711],[139.760918,35.668645],[139.760664,35.668825]]]}},{"type":"Feature","properties":{"osm_type":"way","osm_id":159801842,"building":"yes","source_height_m":null,"source_levels":null,"display_height_m":20.0,"height_basis":"visual_fallback"},"geometry":{"type":"Polygon","coordinates":[[[139.761237,35.668269],[139.761507,35.668078],[139.761388,35.667967],[139.761118,35.668157],[139.761237,35.668269]]]}},{"type":"Feature","properties":{"osm_type":"way","osm_id":159801845,"building":"yes","source_height_m":null,"source_levels":null,"display_height_m":14.0,"height_basis":"visual_fallback"},"geometry":{"type":"Polygon","coordinates":[[[139.76065,35.668551],[139.760677,35.668576],[139.76077,35.668511],[139.760742,35.668486],[139.76065,35.668551]]]}},{"type":"Feature","properties":{"osm_type":"way","osm_id":159801846,"building":"yes","source_height_m":null,"source_levels":null,"display_height_m":17.0,"height_basis":"visual_fallback"},"geometry":{"type":"Polygon","coordinates":[[[139.760967,35.668587],[139.761004,35.668621],[139.761118,35.66854],[139.761081,35.668506],[139.760967,35.668587]]]}},{"type":"Feature","properties":{"osm_type":"way","osm_id":159801847,"building":"yes","source_height_m":null,"source_levels":null,"display_height_m":20.0,"height_basis":"visual_fallback"},"geometry":{"type":"Polygon","coordinates":[[[139.76129,35.669447],[139.761378,35.669531],[139.761499,35.669446],[139.761411,35.669363],[139.76129,35.669447]]]}},{"type":"Feature","properties":{"osm_type":"way","osm_id":159801848,"building":"yes","source_height_m":null,"source_levels":null,"display_height_m":23.0,"height_basis":"visual_fallback"},"geometry":{"type":"Polygon","coordinates":[[[139.762213,35.668962],[139.762253,35.669],[139.762391,35.668902],[139.76235,35.668864],[139.762213,35.668962]]]}},{"type":"Feature","properties":{"osm_type":"way","osm_id":159801850,"building":"yes","source_height_m":null,"source_levels":null,"display_height_m":14.0,"height_basis":"visual_fallback"},"geometry":{"type":"Polygon","coordinates":[[[139.761662,35.668988],[139.761799,35.669118],[139.761919,35.669035],[139.761782,35.668905],[139.761662,35.668988]]]}},{"type":"Feature","properties":{"osm_type":"way","osm_id":159801852,"building":"yes","source_height_m":null,"source_levels":null,"display_height_m":20.0,"height_basis":"visual_fallback"},"geometry":{"type":"Polygon","coordinates":[[[139.761575,35.669491],[139.761692,35.66941],[139.761647,35.669368],[139.761531,35.669449],[139.761575,35.669491]]]}},{"type":"Feature","properties":{"osm_type":"way","osm_id":159801853,"building":"yes","source_height_m":null,"source_levels":null,"display_height_m":23.0,"height_basis":"visual_fallback"},"geometry":{"type":"Polygon","coordinates":[[[139.761009,35.668624],[139.761051,35.668663],[139.761166,35.66858],[139.761124,35.668541],[139.761009,35.668624]]]}},{"type":"Feature","properties":{"osm_type":"way","osm_id":159801855,"building":"yes","source_height_m":null,"source_levels":null,"display_height_m":14.0,"height_basis":"visual_fallback"},"geometry":{"type":"Polygon","coordinates":[[[139.76059,35.668756],[139.760655,35.668817],[139.7609,35.668643],[139.760834,35.668582],[139.76059,35.668756]]]}},{"type":"Feature","properties":{"osm_type":"way","osm_id":159801857,"building":"yes","source_height_m":null,"source_levels":null,"display_height_m":20.0,"height_basis":"visual_fallback"},"geometry":{"type":"Polygon","coordinates":[[[139.760894,35.668309],[139.760925,35.668337],[139.761064,35.668238],[139.761033,35.66821],[139.760894,35.668309]]]}},{"type":"Feature","properties":{"osm_type":"way","osm_id":159801858,"building":"yes","source_height_m":null,"source_levels":null,"display_height_m":23.0,"height_basis":"visual_fallback"},"geometry":{"type":"Polygon","coordinates":[[[139.761647,35.669198],[139.761678,35.669228],[139.761769,35.669165],[139.761738,35.669135],[139.761647,35.669198]]]}},{"type":"Feature","properties":{"osm_type":"way","osm_id":159801860,"building":"yes","source_height_m":null,"source_levels":9.0,"display_height_m":28.8,"height_basis":"osm_levels_x_3.2m"},"geometry":{"type":"Polygon","coordinates":[[[139.761462,35.667643],[139.761548,35.667724],[139.761661,35.66764],[139.761772,35.667744],[139.761853,35.66769],[139.7617,35.667567],[139.761462,35.667643]]]}},{"type":"Feature","properties":{"osm_type":"way","osm_id":159801862,"building":"yes","source_height_m":null,"source_levels":13.0,"display_height_m":41.6,"height_basis":"osm_levels_x_3.2m"},"geometry":{"type":"Polygon","coordinates":[[[139.761887,35.668036],[139.761975,35.667975],[139.76202,35.668017],[139.76213,35.66794],[139.762012,35.667828],[139.761813,35.667966],[139.761887,35.668036]]]}},{"type":"Feature","properties":{"osm_type":"way","osm_id":159801863,"building":"yes","source_height_m":null,"source_levels":null,"display_height_m":23.0,"height_basis":"visual_fallback"},"geometry":{"type":"Polygon","coordinates":[[[139.76247,35.66966],[139.762395,35.669712],[139.762486,35.669798],[139.762626,35.669701],[139.762505,35.669587],[139.76244,35.669632],[139.76247,35.66966]]]}},{"type":"Feature","properties":{"osm_type":"way","osm_id":159801864,"building":"yes","source_height_m":null,"source_levels":null,"display_height_m":26.0,"height_basis":"visual_fallback"},"geometry":{"type":"Polygon","coordinates":[[[139.762469,35.669216],[139.762616,35.669115],[139.76255,35.669052],[139.762273,35.669242],[139.762359,35.669324],[139.762489,35.669235],[139.762469,35.669216]]]}},{"type":"Feature","properties":{"osm_type":"way","osm_id":159801867,"building":"yes","source_height_m":null,"source_levels":null,"display_height_m":20.0,"height_basis":"visual_fallback"},"geometry":{"type":"Polygon","coordinates":[[[139.761058,35.669103],[139.761131,35.669051],[139.760977,35.668909],[139.760829,35.669014],[139.760949,35.669126],[139.761025,35.669072],[139.761058,35.669103]]]}},{"type":"Feature","properties":{"osm_type":"way","osm_id":159801868,"building":"yes","source_height_m":null,"source_levels":10.0,"display_height_m":32.0,"height_basis":"osm_levels_x_3.2m"},"geometry":{"type":"Polygon","coordinates":[[[139.761922,35.668809],[139.761981,35.668864],[139.762061,35.668806],[139.762113,35.668854],[139.76224,35.668764],[139.76213,35.668661],[139.761922,35.668809]]]}},{"type":"Feature","properties":{"osm_type":"way","osm_id":159801869,"building":"yes","source_height_m":null,"source_levels":null,"display_height_m":26.0,"height_basis":"visual_fallback"},"geometry":{"type":"Polygon","coordinates":[[[139.762684,35.669504],[139.762668,35.669515],[139.762752,35.669595],[139.76282,35.669548],[139.762687,35.669421],[139.762635,35.669457],[139.762684,35.669504]]]}},{"type":"Feature","properties":{"osm_type":"way","osm_id":159801871,"building":"yes","source_height_m":null,"source_levels":null,"display_height_m":17.0,"height_basis":"visual_fallback"},"geometry":{"type":"Polygon","coordinates":[[[139.761381,35.669538],[139.761513,35.669663],[139.76167,35.669554],[139.761597,35.669485],[139.761557,35.669513],[139.761498,35.669457],[139.761381,35.669538]]]}},{"type":"Feature","properties":{"osm_type":"way","osm_id":159801873,"building":"yes","source_height_m":null,"source_levels":9.0,"display_height_m":28.8,"height_basis":"osm_levels_x_3.2m"},"geometry":{"type":"Polygon","coordinates":[[[139.761603,35.667784],[139.761726,35.6679],[139.761917,35.667767],[139.761851,35.667705],[139.761777,35.667756],[139.76172,35.667703],[139.761603,35.667784]]]}},{"type":"Feature","properties":{"osm_type":"way","osm_id":159801874,"building":"yes","source_height_m":null,"source_levels":null,"display_height_m":26.0,"height_basis":"visual_fallback"},"geometry":{"type":"Polygon","coordinates":[[[139.761029,35.668091],[139.761321,35.667885],[139.761234,35.667803],[139.761071,35.667918],[139.761096,35.667941],[139.760966,35.668032],[139.761029,35.668091]]]}},{"type":"Feature","properties":{"osm_type":"way","osm_id":159801877,"building":"yes","source_height_m":null,"source_levels":null,"display_height_m":20.0,"height_basis":"visual_fallback"},"geometry":{"type":"Polygon","coordinates":[[[139.761439,35.668279],[139.761604,35.668164],[139.761521,35.668085],[139.761243,35.668279],[139.761362,35.668392],[139.761475,35.668313],[139.761439,35.668279]]]}},{"type":"Feature","properties":{"osm_type":"way","osm_id":159801880,"building":"yes","source_height_m":null,"source_levels":null,"display_height_m":14.0,"height_basis":"visual_fallback"},"geometry":{"type":"Polygon","coordinates":[[[139.760896,35.668899],[139.760871,35.668875],[139.760762,35.668953],[139.760818,35.669004],[139.760926,35.668927],[139.760979,35.668889],[139.760948,35.668861],[139.760896,35.668899]]]}},{"type":"Feature","properties":{"osm_type":"way","osm_id":159801881,"building":"yes","source_height_m":null,"source_levels":null,"display_height_m":17.0,"height_basis":"visual_fallback"},"geometry":{"type":"Polygon","coordinates":[[[139.761349,35.668771],[139.761432,35.668712],[139.7614,35.668682],[139.761479,35.668624],[139.761413,35.668563],[139.761333,35.668621],[139.761251,35.66868],[139.761349,35.668771]]]}},{"type":"Feature","properties":{"osm_type":"way","osm_id":159801883,"building":"yes","source_height_m":null,"source_levels":null,"display_height_m":23.0,"height_basis":"visual_fallback"},"geometry":{"type":"Polygon","coordinates":[[[139.76229,35.66954],[139.762387,35.669472],[139.762174,35.66927],[139.762077,35.669339],[139.761911,35.669454],[139.762163,35.669692],[139.762329,35.669577],[139.76229,35.66954]]]}},{"type":"Feature","properties":{"osm_type":"way","osm_id":159801885,"building":"yes","source_height_m":null,"source_levels":null,"display_height_m":14.0,"height_basis":"visual_fallback"},"geometry":{"type":"Polygon","coordinates":[[[139.762532,35.66938],[139.762464,35.669426],[139.762524,35.669484],[139.762592,35.669437],[139.762617,35.669461],[139.762677,35.669419],[139.762593,35.669338],[139.762532,35.66938]]]}},{"type":"Feature","properties":{"osm_type":"way","osm_id":159801886,"building":"yes","source_height_m":null,"source_levels":null,"display_height_m":17.0,"height_basis":"visual_fallback"},"geometry":{"type":"Polygon","coordinates":[[[139.759829,35.66847],[139.75978,35.668504],[139.75985,35.66857],[139.759896,35.668539],[139.759918,35.668559],[139.760029,35.668483],[139.759907,35.668371],[139.759803,35.668447],[139.759829,35.66847]]]}},{"type":"Feature","properties":{"osm_type":"way","osm_id":159801887,"building":"hotel","source_height_m":null,"source_levels":11.0,"display_height_m":35.2,"height_basis":"osm_levels_x_3.2m"},"geometry":{"type":"Polygon","coordinates":[[[139.76016,35.668388],[139.760253,35.668324],[139.760133,35.668218],[139.760324,35.668156],[139.760361,35.668129],[139.760304,35.668075],[139.760314,35.66807],[139.760264,35.668025],[139.759965,35.668135],[139.759951,35.668147],[139.759946,35.668156],[139.759942,35.668168],[139.759948,35.66818],[139.76016,35.668388]]]}},{"type":"Feature","properties":{"osm_type":"way","osm_id":159947168,"building":"yes","source_height_m":null,"source_levels":null,"display_height_m":23.0,"height_basis":"visual_fallback"},"geometry":{"type":"Polygon","coordinates":[[[139.762646,35.667484],[139.762358,35.667265],[139.762207,35.667396],[139.762242,35.667423],[139.762305,35.667369],[139.762461,35.667488],[139.762397,35.667543],[139.762517,35.667634],[139.762565,35.667593],[139.762541,35.667575],[139.762646,35.667484]]]}},{"type":"Feature","properties":{"osm_type":"way","osm_id":159947169,"building":"yes","source_height_m":null,"source_levels":null,"display_height_m":26.0,"height_basis":"visual_fallback"},"geometry":{"type":"Polygon","coordinates":[[[139.762653,35.667744],[139.762721,35.667686],[139.762646,35.667628],[139.762578,35.667685],[139.762653,35.667744]]]}},{"type":"Feature","properties":{"osm_type":"way","osm_id":159947170,"building":"yes","source_height_m":null,"source_levels":null,"display_height_m":14.0,"height_basis":"visual_fallback"},"geometry":{"type":"Polygon","coordinates":[[[139.76277,35.667579],[139.762876,35.667656],[139.762798,35.667734],[139.762689,35.667654],[139.76277,35.667579]]]}},{"type":"Feature","properties":{"osm_type":"way","osm_id":159947171,"building":"yes","source_height_m":null,"source_levels":null,"display_height_m":17.0,"height_basis":"visual_fallback"},"geometry":{"type":"Polygon","coordinates":[[[139.76292,35.667942],[139.762985,35.667887],[139.76295,35.667864],[139.762886,35.667915],[139.76292,35.667942]]]}},{"type":"Feature","properties":{"osm_type":"way","osm_id":159947172,"building":"yes","source_height_m":null,"source_levels":null,"display_height_m":20.0,"height_basis":"visual_fallback"},"geometry":{"type":"Polygon","coordinates":[[[139.763237,35.667596],[139.763299,35.667646],[139.76334,35.667611],[139.763275,35.667562],[139.763237,35.667596]]]}},{"type":"Feature","properties":{"osm_type":"way","osm_id":159947173,"building":"yes","source_height_m":null,"source_levels":null,"display_height_m":23.0,"height_basis":"visual_fallback"},"geometry":{"type":"Polygon","coordinates":[[[139.762727,35.667966],[139.762673,35.667924],[139.762562,35.668017],[139.762616,35.668059],[139.762727,35.667966]]]}},{"type":"Feature","properties":{"osm_type":"way","osm_id":159947174,"building":"yes","source_height_m":null,"source_levels":null,"display_height_m":26.0,"height_basis":"visual_fallback"},"geometry":{"type":"Polygon","coordinates":[[[139.762505,35.667142],[139.762418,35.667216],[139.762504,35.667282],[139.76259,35.667209],[139.762505,35.667142]]]}},{"type":"Feature","properties":{"osm_type":"way","osm_id":159947175,"building":"yes","source_height_m":null,"source_levels":null,"display_height_m":14.0,"height_basis":"visual_fallback"},"geometry":{"type":"Polygon","coordinates":[[[139.762665,35.667499],[139.762582,35.667575],[139.762682,35.667648],[139.762763,35.667575],[139.762665,35.667499]]]}},{"type":"Feature","properties":{"osm_type":"way","osm_id":159947176,"building":"yes","source_height_m":null,"source_levels":null,"display_height_m":17.0,"height_basis":"visual_fallback"},"geometry":{"type":"Polygon","coordinates":[[[139.763033,35.667378],[139.763109,35.667432],[139.763018,35.667516],[139.762943,35.667462],[139.763033,35.667378]]]}},{"type":"Feature","properties":{"osm_type":"way","osm_id":159947177,"building":"yes","source_height_m":null,"source_levels":null,"display_height_m":20.0,"height_basis":"visual_fallback"},"geometry":{"type":"Polygon","coordinates":[[[139.762231,35.667893],[139.762329,35.66782],[139.762356,35.667844],[139.762258,35.667917],[139.762231,35.667893]]]}},{"type":"Feature","properties":{"osm_type":"way","osm_id":159947179,"building":"yes","source_height_m":null,"source_levels":null,"display_height_m":26.0,"height_basis":"visual_fallback"},"geometry":{"type":"Polygon","coordinates":[[[139.762574,35.667681],[139.762639,35.667625],[139.762604,35.667598],[139.762539,35.667654],[139.762574,35.667681]]]}},{"type":"Feature","properties":{"osm_type":"way","osm_id":159947180,"building":"yes","source_height_m":null,"source_levels":null,"display_height_m":14.0,"height_basis":"visual_fallback"},"geometry":{"type":"Polygon","coordinates":[[[139.762599,35.667058],[139.762641,35.667089],[139.762555,35.667167],[139.762513,35.667136],[139.762599,35.667058]]]}},{"type":"Feature","properties":{"osm_type":"way","osm_id":159947181,"building":"yes","source_height_m":null,"source_levels":null,"display_height_m":17.0,"height_basis":"visual_fallback"},"geometry":{"type":"Polygon","coordinates":[[[139.763186,35.667638],[139.763246,35.667688],[139.763295,35.667649],[139.763235,35.667599],[139.763186,35.667638]]]}},{"type":"Feature","properties":{"osm_type":"way","osm_id":159947182,"building":"yes","source_height_m":null,"source_levels":null,"display_height_m":20.0,"height_basis":"visual_fallback"},"geometry":{"type":"Polygon","coordinates":[[[139.762508,35.667963],[139.762404,35.668036],[139.762372,35.668009],[139.762474,35.667937],[139.762508,35.667963]]]}},{"type":"Feature","properties":{"osm_type":"way","osm_id":159947183,"building":"yes","source_height_m":null,"source_levels":null,"display_height_m":23.0,"height_basis":"visual_fallback"},"geometry":{"type":"Polygon","coordinates":[[[139.762881,35.667912],[139.762945,35.667859],[139.762921,35.667844],[139.762856,35.667891],[139.762881,35.667912]]]}},{"type":"Feature","properties":{"osm_type":"way","osm_id":159947184,"building":"yes","source_height_m":null,"source_levels":null,"display_height_m":26.0,"height_basis":"visual_fallback"},"geometry":{"type":"Polygon","coordinates":[[[139.762608,35.66736],[139.762695,35.667281],[139.762597,35.667209],[139.762509,35.667287],[139.762608,35.66736]]]}},{"type":"Feature","properties":{"osm_type":"way","osm_id":159947185,"building":"yes","source_height_m":null,"source_levels":null,"display_height_m":14.0,"height_basis":"visual_fallback"},"geometry":{"type":"Polygon","coordinates":[[[139.762176,35.667846],[139.762226,35.667889],[139.762323,35.667817],[139.762269,35.667775],[139.762176,35.667846]]]}},{"type":"Feature","properties":{"osm_type":"way","osm_id":159947186,"building":"yes","source_height_m":null,"source_levels":null,"display_height_m":17.0,"height_basis":"visual_fallback"},"geometry":{"type":"Polygon","coordinates":[[[139.762648,35.667094],[139.762818,35.667218],[139.762731,35.667297],[139.762561,35.667173],[139.762648,35.667094]]]}},{"type":"Feature","properties":{"osm_type":"way","osm_id":159947187,"building":"yes","source_height_m":null,"source_levels":1.0,"display_height_m":4.0,"height_basis":"osm_levels_x_3.2m"},"geometry":{"type":"Polygon","coordinates":[[[139.762976,35.667333],[139.762887,35.667419],[139.762835,35.667383],[139.762923,35.667297],[139.762976,35.667333]]]}},{"type":"Feature","properties":{"osm_type":"way","osm_id":159947188,"building":"yes","source_height_m":null,"source_levels":null,"display_height_m":23.0,"height_basis":"visual_fallback"},"geometry":{"type":"Polygon","coordinates":[[[139.762723,35.667795],[139.762789,35.667738],[139.762725,35.667689],[139.762659,35.667747],[139.762723,35.667795]]]}},{"type":"Feature","properties":{"osm_type":"way","osm_id":159947190,"building":"yes","source_height_m":null,"source_levels":null,"display_height_m":14.0,"height_basis":"visual_fallback"},"geometry":{"type":"Polygon","coordinates":[[[139.762367,35.667687],[139.762274,35.667772],[139.762385,35.667852],[139.762481,35.667772],[139.762367,35.667687]]]}},{"type":"Feature","properties":{"osm_type":"way","osm_id":159947191,"building":"yes","source_height_m":null,"source_levels":null,"display_height_m":17.0,"height_basis":"visual_fallback"},"geometry":{"type":"Polygon","coordinates":[[[139.76202,35.667448],[139.761846,35.667497],[139.761825,35.667554],[139.761984,35.66768],[139.762137,35.667552],[139.76202,35.667448]]]}},{"type":"Feature","properties":{"osm_type":"way","osm_id":159947192,"building":"yes","source_height_m":null,"source_levels":null,"display_height_m":20.0,"height_basis":"visual_fallback"},"geometry":{"type":"Polygon","coordinates":[[[139.762484,35.667778],[139.762609,35.66787],[139.762563,35.667919],[139.76251,35.667962],[139.762388,35.667862],[139.762484,35.667778]]]}},{"type":"Feature","properties":{"osm_type":"way","osm_id":159947193,"building":"yes","source_height_m":null,"source_levels":null,"display_height_m":23.0,"height_basis":"visual_fallback"},"geometry":{"type":"Polygon","coordinates":[[[139.762557,35.668019],[139.762465,35.668092],[139.762587,35.668194],[139.762645,35.668149],[139.762579,35.668094],[139.762614,35.668067],[139.762557,35.668019]]]}},{"type":"Feature","properties":{"osm_type":"way","osm_id":159947194,"building":"yes","source_height_m":null,"source_levels":null,"display_height_m":26.0,"height_basis":"visual_fallback"},"geometry":{"type":"Polygon","coordinates":[[[139.76288,35.667662],[139.763087,35.667815],[139.762998,35.667888],[139.762902,35.667826],[139.762832,35.667878],[139.762725,35.6678],[139.762798,35.667746],[139.76288,35.667662]]]}},{"type":"Feature","properties":{"osm_type":"way","osm_id":159947195,"building":"yes","source_height_m":null,"source_levels":null,"display_height_m":14.0,"height_basis":"visual_fallback"},"geometry":{"type":"Polygon","coordinates":[[[139.762089,35.667772],[139.762169,35.667839],[139.762227,35.667795],[139.762279,35.667752],[139.762355,35.667682],[139.762274,35.667622],[139.762156,35.667727],[139.762146,35.667721],[139.762089,35.667772]]]}},{"type":"Feature","properties":{"osm_type":"way","osm_id":159947196,"building":"yes","source_height_m":null,"source_levels":null,"display_height_m":17.0,"height_basis":"visual_fallback"},"geometry":{"type":"Polygon","coordinates":[[[139.762616,35.667366],[139.762929,35.667596],[139.763015,35.667518],[139.762829,35.667381],[139.762923,35.667297],[139.762823,35.667223],[139.762731,35.667306],[139.762704,35.667286],[139.762616,35.667366]]]}},{"type":"Feature","properties":{"osm_type":"way","osm_id":159947197,"building":"yes","source_height_m":null,"source_levels":null,"display_height_m":20.0,"height_basis":"visual_fallback"},"geometry":{"type":"Polygon","coordinates":[[[139.762668,35.66792],[139.762617,35.667966],[139.762554,35.668017],[139.762453,35.668088],[139.762403,35.668045],[139.762492,35.667984],[139.762563,35.667926],[139.762613,35.667879],[139.762668,35.66792]]]}},{"type":"Feature","properties":{"osm_type":"way","osm_id":159947198,"building":"yes","source_height_m":null,"source_levels":null,"display_height_m":23.0,"height_basis":"visual_fallback"},"geometry":{"type":"Polygon","coordinates":[[[139.763115,35.667438],[139.76323,35.667523],[139.763135,35.667608],[139.763236,35.667682],[139.763149,35.66776],[139.762942,35.667606],[139.763032,35.667526],[139.763023,35.66752],[139.763115,35.667438]]]}},{"type":"Feature","properties":{"osm_type":"way","osm_id":159947199,"building":"yes","source_height_m":null,"source_levels":null,"display_height_m":26.0,"height_basis":"visual_fallback"},"geometry":{"type":"Polygon","coordinates":[[[139.762137,35.667552],[139.762155,35.667532],[139.762216,35.667577],[139.762102,35.667685],[139.762146,35.667721],[139.762089,35.667772],[139.762084,35.667776],[139.761975,35.667688],[139.761984,35.66768],[139.762137,35.667552]]]}},{"type":"Feature","properties":{"osm_type":"way","osm_id":160074410,"building":"yes","source_height_m":null,"source_levels":null,"display_height_m":14.0,"height_basis":"visual_fallback"},"geometry":{"type":"Polygon","coordinates":[[[139.765643,35.669787],[139.76556,35.669863],[139.765934,35.670143],[139.765984,35.670035],[139.765643,35.669787]]]}},{"type":"Feature","properties":{"osm_type":"way","osm_id":160074411,"building":"yes","source_height_m":null,"source_levels":null,"display_height_m":17.0,"height_basis":"visual_fallback"},"geometry":{"type":"Polygon","coordinates":[[[139.766862,35.669124],[139.766952,35.669202],[139.767068,35.669114],[139.766991,35.669049],[139.76697,35.669065],[139.766954,35.669052],[139.766862,35.669124]]]}},{"type":"Feature","properties":{"osm_type":"way","osm_id":160074412,"building":"yes","source_height_m":null,"source_levels":null,"display_height_m":20.0,"height_basis":"visual_fallback"},"geometry":{"type":"Polygon","coordinates":[[[139.762994,35.669081],[139.763263,35.668893],[139.763157,35.66881],[139.7629,35.669],[139.762994,35.669081]]]}},{"type":"Feature","properties":{"osm_type":"way","osm_id":160074413,"building":"yes","source_height_m":null,"source_levels":null,"display_height_m":23.0,"height_basis":"visual_fallback"},"geometry":{"type":"Polygon","coordinates":[[[139.764292,35.668862],[139.764396,35.66894],[139.764464,35.66888],[139.764361,35.668802],[139.764292,35.668862]]]}},{"type":"Feature","properties":{"osm_type":"way","osm_id":160074414,"building":"yes","source_height_m":null,"source_levels":5.0,"display_height_m":16.0,"height_basis":"osm_levels_x_3.2m"},"geometry":{"type":"Polygon","coordinates":[[[139.763779,35.668588],[139.763978,35.668736],[139.764038,35.668682],[139.76384,35.668534],[139.763779,35.668588]]]}},{"type":"Feature","properties":{"osm_type":"way","osm_id":160074415,"building":"yes","source_height_m":null,"source_levels":null,"display_height_m":14.0,"height_basis":"visual_fallback"},"geometry":{"type":"Polygon","coordinates":[[[139.764692,35.669179],[139.764748,35.669223],[139.764796,35.669182],[139.76474,35.669138],[139.764692,35.669179]]]}},{"type":"Feature","properties":{"osm_type":"way","osm_id":160074417,"building":"yes","source_height_m":null,"source_levels":null,"display_height_m":20.0,"height_basis":"visual_fallback"},"geometry":{"type":"Polygon","coordinates":[[[139.763133,35.668664],[139.763184,35.668703],[139.763281,35.668621],[139.76323,35.668581],[139.763133,35.668664]]]}},{"type":"Feature","properties":{"osm_type":"way","osm_id":160074418,"building":"yes","source_height_m":null,"source_levels":null,"display_height_m":23.0,"height_basis":"visual_fallback"},"geometry":{"type":"Polygon","coordinates":[[[139.763895,35.668195],[139.763934,35.668225],[139.764032,35.66814],[139.763994,35.66811],[139.763895,35.668195]]]}},{"type":"Feature","properties":{"osm_type":"way","osm_id":160074419,"building":"yes","source_height_m":null,"source_levels":null,"display_height_m":26.0,"height_basis":"visual_fallback"},"geometry":{"type":"Polygon","coordinates":[[[139.76446,35.668313],[139.764504,35.668276],[139.764475,35.668254],[139.764432,35.668291],[139.76446,35.668313]]]}},{"type":"Feature","properties":{"osm_type":"way","osm_id":160074420,"building":"yes","source_height_m":null,"source_levels":null,"display_height_m":14.0,"height_basis":"visual_fallback"},"geometry":{"type":"Polygon","coordinates":[[[139.763245,35.668757],[139.763294,35.668798],[139.763395,35.668718],[139.763346,35.668678],[139.763245,35.668757]]]}},{"type":"Feature","properties":{"osm_type":"way","osm_id":160074421,"building":"yes","source_height_m":null,"source_levels":null,"display_height_m":17.0,"height_basis":"visual_fallback"},"geometry":{"type":"Polygon","coordinates":[[[139.763752,35.668091],[139.763816,35.66814],[139.763919,35.668052],[139.763855,35.668002],[139.763752,35.668091]]]}},{"type":"Feature","properties":{"osm_type":"way","osm_id":160074422,"building":"yes","source_height_m":null,"source_levels":null,"display_height_m":20.0,"height_basis":"visual_fallback"},"geometry":{"type":"Polygon","coordinates":[[[139.764594,35.669101],[139.764646,35.669142],[139.764694,35.669103],[139.764642,35.669062],[139.764594,35.669101]]]}},{"type":"Feature","properties":{"osm_type":"way","osm_id":160074423,"building":"yes","source_height_m":null,"source_levels":null,"display_height_m":23.0,"height_basis":"visual_fallback"},"geometry":{"type":"Polygon","coordinates":[[[139.763047,35.668589],[139.763132,35.66866],[139.763227,35.668578],[139.76314,35.668511],[139.763047,35.668589]]]}},{"type":"Feature","properties":{"osm_type":"way","osm_id":160074427,"building":"yes","source_height_m":null,"source_levels":null,"display_height_m":20.0,"height_basis":"visual_fallback"},"geometry":{"type":"Polygon","coordinates":[[[139.76533,35.670332],[139.765363,35.670308],[139.765316,35.670263],[139.765283,35.670287],[139.76533,35.670332]]]}},{"type":"Feature","properties":{"osm_type":"way","osm_id":160074428,"building":"yes","source_height_m":null,"source_levels":null,"display_height_m":23.0,"height_basis":"visual_fallback"},"geometry":{"type":"Polygon","coordinates":[[[139.764184,35.668779],[139.764285,35.668855],[139.764361,35.668787],[139.76426,35.668711],[139.764184,35.668779]]]}},{"type":"Feature","properties":{"osm_type":"way","osm_id":160074429,"building":"yes","source_height_m":null,"source_levels":null,"display_height_m":26.0,"height_basis":"visual_fallback"},"geometry":{"type":"Polygon","coordinates":[[[139.766198,35.669582],[139.766335,35.669685],[139.766594,35.669458],[139.766456,35.669355],[139.766198,35.669582]]]}},{"type":"Feature","properties":{"osm_type":"way","osm_id":160074430,"building":"yes","source_height_m":null,"source_levels":null,"display_height_m":14.0,"height_basis":"visual_fallback"},"geometry":{"type":"Polygon","coordinates":[[[139.766717,35.669001],[139.766857,35.669121],[139.767108,35.668923],[139.766968,35.668805],[139.766717,35.669001]]]}},{"type":"Feature","properties":{"osm_type":"way","osm_id":160074431,"building":"yes","source_height_m":null,"source_levels":null,"display_height_m":17.0,"height_basis":"visual_fallback"},"geometry":{"type":"Polygon","coordinates":[[[139.763082,35.668072],[139.763121,35.668101],[139.763192,35.668039],[139.763153,35.66801],[139.763082,35.668072]]]}},{"type":"Feature","properties":{"osm_type":"way","osm_id":160074432,"building":"yes","source_height_m":null,"source_levels":null,"display_height_m":20.0,"height_basis":"visual_fallback"},"geometry":{"type":"Polygon","coordinates":[[[139.762771,35.66888],[139.762891,35.668985],[139.763152,35.668804],[139.763037,35.668703],[139.762771,35.66888]]]}},{"type":"Feature","properties":{"osm_type":"way","osm_id":160074433,"building":"yes","source_height_m":null,"source_levels":null,"display_height_m":23.0,"height_basis":"visual_fallback"},"geometry":{"type":"Polygon","coordinates":[[[139.763584,35.668104],[139.763848,35.668307],[139.763926,35.668241],[139.763661,35.668037],[139.763584,35.668104]]]}},{"type":"Feature","properties":{"osm_type":"way","osm_id":160074434,"building":"yes","source_height_m":null,"source_levels":null,"display_height_m":26.0,"height_basis":"visual_fallback"},"geometry":{"type":"Polygon","coordinates":[[[139.766191,35.669573],[139.766444,35.669353],[139.766349,35.669281],[139.766096,35.669502],[139.766191,35.669573]]]}},{"type":"Feature","properties":{"osm_type":"way","osm_id":160074435,"building":"yes","source_height_m":null,"source_levels":null,"display_height_m":14.0,"height_basis":"visual_fallback"},"geometry":{"type":"Polygon","coordinates":[[[139.763411,35.668696],[139.763529,35.668598],[139.763421,35.668513],[139.763187,35.668709],[139.763235,35.668748],[139.763353,35.66865],[139.763411,35.668696]]]}},{"type":"Feature","properties":{"osm_type":"way","osm_id":160074436,"building":"yes","source_height_m":null,"source_levels":null,"display_height_m":17.0,"height_basis":"visual_fallback"},"geometry":{"type":"Polygon","coordinates":[[[139.763701,35.668043],[139.763749,35.668081],[139.763842,35.668],[139.763794,35.667963],[139.763701,35.668043]]]}},{"type":"Feature","properties":{"osm_type":"way","osm_id":160074437,"building":"yes","source_height_m":null,"source_levels":null,"display_height_m":20.0,"height_basis":"visual_fallback"},"geometry":{"type":"Polygon","coordinates":[[[139.763163,35.668488],[139.763214,35.668526],[139.763196,35.668542],[139.763284,35.668608],[139.763409,35.668497],[139.763271,35.668394],[139.763163,35.668488]]]}},{"type":"Feature","properties":{"osm_type":"way","osm_id":160074438,"building":"yes","source_height_m":null,"source_levels":null,"display_height_m":23.0,"height_basis":"visual_fallback"},"geometry":{"type":"Polygon","coordinates":[[[139.763478,35.668032],[139.763569,35.668103],[139.763658,35.668028],[139.763567,35.667957],[139.763478,35.668032]]]}},{"type":"Feature","properties":{"osm_type":"way","osm_id":160074439,"building":"yes","source_height_m":null,"source_levels":null,"display_height_m":26.0,"height_basis":"visual_fallback"},"geometry":{"type":"Polygon","coordinates":[[[139.764765,35.669353],[139.764829,35.669299],[139.764626,35.669139],[139.764562,35.669193],[139.764765,35.669353]]]}},{"type":"Feature","properties":{"osm_type":"way","osm_id":160074440,"building":"yes","source_height_m":null,"source_levels":null,"display_height_m":14.0,"height_basis":"visual_fallback"},"geometry":{"type":"Polygon","coordinates":[[[139.765506,35.670205],[139.765538,35.670183],[139.765489,35.670137],[139.765458,35.670159],[139.765506,35.670205]]]}},{"type":"Feature","properties":{"osm_type":"way","osm_id":160074441,"building":"yes","source_height_m":null,"source_levels":null,"display_height_m":17.0,"height_basis":"visual_fallback"},"geometry":{"type":"Polygon","coordinates":[[[139.764283,35.667598],[139.76393,35.667901],[139.764114,35.668042],[139.764467,35.667739],[139.764283,35.667598]]]}},{"type":"Feature","properties":{"osm_type":"way","osm_id":160074442,"building":"yes","source_height_m":null,"source_levels":null,"display_height_m":20.0,"height_basis":"visual_fallback"},"geometry":{"type":"Polygon","coordinates":[[[139.763473,35.668236],[139.763588,35.668323],[139.76366,35.66826],[139.763545,35.668173],[139.763473,35.668236]]]}},{"type":"Feature","properties":{"osm_type":"way","osm_id":160074443,"building":"yes","source_height_m":null,"source_levels":null,"display_height_m":23.0,"height_basis":"visual_fallback"},"geometry":{"type":"Polygon","coordinates":[[[139.765448,35.670253],[139.765506,35.670213],[139.765454,35.670164],[139.765396,35.670204],[139.765448,35.670253]]]}},{"type":"Feature","properties":{"osm_type":"way","osm_id":160074444,"building":"yes","source_height_m":null,"source_levels":13.0,"display_height_m":41.6,"height_basis":"osm_levels_x_3.2m"},"geometry":{"type":"Polygon","coordinates":[[[139.762371,35.66851],[139.762436,35.66857],[139.762595,35.668459],[139.762531,35.668396],[139.762371,35.66851]]]}},{"type":"Feature","properties":{"osm_type":"way","osm_id":160074445,"building":"yes","source_height_m":null,"source_levels":null,"display_height_m":14.0,"height_basis":"visual_fallback"},"geometry":{"type":"Polygon","coordinates":[[[139.763038,35.66804],[139.76308,35.66807],[139.763148,35.668009],[139.763107,35.667978],[139.763038,35.66804]]]}},{"type":"Feature","properties":{"osm_type":"way","osm_id":160074446,"building":"yes","source_height_m":null,"source_levels":null,"display_height_m":17.0,"height_basis":"visual_fallback"},"geometry":{"type":"Polygon","coordinates":[[[139.764554,35.669186],[139.764618,35.669128],[139.764548,35.669077],[139.764484,35.669134],[139.764554,35.669186]]]}},{"type":"Feature","properties":{"osm_type":"way","osm_id":160074447,"building":"yes","source_height_m":null,"source_levels":null,"display_height_m":20.0,"height_basis":"visual_fallback"},"geometry":{"type":"Polygon","coordinates":[[[139.765385,35.670297],[139.765443,35.670257],[139.765398,35.670214],[139.765341,35.670254],[139.765385,35.670297]]]}},{"type":"Feature","properties":{"osm_type":"way","osm_id":160074448,"building":"hotel","source_height_m":null,"source_levels":null,"display_height_m":23.0,"height_basis":"visual_fallback"},"geometry":{"type":"Polygon","coordinates":[[[139.765896,35.669691],[139.765883,35.669703],[139.765919,35.669731],[139.765827,35.669812],[139.766023,35.669959],[139.766062,35.66996],[139.766244,35.6698],[139.765972,35.669597],[139.76588,35.669679],[139.765896,35.669691]]]}},{"type":"Feature","properties":{"osm_type":"way","osm_id":160074449,"building":"yes","source_height_m":null,"source_levels":null,"display_height_m":26.0,"height_basis":"visual_fallback"},"geometry":{"type":"Polygon","coordinates":[[[139.762542,35.66839],[139.762635,35.668477],[139.762717,35.668425],[139.762608,35.668336],[139.762542,35.66839]]]}},{"type":"Feature","properties":{"osm_type":"way","osm_id":160074450,"building":"hotel","source_height_m":null,"source_levels":null,"display_height_m":14.0,"height_basis":"visual_fallback"},"geometry":{"type":"Polygon","coordinates":[[[139.763354,35.667781],[139.76368,35.668034],[139.763776,35.667952],[139.76345,35.667699],[139.763354,35.667781]]]}},{"type":"Feature","properties":{"osm_type":"way","osm_id":160074451,"building":"yes","source_height_m":null,"source_levels":null,"display_height_m":17.0,"height_basis":"visual_fallback"},"geometry":{"type":"Polygon","coordinates":[[[139.763262,35.667854],[139.763482,35.668025],[139.763566,35.667953],[139.763346,35.667782],[139.763262,35.667854]]]}},{"type":"Feature","properties":{"osm_type":"way","osm_id":160074452,"building":"yes","source_height_m":null,"source_levels":null,"display_height_m":20.0,"height_basis":"visual_fallback"},"geometry":{"type":"Polygon","coordinates":[[[139.765572,35.66996],[139.76576,35.670102],[139.765809,35.67006],[139.765621,35.669918],[139.765572,35.66996]]]}},{"type":"Feature","properties":{"osm_type":"way","osm_id":160074455,"building":"yes","source_height_m":null,"source_levels":null,"display_height_m":14.0,"height_basis":"visual_fallback"},"geometry":{"type":"Polygon","coordinates":[[[139.765769,35.670108],[139.765889,35.670199],[139.765938,35.670156],[139.765818,35.670065],[139.765769,35.670108]]]}},{"type":"Feature","properties":{"osm_type":"way","osm_id":160074456,"building":"yes","source_height_m":null,"source_levels":null,"display_height_m":17.0,"height_basis":"visual_fallback"},"geometry":{"type":"Polygon","coordinates":[[[139.763334,35.668261],[139.763381,35.668298],[139.763433,35.668254],[139.763386,35.668217],[139.763334,35.668261]]]}},{"type":"Feature","properties":{"osm_type":"way","osm_id":160074457,"building":"yes","source_height_m":null,"source_levels":null,"display_height_m":20.0,"height_basis":"visual_fallback"},"geometry":{"type":"Polygon","coordinates":[[[139.765489,35.669898],[139.765565,35.669955],[139.765614,35.669912],[139.765539,35.669855],[139.765489,35.669898]]]}},{"type":"Feature","properties":{"osm_type":"way","osm_id":160074459,"building":"yes","source_height_m":null,"source_levels":null,"display_height_m":26.0,"height_basis":"visual_fallback"},"geometry":{"type":"Polygon","coordinates":[[[139.763422,35.668205],[139.763461,35.668235],[139.76354,35.668166],[139.7635,35.668136],[139.763422,35.668205]]]}},{"type":"Feature","properties":{"osm_type":"way","osm_id":160074460,"building":"yes","source_height_m":null,"source_levels":null,"display_height_m":14.0,"height_basis":"visual_fallback"},"geometry":{"type":"Polygon","coordinates":[[[139.762895,35.668458],[139.762978,35.668397],[139.762854,35.668287],[139.762771,35.668348],[139.762895,35.668458]]]}},{"type":"Feature","properties":{"osm_type":"way","osm_id":160074463,"building":"yes","source_height_m":null,"source_levels":null,"display_height_m":23.0,"height_basis":"visual_fallback"},"geometry":{"type":"Polygon","coordinates":[[[139.763768,35.667447],[139.763931,35.667573],[139.76409,35.667437],[139.763926,35.667311],[139.763768,35.667447]]]}},{"type":"Feature","properties":{"osm_type":"way","osm_id":160074466,"building":"yes","source_height_m":null,"source_levels":null,"display_height_m":17.0,"height_basis":"visual_fallback"},"geometry":{"type":"Polygon","coordinates":[[[139.764384,35.668255],[139.764427,35.668287],[139.7645,35.668224],[139.764458,35.668192],[139.764384,35.668255]]]}},{"type":"Feature","properties":{"osm_type":"way","osm_id":160074467,"building":"yes","source_height_m":null,"source_levels":null,"display_height_m":20.0,"height_basis":"visual_fallback"},"geometry":{"type":"Polygon","coordinates":[[[139.763756,35.667741],[139.763934,35.667877],[139.764279,35.667581],[139.764101,35.667445],[139.763756,35.667741]]]}},{"type":"Feature","properties":{"osm_type":"way","osm_id":160074469,"building":"yes","source_height_m":null,"source_levels":null,"display_height_m":26.0,"height_basis":"visual_fallback"},"geometry":{"type":"Polygon","coordinates":[[[139.763123,35.667974],[139.763269,35.668086],[139.76324,35.668111],[139.763227,35.668101],[139.763179,35.668143],[139.763324,35.668253],[139.763471,35.668125],[139.763194,35.667913],[139.763123,35.667974]]]}},{"type":"Feature","properties":{"osm_type":"way","osm_id":160074470,"building":"yes","source_height_m":null,"source_levels":null,"display_height_m":14.0,"height_basis":"visual_fallback"},"geometry":{"type":"Polygon","coordinates":[[[139.763578,35.667636],[139.763709,35.667741],[139.763904,35.667589],[139.763771,35.667477],[139.763578,35.667636]]]}},{"type":"Feature","properties":{"osm_type":"way","osm_id":160074471,"building":"yes","source_height_m":null,"source_levels":null,"display_height_m":17.0,"height_basis":"visual_fallback"},"geometry":{"type":"Polygon","coordinates":[[[139.765339,35.66979],[139.765422,35.669854],[139.765475,35.669808],[139.765391,35.669744],[139.765339,35.66979]]]}},{"type":"Feature","properties":{"osm_type":"way","osm_id":160074474,"building":"yes","source_height_m":null,"source_levels":null,"display_height_m":26.0,"height_basis":"visual_fallback"},"geometry":{"type":"Polygon","coordinates":[[[139.762768,35.66824],[139.762823,35.668285],[139.762913,35.668213],[139.762857,35.668167],[139.762768,35.66824]]]}},{"type":"Feature","properties":{"osm_type":"way","osm_id":160074475,"building":"yes","source_height_m":null,"source_levels":null,"display_height_m":14.0,"height_basis":"visual_fallback"},"geometry":{"type":"Polygon","coordinates":[[[139.765429,35.669856],[139.765476,35.669892],[139.765527,35.669848],[139.765479,35.669812],[139.765429,35.669856]]]}},{"type":"Feature","properties":{"osm_type":"way","osm_id":160074477,"building":"yes","source_height_m":null,"source_levels":8.0,"display_height_m":25.6,"height_basis":"osm_levels_x_3.2m"},"geometry":{"type":"Polygon","coordinates":[[[139.763979,35.668405],[139.764207,35.668581],[139.764287,35.668518],[139.764057,35.668338],[139.763979,35.668405]]]}},{"type":"Feature","properties":{"osm_type":"way","osm_id":160074478,"building":"yes","source_height_m":null,"source_levels":null,"display_height_m":23.0,"height_basis":"visual_fallback"},"geometry":{"type":"Polygon","coordinates":[[[139.764554,35.667947],[139.76469,35.668056],[139.764708,35.668041],[139.764783,35.66798],[139.764647,35.66787],[139.764554,35.667947]]]}},{"type":"Feature","properties":{"osm_type":"way","osm_id":160074479,"building":"yes","source_height_m":null,"source_levels":null,"display_height_m":26.0,"height_basis":"visual_fallback"},"geometry":{"type":"Polygon","coordinates":[[[139.763858,35.66831],[139.763969,35.668395],[139.764043,35.668331],[139.763932,35.668246],[139.763858,35.66831]]]}},{"type":"Feature","properties":{"osm_type":"way","osm_id":160074480,"building":"commercial","source_height_m":null,"source_levels":null,"display_height_m":14.0,"height_basis":"visual_fallback"},"geometry":{"type":"Polygon","coordinates":[[[139.764955,35.669504],[139.765012,35.669456],[139.764964,35.669418],[139.764907,35.669467],[139.764955,35.669504]]]}},{"type":"Feature","properties":{"osm_type":"way","osm_id":160074481,"building":"yes","source_height_m":null,"source_levels":null,"display_height_m":17.0,"height_basis":"visual_fallback"},"geometry":{"type":"Polygon","coordinates":[[[139.764809,35.669888],[139.764944,35.670015],[139.76503,35.669954],[139.764895,35.669827],[139.764809,35.669888]]]}},{"type":"Feature","properties":{"osm_type":"way","osm_id":160074482,"building":"yes","source_height_m":null,"source_levels":null,"display_height_m":20.0,"height_basis":"visual_fallback"},"geometry":{"type":"Polygon","coordinates":[[[139.764071,35.668339],[139.76411,35.668369],[139.764217,35.668277],[139.764178,35.668247],[139.764071,35.668339]]]}},{"type":"Feature","properties":{"osm_type":"way","osm_id":160074484,"building":"yes","source_height_m":null,"source_levels":null,"display_height_m":26.0,"height_basis":"visual_fallback"},"geometry":{"type":"Polygon","coordinates":[[[139.764296,35.668992],[139.764342,35.669027],[139.764408,35.668968],[139.764362,35.668934],[139.764296,35.668992]]]}},{"type":"Feature","properties":{"osm_type":"way","osm_id":160074485,"building":"yes","source_height_m":null,"source_levels":null,"display_height_m":14.0,"height_basis":"visual_fallback"},"geometry":{"type":"Polygon","coordinates":[[[139.765041,35.66999],[139.765364,35.67023],[139.76548,35.670127],[139.765536,35.670169],[139.765575,35.670134],[139.765196,35.669852],[139.765041,35.66999]]]}},{"type":"Feature","properties":{"osm_type":"way","osm_id":160074486,"building":"yes","source_height_m":null,"source_levels":null,"display_height_m":17.0,"height_basis":"visual_fallback"},"geometry":{"type":"Polygon","coordinates":[[[139.764469,35.66788],[139.764554,35.667947],[139.764647,35.66787],[139.764562,35.667803],[139.764469,35.66788]]]}},{"type":"Feature","properties":{"osm_type":"way","osm_id":160074487,"building":"yes","source_height_m":null,"source_levels":null,"display_height_m":20.0,"height_basis":"visual_fallback"},"geometry":{"type":"Polygon","coordinates":[[[139.765303,35.669761],[139.765336,35.669787],[139.765385,35.669744],[139.765352,35.669719],[139.765303,35.669761]]]}},{"type":"Feature","properties":{"osm_type":"way","osm_id":160074488,"building":"yes","source_height_m":null,"source_levels":null,"display_height_m":23.0,"height_basis":"visual_fallback"},"geometry":{"type":"Polygon","coordinates":[[[139.763531,35.668403],[139.763748,35.668568],[139.763894,35.668441],[139.763677,35.668276],[139.763531,35.668403]]]}},{"type":"Feature","properties":{"osm_type":"way","osm_id":160074489,"building":"yes","source_height_m":null,"source_levels":null,"display_height_m":26.0,"height_basis":"visual_fallback"},"geometry":{"type":"Polygon","coordinates":[[[139.7627,35.66829],[139.76276,35.668341],[139.76282,35.668294],[139.76276,35.668243],[139.7627,35.66829]]]}},{"type":"Feature","properties":{"osm_type":"way","osm_id":160074491,"building":"yes","source_height_m":null,"source_levels":null,"display_height_m":17.0,"height_basis":"visual_fallback"},"geometry":{"type":"Polygon","coordinates":[[[139.76519,35.669602],[139.76513,35.669642],[139.76524,35.66972],[139.76529,35.669673],[139.76519,35.669602]]]}},{"type":"Feature","properties":{"osm_type":"way","osm_id":160074492,"building":"yes","source_height_m":null,"source_levels":null,"display_height_m":20.0,"height_basis":"visual_fallback"},"geometry":{"type":"Polygon","coordinates":[[[139.763389,35.668305],[139.763515,35.668399],[139.763583,35.668339],[139.763457,35.668244],[139.763389,35.668305]]]}},{"type":"Feature","properties":{"osm_type":"way","osm_id":160074493,"building":"yes","source_height_m":null,"source_levels":null,"display_height_m":23.0,"height_basis":"visual_fallback"},"geometry":{"type":"Polygon","coordinates":[[[139.763088,35.669173],[139.763353,35.668976],[139.763276,35.668907],[139.763011,35.669096],[139.763088,35.669173]]]}},{"type":"Feature","properties":{"osm_type":"way","osm_id":160074494,"building":"yes","source_height_m":null,"source_levels":null,"display_height_m":26.0,"height_basis":"visual_fallback"},"geometry":{"type":"Polygon","coordinates":[[[139.76496,35.66951],[139.765013,35.669552],[139.765051,35.669519],[139.764998,35.669478],[139.76496,35.66951]]]}},{"type":"Feature","properties":{"osm_type":"way","osm_id":160074495,"building":"yes","source_height_m":null,"source_levels":null,"display_height_m":14.0,"height_basis":"visual_fallback"},"geometry":{"type":"Polygon","coordinates":[[[139.76525,35.669723],[139.765297,35.669759],[139.765345,35.669717],[139.765298,35.669682],[139.76525,35.669723]]]}},{"type":"Feature","properties":{"osm_type":"way","osm_id":160074496,"building":"yes","source_height_m":null,"source_levels":null,"display_height_m":17.0,"height_basis":"visual_fallback"},"geometry":{"type":"Polygon","coordinates":[[[139.764975,35.669401],[139.765048,35.66934],[139.764832,35.669171],[139.764759,35.669231],[139.764975,35.669401]]]}},{"type":"Feature","properties":{"osm_type":"way","osm_id":160074497,"building":"yes","source_height_m":null,"source_levels":6.0,"display_height_m":19.2,"height_basis":"osm_levels_x_3.2m"},"geometry":{"type":"Polygon","coordinates":[[[139.763198,35.669283],[139.763469,35.669075],[139.763367,35.668982],[139.763093,35.669186],[139.763198,35.669283]]]}},{"type":"Feature","properties":{"osm_type":"way","osm_id":160074498,"building":"yes","source_height_m":null,"source_levels":null,"display_height_m":23.0,"height_basis":"visual_fallback"},"geometry":{"type":"Polygon","coordinates":[[[139.763934,35.668233],[139.763986,35.668273],[139.764091,35.668183],[139.764039,35.668143],[139.763934,35.668233]]]}},{"type":"Feature","properties":{"osm_type":"way","osm_id":160074499,"building":"yes","source_height_m":null,"source_levels":null,"display_height_m":26.0,"height_basis":"visual_fallback"},"geometry":{"type":"Polygon","coordinates":[[[139.764905,35.669463],[139.764954,35.669421],[139.764876,35.66936],[139.764827,35.669402],[139.764905,35.669463]]]}},{"type":"Feature","properties":{"osm_type":"way","osm_id":160074500,"building":"yes","source_height_m":null,"source_levels":null,"display_height_m":14.0,"height_basis":"visual_fallback"},"geometry":{"type":"Polygon","coordinates":[[[139.763362,35.66886],[139.763468,35.668775],[139.763404,35.668723],[139.763298,35.668808],[139.763362,35.66886]]]}},{"type":"Feature","properties":{"osm_type":"way","osm_id":160074501,"building":"yes","source_height_m":null,"source_levels":null,"display_height_m":17.0,"height_basis":"visual_fallback"},"geometry":{"type":"Polygon","coordinates":[[[139.763997,35.668276],[139.764059,35.668324],[139.764161,35.668236],[139.764099,35.668188],[139.763997,35.668276]]]}},{"type":"Feature","properties":{"osm_type":"way","osm_id":160074503,"building":"yes","source_height_m":null,"source_levels":null,"display_height_m":23.0,"height_basis":"visual_fallback"},"geometry":{"type":"Polygon","coordinates":[[[139.763533,35.668717],[139.76361,35.668654],[139.763536,35.668596],[139.76344,35.668675],[139.763482,35.668709],[139.763502,35.668692],[139.763533,35.668717]]]}},{"type":"Feature","properties":{"osm_type":"way","osm_id":160074504,"building":"yes","source_height_m":null,"source_levels":null,"display_height_m":26.0,"height_basis":"visual_fallback"},"geometry":{"type":"Polygon","coordinates":[[[139.764234,35.668943],[139.764293,35.668987],[139.764362,35.668926],[139.764303,35.668882],[139.764234,35.668943]]]}},{"type":"Feature","properties":{"osm_type":"way","osm_id":160074505,"building":"yes","source_height_m":null,"source_levels":null,"display_height_m":14.0,"height_basis":"visual_fallback"},"geometry":{"type":"Polygon","coordinates":[[[139.764425,35.667845],[139.764469,35.66788],[139.764562,35.667803],[139.764519,35.667768],[139.764425,35.667845]]]}},{"type":"Feature","properties":{"osm_type":"way","osm_id":160074506,"building":"yes","source_height_m":null,"source_levels":7.0,"display_height_m":22.4,"height_basis":"osm_levels_x_3.2m"},"geometry":{"type":"Polygon","coordinates":[[[139.763851,35.668523],[139.764064,35.668681],[139.76414,35.668614],[139.763927,35.668455],[139.763851,35.668523]]]}},{"type":"Feature","properties":{"osm_type":"way","osm_id":160074507,"building":"yes","source_height_m":null,"source_levels":null,"display_height_m":20.0,"height_basis":"visual_fallback"},"geometry":{"type":"Polygon","coordinates":[[[139.767227,35.669232],[139.767275,35.669195],[139.767187,35.66912],[139.76714,35.669157],[139.767227,35.669232]]]}},{"type":"Feature","properties":{"osm_type":"way","osm_id":160074508,"building":"yes","source_height_m":null,"source_levels":null,"display_height_m":23.0,"height_basis":"visual_fallback"},"geometry":{"type":"Polygon","coordinates":[[[139.764091,35.66884],[139.764214,35.668933],[139.764285,35.66887],[139.764162,35.668777],[139.764091,35.66884]]]}},{"type":"Feature","properties":{"osm_type":"way","osm_id":160074509,"building":"yes","source_height_m":null,"source_levels":null,"display_height_m":26.0,"height_basis":"visual_fallback"},"geometry":{"type":"Polygon","coordinates":[[[139.764902,35.66982],[139.765033,35.669948],[139.765169,35.669828],[139.76505,35.669741],[139.765018,35.66974],[139.764902,35.66982]]]}},{"type":"Feature","properties":{"osm_type":"way","osm_id":160074510,"building":"yes","source_height_m":null,"source_levels":null,"display_height_m":14.0,"height_basis":"visual_fallback"},"geometry":{"type":"Polygon","coordinates":[[[139.766961,35.669206],[139.767046,35.669283],[139.767167,35.669281],[139.767223,35.669237],[139.767078,35.669113],[139.766961,35.669206]]]}},{"type":"Feature","properties":{"osm_type":"way","osm_id":160074511,"building":"yes","source_height_m":null,"source_levels":null,"display_height_m":17.0,"height_basis":"visual_fallback"},"geometry":{"type":"Polygon","coordinates":[[[139.762859,35.668164],[139.762913,35.668208],[139.762967,35.668159],[139.762938,35.668135],[139.762898,35.668135],[139.762859,35.668164]]]}},{"type":"Feature","properties":{"osm_type":"way","osm_id":160074512,"building":"yes","source_height_m":null,"source_levels":null,"display_height_m":20.0,"height_basis":"visual_fallback"},"geometry":{"type":"Polygon","coordinates":[[[139.764461,35.668185],[139.764502,35.668217],[139.764532,35.668192],[139.764401,35.668091],[139.764292,35.668185],[139.76438,35.668253],[139.764461,35.668185]]]}},{"type":"Feature","properties":{"osm_type":"way","osm_id":160074515,"building":"yes","source_height_m":null,"source_levels":null,"display_height_m":14.0,"height_basis":"visual_fallback"},"geometry":{"type":"Polygon","coordinates":[[[139.763083,35.668474],[139.762993,35.668405],[139.76291,35.668475],[139.763044,35.668579],[139.763266,35.668389],[139.763222,35.668355],[139.763083,35.668474]]]}},{"type":"Feature","properties":{"osm_type":"way","osm_id":160074516,"building":"yes","source_height_m":null,"source_levels":null,"display_height_m":17.0,"height_basis":"visual_fallback"},"geometry":{"type":"Polygon","coordinates":[[[139.764429,35.66786],[139.764162,35.66808],[139.76428,35.668175],[139.764407,35.668071],[139.764535,35.668173],[139.764675,35.668057],[139.764429,35.66786]]]}},{"type":"Feature","properties":{"osm_type":"way","osm_id":160074517,"building":"yes","source_height_m":null,"source_levels":null,"display_height_m":20.0,"height_basis":"visual_fallback"},"geometry":{"type":"Polygon","coordinates":[[[139.766987,35.669026],[139.767135,35.669152],[139.767184,35.669113],[139.767275,35.66919],[139.767356,35.669126],[139.767118,35.668924],[139.766987,35.669026]]]}},{"type":"Feature","properties":{"osm_type":"way","osm_id":160074518,"building":"yes","source_height_m":null,"source_levels":null,"display_height_m":23.0,"height_basis":"visual_fallback"},"geometry":{"type":"Polygon","coordinates":[[[139.764504,35.668903],[139.764475,35.668882],[139.764397,35.668951],[139.764426,35.668972],[139.764355,35.669034],[139.764448,35.669103],[139.764596,35.668973],[139.764504,35.668903]]]}},{"type":"Feature","properties":{"osm_type":"way","osm_id":160074521,"building":"yes","source_height_m":null,"source_levels":9.0,"display_height_m":28.8,"height_basis":"osm_levels_x_3.2m"},"geometry":{"type":"Polygon","coordinates":[[[139.766006,35.668967],[139.765975,35.668969],[139.765784,35.669148],[139.765888,35.669227],[139.765797,35.669303],[139.766077,35.669505],[139.766348,35.669257],[139.766006,35.668967]]]}},{"type":"Feature","properties":{"osm_type":"way","osm_id":160074523,"building":"yes","source_height_m":null,"source_levels":null,"display_height_m":23.0,"height_basis":"visual_fallback"},"geometry":{"type":"Polygon","coordinates":[[[139.765652,35.669542],[139.765684,35.669565],[139.765601,35.669639],[139.765809,35.669793],[139.765876,35.669733],[139.765824,35.669694],[139.765948,35.669584],[139.765761,35.669445],[139.765652,35.669542]]]}},{"type":"Feature","properties":{"osm_type":"way","osm_id":160074525,"building":"yes","source_height_m":null,"source_levels":13.0,"display_height_m":41.6,"height_basis":"osm_levels_x_3.2m"},"geometry":{"type":"Polygon","coordinates":[[[139.763816,35.668825],[139.763633,35.668668],[139.763543,35.668737],[139.763563,35.668754],[139.763594,35.66873],[139.763628,35.668759],[139.763638,35.668751],[139.763662,35.668771],[139.763541,35.668864],[139.763484,35.668816],[139.763542,35.668771],[139.763496,35.668731],[139.763464,35.668756],[139.763487,35.668776],[139.763373,35.668865],[139.763559,35.669024],[139.763816,35.668825]]]}},{"type":"Feature","properties":{"osm_type":"way","osm_id":160074526,"building":"yes","source_height_m":null,"source_levels":null,"display_height_m":17.0,"height_basis":"visual_fallback"},"geometry":{"type":"Polygon","coordinates":[[[139.764708,35.668041],[139.764751,35.668076],[139.764789,35.668045],[139.764835,35.668082],[139.764848,35.668071],[139.764847,35.668031],[139.764783,35.66798],[139.764708,35.668041]]]}},{"type":"Feature","properties":{"osm_type":"way","osm_id":160074528,"building":"hotel","source_height_m":null,"source_levels":null,"display_height_m":23.0,"height_basis":"visual_fallback"},"geometry":{"type":"Polygon","coordinates":[[[139.762874,35.668257],[139.763099,35.66843],[139.763207,35.668344],[139.762994,35.66818],[139.762874,35.668257]]]}},{"type":"Feature","properties":{"osm_type":"way","osm_id":160436232,"building":"yes","source_height_m":null,"source_levels":null,"display_height_m":20.0,"height_basis":"visual_fallback"},"geometry":{"type":"Polygon","coordinates":[[[139.769355,35.670519],[139.769455,35.670441],[139.769415,35.670408],[139.769316,35.670483],[139.769355,35.670519]]]}},{"type":"Feature","properties":{"osm_type":"way","osm_id":162113257,"building":"yes","source_height_m":null,"source_levels":null,"display_height_m":20.0,"height_basis":"visual_fallback"},"geometry":{"type":"Polygon","coordinates":[[[139.769491,35.673616],[139.769599,35.673557],[139.769568,35.673519],[139.76946,35.673578],[139.769491,35.673616]]]}},{"type":"Feature","properties":{"osm_type":"way","osm_id":162113258,"building":"yes","source_height_m":null,"source_levels":null,"display_height_m":23.0,"height_basis":"visual_fallback"},"geometry":{"type":"Polygon","coordinates":[[[139.770107,35.674326],[139.77016,35.674394],[139.770239,35.674354],[139.770184,35.674285],[139.770107,35.674326]]]}},{"type":"Feature","properties":{"osm_type":"way","osm_id":162113259,"building":"yes","source_height_m":null,"source_levels":null,"display_height_m":26.0,"height_basis":"visual_fallback"},"geometry":{"type":"Polygon","coordinates":[[[139.769588,35.67373],[139.769682,35.673679],[139.769616,35.673599],[139.769521,35.67365],[139.769588,35.67373]]]}},{"type":"Feature","properties":{"osm_type":"way","osm_id":162113260,"building":"yes","source_height_m":null,"source_levels":null,"display_height_m":14.0,"height_basis":"visual_fallback"},"geometry":{"type":"Polygon","coordinates":[[[139.769455,35.673575],[139.769552,35.673522],[139.769461,35.673413],[139.769364,35.673465],[139.769455,35.673575]]]}},{"type":"Feature","properties":{"osm_type":"way","osm_id":162113261,"building":"yes","source_height_m":null,"source_levels":null,"display_height_m":17.0,"height_basis":"visual_fallback"},"geometry":{"type":"Polygon","coordinates":[[[139.76952,35.673646],[139.769627,35.673587],[139.769605,35.67356],[139.769497,35.673619],[139.76952,35.673646]]]}},{"type":"Feature","properties":{"osm_type":"way","osm_id":162113262,"building":"yes","source_height_m":null,"source_levels":null,"display_height_m":20.0,"height_basis":"visual_fallback"},"geometry":{"type":"Polygon","coordinates":[[[139.770206,35.67443],[139.770265,35.674397],[139.770237,35.674362],[139.770176,35.674395],[139.770206,35.67443]]]}},{"type":"Feature","properties":{"osm_type":"way","osm_id":162113263,"building":"yes","source_height_m":null,"source_levels":null,"display_height_m":23.0,"height_basis":"visual_fallback"},"geometry":{"type":"Polygon","coordinates":[[[139.769272,35.673362],[139.769391,35.673297],[139.769337,35.673232],[139.769218,35.673298],[139.769272,35.673362]]]}},{"type":"Feature","properties":{"osm_type":"way","osm_id":162113264,"building":"yes","source_height_m":null,"source_levels":null,"display_height_m":26.0,"height_basis":"visual_fallback"},"geometry":{"type":"Polygon","coordinates":[[[139.769355,35.673453],[139.769469,35.673391],[139.769427,35.67334],[139.769313,35.673402],[139.769355,35.673453]]]}},{"type":"Feature","properties":{"osm_type":"way","osm_id":162113265,"building":"yes","source_height_m":null,"source_levels":null,"display_height_m":14.0,"height_basis":"visual_fallback"},"geometry":{"type":"Polygon","coordinates":[[[139.769176,35.673244],[139.769302,35.673176],[139.76926,35.673125],[139.769134,35.673194],[139.769176,35.673244]]]}},{"type":"Feature","properties":{"osm_type":"way","osm_id":162113266,"building":"yes","source_height_m":null,"source_levels":null,"display_height_m":17.0,"height_basis":"visual_fallback"},"geometry":{"type":"Polygon","coordinates":[[[139.769316,35.673346],[139.769344,35.673379],[139.769429,35.673332],[139.769402,35.673299],[139.769316,35.673346]]]}},{"type":"Feature","properties":{"osm_type":"way","osm_id":162113267,"building":"yes","source_height_m":null,"source_levels":null,"display_height_m":20.0,"height_basis":"visual_fallback"},"geometry":{"type":"Polygon","coordinates":[[[139.769087,35.673159],[139.769233,35.673078],[139.769147,35.672988],[139.769014,35.673074],[139.769087,35.673159]]]}},{"type":"Feature","properties":{"osm_type":"way","osm_id":162113268,"building":"yes","source_height_m":null,"source_levels":null,"display_height_m":23.0,"height_basis":"visual_fallback"},"geometry":{"type":"Polygon","coordinates":[[[139.769887,35.674094],[139.769629,35.673788],[139.769523,35.673848],[139.769785,35.674145],[139.769887,35.674094]]]}},{"type":"Feature","properties":{"osm_type":"way","osm_id":162113269,"building":"yes","source_height_m":null,"source_levels":null,"display_height_m":26.0,"height_basis":"visual_fallback"},"geometry":{"type":"Polygon","coordinates":[[[139.769119,35.673193],[139.769262,35.673115],[139.769236,35.673083],[139.769093,35.673161],[139.769119,35.673193]]]}},{"type":"Feature","properties":{"osm_type":"way","osm_id":162113270,"building":"yes","source_height_m":null,"source_levels":11.0,"display_height_m":35.2,"height_basis":"osm_levels_x_3.2m"},"geometry":{"type":"Polygon","coordinates":[[[139.769997,35.674202],[139.770042,35.674255],[139.770125,35.674212],[139.770083,35.674159],[139.769997,35.674202]]]}},{"type":"Feature","properties":{"osm_type":"way","osm_id":162113271,"building":"yes","source_height_m":null,"source_levels":null,"display_height_m":17.0,"height_basis":"visual_fallback"},"geometry":{"type":"Polygon","coordinates":[[[139.769897,35.674085],[139.769984,35.67404],[139.769848,35.673871],[139.769758,35.673919],[139.769897,35.674085]]]}},{"type":"Feature","properties":{"osm_type":"way","osm_id":162113272,"building":"yes","source_height_m":null,"source_levels":null,"display_height_m":20.0,"height_basis":"visual_fallback"},"geometry":{"type":"Polygon","coordinates":[[[139.769739,35.673903],[139.769839,35.673851],[139.769811,35.673818],[139.769709,35.673868],[139.769739,35.673903]]]}},{"type":"Feature","properties":{"osm_type":"way","osm_id":162113273,"building":"yes","source_height_m":null,"source_levels":null,"display_height_m":23.0,"height_basis":"visual_fallback"},"geometry":{"type":"Polygon","coordinates":[[[139.769616,35.673758],[139.769717,35.673703],[139.769696,35.673677],[139.769594,35.673733],[139.769616,35.673758]]]}},{"type":"Feature","properties":{"osm_type":"way","osm_id":162113274,"building":"yes","source_height_m":null,"source_levels":null,"display_height_m":26.0,"height_basis":"visual_fallback"},"geometry":{"type":"Polygon","coordinates":[[[139.76968,35.67383],[139.769707,35.673864],[139.76981,35.673813],[139.769781,35.673777],[139.76968,35.67383]]]}},{"type":"Feature","properties":{"osm_type":"way","osm_id":162113275,"building":"yes","source_height_m":null,"source_levels":null,"display_height_m":14.0,"height_basis":"visual_fallback"},"geometry":{"type":"Polygon","coordinates":[[[139.770055,35.674261],[139.7701,35.674317],[139.77017,35.67428],[139.770128,35.674223],[139.770055,35.674261]]]}},{"type":"Feature","properties":{"osm_type":"way","osm_id":162113276,"building":"yes","source_height_m":null,"source_levels":null,"display_height_m":17.0,"height_basis":"visual_fallback"},"geometry":{"type":"Polygon","coordinates":[[[139.769672,35.673832],[139.769773,35.673777],[139.769717,35.673709],[139.769616,35.673764],[139.769672,35.673832]]]}},{"type":"Feature","properties":{"osm_type":"way","osm_id":162113277,"building":"yes","source_height_m":null,"source_levels":null,"display_height_m":20.0,"height_basis":"visual_fallback"},"geometry":{"type":"Polygon","coordinates":[[[139.770194,35.674538],[139.770318,35.674486],[139.770269,35.674412],[139.770242,35.674419],[139.770213,35.67446],[139.770119,35.674505],[139.770147,35.674537],[139.770194,35.674538]]]}},{"type":"Feature","properties":{"osm_type":"way","osm_id":164413964,"building":"yes","source_height_m":null,"source_levels":null,"display_height_m":26.0,"height_basis":"visual_fallback"},"geometry":{"type":"Polygon","coordinates":[[[139.765156,35.667477],[139.765236,35.667411],[139.765312,35.667471],[139.765231,35.667537],[139.765156,35.667477]]]}},{"type":"Feature","properties":{"osm_type":"way","osm_id":164413965,"building":"yes","source_height_m":null,"source_levels":null,"display_height_m":14.0,"height_basis":"visual_fallback"},"geometry":{"type":"Polygon","coordinates":[[[139.766243,35.666916],[139.765776,35.667304],[139.765674,35.667217],[139.7661,35.666809],[139.766243,35.666916]]]}},{"type":"Feature","properties":{"osm_type":"way","osm_id":164413966,"building":"yes","source_height_m":null,"source_levels":null,"display_height_m":17.0,"height_basis":"visual_fallback"},"geometry":{"type":"Polygon","coordinates":[[[139.765569,35.667142],[139.765607,35.667116],[139.76563,35.667127],[139.765686,35.667084],[139.765744,35.667125],[139.765642,35.667206],[139.765569,35.667142]]]}},{"type":"Feature","properties":{"osm_type":"way","osm_id":164413967,"building":"yes","source_height_m":null,"source_levels":null,"display_height_m":20.0,"height_basis":"visual_fallback"},"geometry":{"type":"Polygon","coordinates":[[[139.765148,35.667473],[139.765233,35.667402],[139.765171,35.667357],[139.765086,35.667425],[139.765148,35.667473]]]}},{"type":"Feature","properties":{"osm_type":"way","osm_id":164413968,"building":"yes","source_height_m":null,"source_levels":null,"display_height_m":23.0,"height_basis":"visual_fallback"},"geometry":{"type":"Polygon","coordinates":[[[139.765765,35.667097],[139.765899,35.666983],[139.765727,35.666843],[139.765493,35.667034],[139.765595,35.667113],[139.765699,35.667043],[139.765765,35.667097]]]}},{"type":"Feature","properties":{"osm_type":"way","osm_id":164413970,"building":"yes","source_height_m":null,"source_levels":null,"display_height_m":14.0,"height_basis":"visual_fallback"},"geometry":{"type":"Polygon","coordinates":[[[139.765249,35.666784],[139.765418,35.666644],[139.76518,35.66645],[139.765066,35.666545],[139.765231,35.666682],[139.765174,35.666729],[139.765249,35.666784]]]}},{"type":"Feature","properties":{"osm_type":"way","osm_id":164413971,"building":"yes","source_height_m":null,"source_levels":null,"display_height_m":17.0,"height_basis":"visual_fallback"},"geometry":{"type":"Polygon","coordinates":[[[139.765459,35.667013],[139.765387,35.666961],[139.765524,35.666847],[139.765491,35.666815],[139.765564,35.666756],[139.765439,35.666657],[139.765467,35.666629],[139.765241,35.666451],[139.76542,35.666292],[139.76591,35.666669],[139.765617,35.666911],[139.765596,35.666898],[139.765459,35.667013]]]}},{"type":"Feature","properties":{"osm_type":"way","osm_id":164413973,"building":"yes","source_height_m":null,"source_levels":null,"display_height_m":23.0,"height_basis":"visual_fallback"},"geometry":{"type":"Polygon","coordinates":[[[139.76591,35.666968],[139.766071,35.666826],[139.766054,35.666813],[139.76608,35.66679],[139.765927,35.666675],[139.765739,35.66684],[139.76591,35.666968]]]}},{"type":"Feature","properties":{"osm_type":"way","osm_id":164413974,"building":"yes","source_height_m":null,"source_levels":null,"display_height_m":26.0,"height_basis":"visual_fallback"},"geometry":{"type":"Polygon","coordinates":[[[139.761184,35.667146],[139.761381,35.66707],[139.761442,35.667178],[139.761242,35.66725],[139.761184,35.667146]]]}},{"type":"Feature","properties":{"osm_type":"way","osm_id":164413975,"building":"yes","source_height_m":null,"source_levels":null,"display_height_m":14.0,"height_basis":"visual_fallback"},"geometry":{"type":"Polygon","coordinates":[[[139.761457,35.667188],[139.761565,35.667146],[139.761511,35.667055],[139.761408,35.6671],[139.761457,35.667188]]]}},{"type":"Feature","properties":{"osm_type":"way","osm_id":164413976,"building":"yes","source_height_m":null,"source_levels":null,"display_height_m":17.0,"height_basis":"visual_fallback"},"geometry":{"type":"Polygon","coordinates":[[[139.765293,35.66738],[139.765382,35.667307],[139.765321,35.667259],[139.765231,35.667333],[139.765293,35.66738]]]}},{"type":"Feature","properties":{"osm_type":"way","osm_id":164413977,"building":"yes","source_height_m":null,"source_levels":null,"display_height_m":20.0,"height_basis":"visual_fallback"},"geometry":{"type":"Polygon","coordinates":[[[139.764978,35.667128],[139.765186,35.666956],[139.765123,35.666902],[139.764979,35.667015],[139.764905,35.666955],[139.76484,35.667011],[139.764978,35.667128]]]}},{"type":"Feature","properties":{"osm_type":"way","osm_id":164413978,"building":"yes","source_height_m":null,"source_levels":null,"display_height_m":23.0,"height_basis":"visual_fallback"},"geometry":{"type":"Polygon","coordinates":[[[139.765095,35.666752],[139.765196,35.666666],[139.765054,35.666549],[139.764954,35.666636],[139.765095,35.666752]]]}},{"type":"Feature","properties":{"osm_type":"way","osm_id":164413979,"building":"yes","source_height_m":null,"source_levels":null,"display_height_m":26.0,"height_basis":"visual_fallback"},"geometry":{"type":"Polygon","coordinates":[[[139.765399,35.667458],[139.765491,35.667388],[139.765589,35.667469],[139.765498,35.667545],[139.765399,35.667458]]]}},{"type":"Feature","properties":{"osm_type":"way","osm_id":164413980,"building":"yes","source_height_m":null,"source_levels":null,"display_height_m":14.0,"height_basis":"visual_fallback"},"geometry":{"type":"Polygon","coordinates":[[[139.761573,35.667144],[139.761643,35.667116],[139.761582,35.667021],[139.761514,35.667053],[139.761573,35.667144]]]}},{"type":"Feature","properties":{"osm_type":"way","osm_id":164413981,"building":"yes","source_height_m":null,"source_levels":null,"display_height_m":17.0,"height_basis":"visual_fallback"},"geometry":{"type":"Polygon","coordinates":[[[139.765601,35.66746],[139.765713,35.667369],[139.765622,35.6673],[139.765509,35.667393],[139.765601,35.66746]]]}},{"type":"Feature","properties":{"osm_type":"way","osm_id":164413982,"building":"yes","source_height_m":null,"source_levels":null,"display_height_m":20.0,"height_basis":"visual_fallback"},"geometry":{"type":"Polygon","coordinates":[[[139.765503,35.667384],[139.765607,35.667297],[139.765509,35.667216],[139.765406,35.667303],[139.765503,35.667384]]]}},{"type":"Feature","properties":{"osm_type":"way","osm_id":164413984,"building":"yes","source_height_m":null,"source_levels":null,"display_height_m":26.0,"height_basis":"visual_fallback"},"geometry":{"type":"Polygon","coordinates":[[[139.761766,35.666942],[139.76183,35.666917],[139.761851,35.666949],[139.761838,35.666978],[139.761797,35.666994],[139.761766,35.666942]]]}},{"type":"Feature","properties":{"osm_type":"way","osm_id":164413985,"building":"yes","source_height_m":null,"source_levels":null,"display_height_m":14.0,"height_basis":"visual_fallback"},"geometry":{"type":"Polygon","coordinates":[[[139.761644,35.667109],[139.761761,35.667064],[139.761705,35.666971],[139.76159,35.667025],[139.761644,35.667109]]]}},{"type":"Feature","properties":{"osm_type":"way","osm_id":172598554,"building":"yes","source_height_m":null,"source_levels":null,"display_height_m":26.0,"height_basis":"visual_fallback"},"geometry":{"type":"Polygon","coordinates":[[[139.769777,35.665588],[139.769808,35.66556],[139.76977,35.665532],[139.769739,35.66556],[139.769777,35.665588]]]}},{"type":"Feature","properties":{"osm_type":"way","osm_id":172598556,"building":"yes","source_height_m":null,"source_levels":null,"display_height_m":17.0,"height_basis":"visual_fallback"},"geometry":{"type":"Polygon","coordinates":[[[139.769936,35.66569],[139.77005,35.665587],[139.769974,35.665532],[139.769861,35.665634],[139.769936,35.66569]]]}},{"type":"Feature","properties":{"osm_type":"way","osm_id":172598557,"building":"yes","source_height_m":null,"source_levels":null,"display_height_m":20.0,"height_basis":"visual_fallback"},"geometry":{"type":"Polygon","coordinates":[[[139.769737,35.665392],[139.769693,35.665431],[139.769788,35.665501],[139.769832,35.665462],[139.769737,35.665392]]]}},{"type":"Feature","properties":{"osm_type":"way","osm_id":172598562,"building":"yes","source_height_m":null,"source_levels":null,"display_height_m":20.0,"height_basis":"visual_fallback"},"geometry":{"type":"Polygon","coordinates":[[[139.770322,35.665501],[139.77019,35.665616],[139.770305,35.665703],[139.770437,35.665587],[139.770322,35.665501]]]}},{"type":"Feature","properties":{"osm_type":"way","osm_id":172598564,"building":"yes","source_height_m":null,"source_levels":null,"display_height_m":26.0,"height_basis":"visual_fallback"},"geometry":{"type":"Polygon","coordinates":[[[139.770278,35.665206],[139.770196,35.665149],[139.770127,35.665215],[139.770209,35.665272],[139.770278,35.665206]]]}},{"type":"Feature","properties":{"osm_type":"way","osm_id":172598565,"building":"yes","source_height_m":null,"source_levels":null,"display_height_m":14.0,"height_basis":"visual_fallback"},"geometry":{"type":"Polygon","coordinates":[[[139.770495,35.665502],[139.770446,35.665469],[139.770391,35.665521],[139.770439,35.665555],[139.770495,35.665502]]]}},{"type":"Feature","properties":{"osm_type":"way","osm_id":172598567,"building":"yes","source_height_m":null,"source_levels":null,"display_height_m":20.0,"height_basis":"visual_fallback"},"geometry":{"type":"Polygon","coordinates":[[[139.769899,35.665731],[139.769991,35.665798],[139.770105,35.665695],[139.770014,35.665628],[139.769899,35.665731]]]}},{"type":"Feature","properties":{"osm_type":"way","osm_id":172598569,"building":"yes","source_height_m":null,"source_levels":null,"display_height_m":26.0,"height_basis":"visual_fallback"},"geometry":{"type":"Polygon","coordinates":[[[139.770692,35.666004],[139.770724,35.666026],[139.770793,35.665965],[139.770761,35.665939],[139.770692,35.666004]]]}},{"type":"Feature","properties":{"osm_type":"way","osm_id":172598570,"building":"yes","source_height_m":null,"source_levels":null,"display_height_m":14.0,"height_basis":"visual_fallback"},"geometry":{"type":"Polygon","coordinates":[[[139.7701,35.665546],[139.770186,35.66561],[139.770326,35.665487],[139.770239,35.665423],[139.7701,35.665546]]]}},{"type":"Feature","properties":{"osm_type":"way","osm_id":172598571,"building":"yes","source_height_m":null,"source_levels":null,"display_height_m":17.0,"height_basis":"visual_fallback"},"geometry":{"type":"Polygon","coordinates":[[[139.770218,35.665388],[139.770303,35.665447],[139.770429,35.665328],[139.770343,35.665268],[139.770218,35.665388]]]}},{"type":"Feature","properties":{"osm_type":"way","osm_id":172598572,"building":"yes","source_height_m":null,"source_levels":null,"display_height_m":20.0,"height_basis":"visual_fallback"},"geometry":{"type":"Polygon","coordinates":[[[139.770552,35.666035],[139.770594,35.665998],[139.770521,35.665945],[139.77048,35.665982],[139.770552,35.666035]]]}},{"type":"Feature","properties":{"osm_type":"way","osm_id":172598573,"building":"yes","source_height_m":null,"source_levels":null,"display_height_m":23.0,"height_basis":"visual_fallback"},"geometry":{"type":"Polygon","coordinates":[[[139.76975,35.665585],[139.769725,35.665607],[139.769812,35.66567],[139.769837,35.665649],[139.76975,35.665585]]]}},{"type":"Feature","properties":{"osm_type":"way","osm_id":172598574,"building":"yes","source_height_m":null,"source_levels":null,"display_height_m":26.0,"height_basis":"visual_fallback"},"geometry":{"type":"Polygon","coordinates":[[[139.770752,35.665585],[139.77062,35.665711],[139.770678,35.665751],[139.77081,35.665625],[139.770752,35.665585]]]}},{"type":"Feature","properties":{"osm_type":"way","osm_id":172598575,"building":"yes","source_height_m":null,"source_levels":null,"display_height_m":14.0,"height_basis":"visual_fallback"},"geometry":{"type":"Polygon","coordinates":[[[139.770242,35.665737],[139.770145,35.665666],[139.769988,35.665808],[139.770084,35.665879],[139.770242,35.665737]]]}},{"type":"Feature","properties":{"osm_type":"way","osm_id":172598576,"building":"yes","source_height_m":null,"source_levels":null,"display_height_m":17.0,"height_basis":"visual_fallback"},"geometry":{"type":"Polygon","coordinates":[[[139.770431,35.665962],[139.770483,35.665914],[139.770414,35.665863],[139.770361,35.66591],[139.770431,35.665962]]]}},{"type":"Feature","properties":{"osm_type":"way","osm_id":172598577,"building":"yes","source_height_m":null,"source_levels":2.0,"display_height_m":6.4,"height_basis":"osm_levels_x_3.2m"},"geometry":{"type":"Polygon","coordinates":[[[139.770989,35.66592],[139.771026,35.665884],[139.770973,35.665849],[139.770937,35.665884],[139.770989,35.66592]]]}},{"type":"Feature","properties":{"osm_type":"way","osm_id":172598578,"building":"yes","source_height_m":null,"source_levels":null,"display_height_m":23.0,"height_basis":"visual_fallback"},"geometry":{"type":"Polygon","coordinates":[[[139.77065,35.665971],[139.770689,35.665998],[139.770754,35.665939],[139.770715,35.66591],[139.77065,35.665971]]]}},{"type":"Feature","properties":{"osm_type":"way","osm_id":172598579,"building":"yes","source_height_m":null,"source_levels":null,"display_height_m":26.0,"height_basis":"visual_fallback"},"geometry":{"type":"Polygon","coordinates":[[[139.769893,35.66573],[139.769934,35.665694],[139.769859,35.66564],[139.769819,35.665676],[139.769893,35.66573]]]}},{"type":"Feature","properties":{"osm_type":"way","osm_id":172598580,"building":"yes","source_height_m":null,"source_levels":null,"display_height_m":14.0,"height_basis":"visual_fallback"},"geometry":{"type":"Polygon","coordinates":[[[139.770514,35.666068],[139.770547,35.666038],[139.770481,35.66599],[139.770448,35.666019],[139.770514,35.666068]]]}},{"type":"Feature","properties":{"osm_type":"way","osm_id":172598581,"building":"yes","source_height_m":null,"source_levels":null,"display_height_m":17.0,"height_basis":"visual_fallback"},"geometry":{"type":"Polygon","coordinates":[[[139.769745,35.665386],[139.769836,35.665452],[139.769856,35.665434],[139.769765,35.665367],[139.769745,35.665386]]]}},{"type":"Feature","properties":{"osm_type":"way","osm_id":172598582,"building":"retail","source_height_m":null,"source_levels":null,"display_height_m":20.0,"height_basis":"visual_fallback"},"geometry":{"type":"Polygon","coordinates":[[[139.769971,35.665525],[139.769912,35.665481],[139.769781,35.665599],[139.76984,35.665643],[139.769971,35.665525]]]}},{"type":"Feature","properties":{"osm_type":"way","osm_id":172598584,"building":"yes","source_height_m":null,"source_levels":null,"display_height_m":26.0,"height_basis":"visual_fallback"},"geometry":{"type":"Polygon","coordinates":[[[139.769756,35.66553],[139.769689,35.66548],[139.76967,35.665571],[139.769694,35.665586],[139.769756,35.66553]]]}},{"type":"Feature","properties":{"osm_type":"way","osm_id":172598585,"building":"yes","source_height_m":null,"source_levels":null,"display_height_m":14.0,"height_basis":"visual_fallback"},"geometry":{"type":"Polygon","coordinates":[[[139.77036,35.665748],[139.770397,35.665775],[139.770493,35.66569],[139.770456,35.665662],[139.77036,35.665748]]]}},{"type":"Feature","properties":{"osm_type":"way","osm_id":172598586,"building":"yes","source_height_m":null,"source_levels":null,"display_height_m":17.0,"height_basis":"visual_fallback"},"geometry":{"type":"Polygon","coordinates":[[[139.770517,35.665413],[139.770457,35.66547],[139.770497,35.665498],[139.770557,35.665441],[139.770517,35.665413]]]}},{"type":"Feature","properties":{"osm_type":"way","osm_id":172598587,"building":"yes","source_height_m":null,"source_levels":null,"display_height_m":20.0,"height_basis":"visual_fallback"},"geometry":{"type":"Polygon","coordinates":[[[139.770069,35.665344],[139.770105,35.665309],[139.77006,35.665279],[139.770024,35.665313],[139.770069,35.665344]]]}},{"type":"Feature","properties":{"osm_type":"way","osm_id":172598588,"building":"yes","source_height_m":null,"source_levels":null,"display_height_m":23.0,"height_basis":"visual_fallback"},"geometry":{"type":"Polygon","coordinates":[[[139.769775,35.665526],[139.769819,35.665558],[139.769909,35.665477],[139.769866,35.665445],[139.769775,35.665526]]]}},{"type":"Feature","properties":{"osm_type":"way","osm_id":172598589,"building":"yes","source_height_m":null,"source_levels":null,"display_height_m":26.0,"height_basis":"visual_fallback"},"geometry":{"type":"Polygon","coordinates":[[[139.770613,35.665705],[139.770672,35.665653],[139.770587,35.665589],[139.770528,35.665641],[139.770613,35.665705]]]}},{"type":"Feature","properties":{"osm_type":"way","osm_id":172598590,"building":"yes","source_height_m":null,"source_levels":null,"display_height_m":14.0,"height_basis":"visual_fallback"},"geometry":{"type":"Polygon","coordinates":[[[139.770309,35.665709],[139.770354,35.665743],[139.770453,35.665657],[139.770407,35.665623],[139.770309,35.665709]]]}},{"type":"Feature","properties":{"osm_type":"way","osm_id":172598591,"building":"yes","source_height_m":null,"source_levels":null,"display_height_m":17.0,"height_basis":"visual_fallback"},"geometry":{"type":"Polygon","coordinates":[[[139.770023,35.665479],[139.770054,35.665503],[139.770191,35.665383],[139.770159,35.665359],[139.770023,35.665479]]]}},{"type":"Feature","properties":{"osm_type":"way","osm_id":172598592,"building":"yes","source_height_m":null,"source_levels":null,"display_height_m":20.0,"height_basis":"visual_fallback"},"geometry":{"type":"Polygon","coordinates":[[[139.770119,35.665222],[139.770063,35.665275],[139.770156,35.66534],[139.770211,35.665286],[139.770119,35.665222]]]}},{"type":"Feature","properties":{"osm_type":"way","osm_id":172598593,"building":"yes","source_height_m":null,"source_levels":null,"display_height_m":23.0,"height_basis":"visual_fallback"},"geometry":{"type":"Polygon","coordinates":[[[139.770384,35.666002],[139.770423,35.665967],[139.770355,35.665917],[139.770317,35.665952],[139.770384,35.666002]]]}},{"type":"Feature","properties":{"osm_type":"way","osm_id":172598594,"building":"yes","source_height_m":null,"source_levels":null,"display_height_m":26.0,"height_basis":"visual_fallback"},"geometry":{"type":"Polygon","coordinates":[[[139.770428,35.666142],[139.770477,35.666097],[139.770409,35.666048],[139.77036,35.666092],[139.770428,35.666142]]]}},{"type":"Feature","properties":{"osm_type":"way","osm_id":172598595,"building":"yes","source_height_m":null,"source_levels":null,"display_height_m":14.0,"height_basis":"visual_fallback"},"geometry":{"type":"Polygon","coordinates":[[[139.770564,35.665446],[139.770435,35.665568],[139.770522,35.665629],[139.770651,35.665507],[139.770564,35.665446]]]}},{"type":"Feature","properties":{"osm_type":"way","osm_id":172598596,"building":"yes","source_height_m":null,"source_levels":null,"display_height_m":17.0,"height_basis":"visual_fallback"},"geometry":{"type":"Polygon","coordinates":[[[139.770807,35.665959],[139.770866,35.665903],[139.770787,35.665845],[139.770726,35.665899],[139.770807,35.665959]]]}},{"type":"Feature","properties":{"osm_type":"way","osm_id":172598597,"building":"yes","source_height_m":null,"source_levels":null,"display_height_m":20.0,"height_basis":"visual_fallback"},"geometry":{"type":"Polygon","coordinates":[[[139.770725,35.666174],[139.770683,35.66614],[139.770619,35.6662],[139.770697,35.666199],[139.770725,35.666174]]]}},{"type":"Feature","properties":{"osm_type":"way","osm_id":172598598,"building":"yes","source_height_m":null,"source_levels":null,"display_height_m":23.0,"height_basis":"visual_fallback"},"geometry":{"type":"Polygon","coordinates":[[[139.770108,35.665692],[139.770143,35.66566],[139.77005,35.665592],[139.770015,35.665623],[139.770108,35.665692]]]}},{"type":"Feature","properties":{"osm_type":"way","osm_id":172598600,"building":"yes","source_height_m":null,"source_levels":null,"display_height_m":14.0,"height_basis":"visual_fallback"},"geometry":{"type":"Polygon","coordinates":[[[139.769722,35.665603],[139.769751,35.665577],[139.769731,35.665562],[139.769702,35.665588],[139.769722,35.665603]]]}},{"type":"Feature","properties":{"osm_type":"way","osm_id":172598601,"building":"yes","source_height_m":null,"source_levels":null,"display_height_m":17.0,"height_basis":"visual_fallback"},"geometry":{"type":"Polygon","coordinates":[[[139.770408,35.665861],[139.770359,35.665824],[139.770266,35.665908],[139.770315,35.665944],[139.770408,35.665861]]]}},{"type":"Feature","properties":{"osm_type":"way","osm_id":172598604,"building":"yes","source_height_m":null,"source_levels":null,"display_height_m":26.0,"height_basis":"visual_fallback"},"geometry":{"type":"Polygon","coordinates":[[[139.770497,35.665694],[139.770401,35.665779],[139.770527,35.665874],[139.770624,35.665789],[139.770497,35.665694]]]}},{"type":"Feature","properties":{"osm_type":"way","osm_id":172598606,"building":"yes","source_height_m":null,"source_levels":null,"display_height_m":17.0,"height_basis":"visual_fallback"},"geometry":{"type":"Polygon","coordinates":[[[139.770657,35.665515],[139.770593,35.665576],[139.770683,35.665639],[139.770747,35.665578],[139.770657,35.665515]]]}},{"type":"Feature","properties":{"osm_type":"way","osm_id":172598607,"building":"yes","source_height_m":null,"source_levels":null,"display_height_m":20.0,"height_basis":"visual_fallback"},"geometry":{"type":"Polygon","coordinates":[[[139.770069,35.665355],[139.769971,35.665442],[139.770016,35.665475],[139.770114,35.665389],[139.770069,35.665355]]]}},{"type":"Feature","properties":{"osm_type":"way","osm_id":172598608,"building":"yes","source_height_m":null,"source_levels":2.0,"display_height_m":6.4,"height_basis":"osm_levels_x_3.2m"},"geometry":{"type":"Polygon","coordinates":[[[139.770897,35.665917],[139.770953,35.665956],[139.770984,35.665925],[139.770928,35.665887],[139.770897,35.665917]]]}},{"type":"Feature","properties":{"osm_type":"way","osm_id":172598609,"building":"yes","source_height_m":null,"source_levels":null,"display_height_m":26.0,"height_basis":"visual_fallback"},"geometry":{"type":"Polygon","coordinates":[[[139.7705,35.665686],[139.770538,35.665653],[139.770448,35.665585],[139.77041,35.665619],[139.7705,35.665686]]]}},{"type":"Feature","properties":{"osm_type":"way","osm_id":172598610,"building":"yes","source_height_m":null,"source_levels":null,"display_height_m":14.0,"height_basis":"visual_fallback"},"geometry":{"type":"Polygon","coordinates":[[[139.770074,35.665349],[139.770119,35.66538],[139.770156,35.665345],[139.770111,35.665314],[139.770074,35.665349]]]}},{"type":"Feature","properties":{"osm_type":"way","osm_id":172598611,"building":"yes","source_height_m":null,"source_levels":null,"display_height_m":17.0,"height_basis":"visual_fallback"},"geometry":{"type":"Polygon","coordinates":[[[139.770725,35.666101],[139.770685,35.666136],[139.770728,35.666169],[139.770768,35.666134],[139.770725,35.666101]]]}},{"type":"Feature","properties":{"osm_type":"way","osm_id":172598612,"building":"yes","source_height_m":null,"source_levels":null,"display_height_m":20.0,"height_basis":"visual_fallback"},"geometry":{"type":"Polygon","coordinates":[[[139.769963,35.665442],[139.770068,35.665349],[139.770025,35.665317],[139.76992,35.665409],[139.769963,35.665442]]]}},{"type":"Feature","properties":{"osm_type":"way","osm_id":172598614,"building":"yes","source_height_m":null,"source_levels":null,"display_height_m":26.0,"height_basis":"visual_fallback"},"geometry":{"type":"Polygon","coordinates":[[[139.769916,35.665407],[139.770193,35.665145],[139.770084,35.665059],[139.769913,35.665221],[139.769808,35.66532],[139.769916,35.665407]]]}},{"type":"Feature","properties":{"osm_type":"way","osm_id":172598617,"building":"yes","source_height_m":null,"source_levels":null,"display_height_m":20.0,"height_basis":"visual_fallback"},"geometry":{"type":"Polygon","coordinates":[[[139.770565,35.665908],[139.770645,35.665965],[139.770774,35.665838],[139.770697,35.665787],[139.770565,35.665908]]]}},{"type":"Feature","properties":{"osm_type":"way","osm_id":172598618,"building":"yes","source_height_m":null,"source_levels":null,"display_height_m":23.0,"height_basis":"visual_fallback"},"geometry":{"type":"Polygon","coordinates":[[[139.770628,35.665784],[139.770662,35.665753],[139.770539,35.665661],[139.770505,35.665691],[139.770628,35.665784]]]}},{"type":"Feature","properties":{"osm_type":"way","osm_id":172598619,"building":"yes","source_height_m":null,"source_levels":null,"display_height_m":26.0,"height_basis":"visual_fallback"},"geometry":{"type":"Polygon","coordinates":[[[139.770417,35.666046],[139.770484,35.666095],[139.77051,35.666072],[139.770443,35.666023],[139.770417,35.666046]]]}},{"type":"Feature","properties":{"osm_type":"way","osm_id":172598623,"building":"yes","source_height_m":null,"source_levels":9.0,"display_height_m":28.8,"height_basis":"osm_levels_x_3.2m"},"geometry":{"type":"Polygon","coordinates":[[[139.770743,35.666039],[139.770812,35.666091],[139.770942,35.665965],[139.770875,35.665913],[139.770743,35.666039]]]}},{"type":"Feature","properties":{"osm_type":"way","osm_id":172598624,"building":"hotel","source_height_m":null,"source_levels":null,"display_height_m":26.0,"height_basis":"visual_fallback"},"geometry":{"type":"Polygon","coordinates":[[[139.771012,35.665803],[139.770829,35.665669],[139.770712,35.665774],[139.770895,35.665909],[139.771012,35.665803]]]}},{"type":"Feature","properties":{"osm_type":"way","osm_id":172598625,"building":"yes","source_height_m":null,"source_levels":null,"display_height_m":14.0,"height_basis":"visual_fallback"},"geometry":{"type":"Polygon","coordinates":[[[139.770054,35.665511],[139.770092,35.66554],[139.770237,35.665413],[139.770198,35.665384],[139.770054,35.665511]]]}},{"type":"Feature","properties":{"osm_type":"way","osm_id":172598626,"building":"yes","source_height_m":null,"source_levels":2.0,"display_height_m":6.4,"height_basis":"osm_levels_x_3.2m"},"geometry":{"type":"Polygon","coordinates":[[[139.77103,35.665881],[139.771065,35.665847],[139.771012,35.665811],[139.770977,35.665845],[139.77103,35.665881]]]}},{"type":"Feature","properties":{"osm_type":"way","osm_id":172598627,"building":"yes","source_height_m":null,"source_levels":null,"display_height_m":20.0,"height_basis":"visual_fallback"},"geometry":{"type":"Polygon","coordinates":[[[139.770722,35.666098],[139.770598,35.666001],[139.770439,35.666147],[139.77051,35.666207],[139.770609,35.666203],[139.770722,35.666098]]]}},{"type":"Feature","properties":{"osm_type":"way","osm_id":172598629,"building":"yes","source_height_m":null,"source_levels":null,"display_height_m":26.0,"height_basis":"visual_fallback"},"geometry":{"type":"Polygon","coordinates":[[[139.769691,35.665442],[139.769678,35.665452],[139.769685,35.665474],[139.769761,35.665527],[139.769781,35.665509],[139.769691,35.665442]]]}},{"type":"Feature","properties":{"osm_type":"way","osm_id":172598631,"building":"yes","source_height_m":null,"source_levels":null,"display_height_m":17.0,"height_basis":"visual_fallback"},"geometry":{"type":"Polygon","coordinates":[[[139.770304,35.665454],[139.77039,35.665514],[139.770499,35.66541],[139.770479,35.665397],[139.770498,35.665379],[139.770431,35.665333],[139.770304,35.665454]]]}},{"type":"Feature","properties":{"osm_type":"way","osm_id":185982448,"building":"yes","source_height_m":null,"source_levels":null,"display_height_m":23.0,"height_basis":"visual_fallback"},"geometry":{"type":"Polygon","coordinates":[[[139.760386,35.667573],[139.760644,35.667488],[139.760603,35.667406],[139.760345,35.667491],[139.760386,35.667573]]]}},{"type":"Feature","properties":{"osm_type":"way","osm_id":185982449,"building":"yes","source_height_m":null,"source_levels":null,"display_height_m":26.0,"height_basis":"visual_fallback"},"geometry":{"type":"Polygon","coordinates":[[[139.760284,35.667606],[139.760243,35.667518],[139.760117,35.667557],[139.760158,35.667645],[139.760284,35.667606]]]}},{"type":"Feature","properties":{"osm_type":"way","osm_id":185982451,"building":"yes","source_height_m":null,"source_levels":null,"display_height_m":17.0,"height_basis":"visual_fallback"},"geometry":{"type":"Polygon","coordinates":[[[139.759233,35.667839],[139.759172,35.667858],[139.759218,35.667957],[139.75928,35.667938],[139.759233,35.667839]]]}},{"type":"Feature","properties":{"osm_type":"way","osm_id":185982452,"building":"yes","source_height_m":null,"source_levels":null,"display_height_m":20.0,"height_basis":"visual_fallback"},"geometry":{"type":"Polygon","coordinates":[[[139.760023,35.667685],[139.760137,35.667653],[139.760098,35.667562],[139.759984,35.667594],[139.759987,35.6676],[139.760023,35.667685]]]}},{"type":"Feature","properties":{"osm_type":"way","osm_id":185982453,"building":"yes","source_height_m":null,"source_levels":10.0,"display_height_m":32.0,"height_basis":"osm_levels_x_3.2m"},"geometry":{"type":"Polygon","coordinates":[[[139.759382,35.66779],[139.759511,35.667749],[139.759541,35.667765],[139.759578,35.667842],[139.759429,35.667888],[139.759382,35.66779]]]}},{"type":"Feature","properties":{"osm_type":"way","osm_id":185982454,"building":"yes","source_height_m":null,"source_levels":8.0,"display_height_m":25.6,"height_basis":"osm_levels_x_3.2m"},"geometry":{"type":"Polygon","coordinates":[[[139.75998,35.667605],[139.760019,35.667688],[139.759791,35.66776],[139.759751,35.667676],[139.75998,35.667605]]]}},{"type":"Feature","properties":{"osm_type":"way","osm_id":185982455,"building":"yes","source_height_m":null,"source_levels":null,"display_height_m":14.0,"height_basis":"visual_fallback"},"geometry":{"type":"Polygon","coordinates":[[[139.76062,35.667395],[139.760753,35.667354],[139.760792,35.667437],[139.760659,35.667478],[139.76062,35.667395]]]}},{"type":"Feature","properties":{"osm_type":"way","osm_id":185982456,"building":"yes","source_height_m":null,"source_levels":null,"display_height_m":17.0,"height_basis":"visual_fallback"},"geometry":{"type":"Polygon","coordinates":[[[139.759167,35.667862],[139.759,35.667916],[139.759,35.668012],[139.759006,35.668024],[139.759214,35.667958],[139.759167,35.667862]]]}},{"type":"Feature","properties":{"osm_type":"way","osm_id":187797225,"building":"apartments","source_height_m":null,"source_levels":null,"display_height_m":14.0,"height_basis":"visual_fallback"},"geometry":{"type":"Polygon","coordinates":[[[139.77146,35.673222],[139.771618,35.673526],[139.772,35.673395],[139.772,35.673338],[139.771867,35.673082],[139.771478,35.673215],[139.77146,35.673222]]]}},{"type":"Feature","properties":{"osm_type":"way","osm_id":187797229,"building":"yes","source_height_m":null,"source_levels":null,"display_height_m":26.0,"height_basis":"visual_fallback"},"geometry":{"type":"Polygon","coordinates":[[[139.770487,35.6755],[139.770741,35.6755],[139.770634,35.675326],[139.770431,35.675409],[139.770487,35.6755]]]}},{"type":"Feature","properties":{"osm_type":"way","osm_id":187797235,"building":"yes","source_height_m":null,"source_levels":null,"display_height_m":14.0,"height_basis":"visual_fallback"},"geometry":{"type":"Polygon","coordinates":[[[139.770708,35.67542],[139.770769,35.675395],[139.770741,35.675349],[139.77068,35.675374],[139.770708,35.67542]]]}},{"type":"Feature","properties":{"osm_type":"way","osm_id":187797269,"building":"office","source_height_m":null,"source_levels":10.0,"display_height_m":32.0,"height_basis":"osm_levels_x_3.2m"},"geometry":{"type":"Polygon","coordinates":[[[139.771163,35.673836],[139.77119,35.673928],[139.771412,35.673885],[139.771385,35.673793],[139.771163,35.673836]]]}},{"type":"Feature","properties":{"osm_type":"way","osm_id":187797272,"building":"yes","source_height_m":null,"source_levels":null,"display_height_m":20.0,"height_basis":"visual_fallback"},"geometry":{"type":"Polygon","coordinates":[[[139.770998,35.673611],[139.771133,35.673526],[139.771068,35.673453],[139.770929,35.673538],[139.770998,35.673611]]]}},{"type":"Feature","properties":{"osm_type":"way","osm_id":187797280,"building":"yes","source_height_m":null,"source_levels":null,"display_height_m":14.0,"height_basis":"visual_fallback"},"geometry":{"type":"Polygon","coordinates":[[[139.770925,35.673217],[139.770971,35.67327],[139.771029,35.673237],[139.770983,35.673183],[139.770925,35.673217]]]}},{"type":"Feature","properties":{"osm_type":"way","osm_id":187797281,"building":"hotel","source_height_m":null,"source_levels":null,"display_height_m":17.0,"height_basis":"visual_fallback"},"geometry":{"type":"Polygon","coordinates":[[[139.770759,35.6755],[139.770967,35.6755],[139.77091,35.675406],[139.770878,35.675419],[139.77087,35.675406],[139.770802,35.675433],[139.770784,35.675403],[139.770717,35.675429],[139.770759,35.6755]]]}},{"type":"Feature","properties":{"osm_type":"way","osm_id":187797286,"building":"yes","source_height_m":null,"source_levels":null,"display_height_m":17.0,"height_basis":"visual_fallback"},"geometry":{"type":"Polygon","coordinates":[[[139.771319,35.675065],[139.771092,35.675159],[139.771109,35.675187],[139.770967,35.675245],[139.771077,35.675421],[139.771221,35.675361],[139.771253,35.675412],[139.771477,35.675319],[139.771319,35.675065]]]}},{"type":"Feature","properties":{"osm_type":"way","osm_id":187797291,"building":"yes","source_height_m":null,"source_levels":6.0,"display_height_m":19.2,"height_basis":"osm_levels_x_3.2m"},"geometry":{"type":"Polygon","coordinates":[[[139.769911,35.675354],[139.769995,35.675488],[139.77015,35.675424],[139.770066,35.67529],[139.769911,35.675354]]]}},{"type":"Feature","properties":{"osm_type":"way","osm_id":187797299,"building":"yes","source_height_m":null,"source_levels":null,"display_height_m":26.0,"height_basis":"visual_fallback"},"geometry":{"type":"Polygon","coordinates":[[[139.770703,35.674269],[139.770643,35.674147],[139.770776,35.674099],[139.770794,35.67413],[139.770703,35.674269]]]}},{"type":"Feature","properties":{"osm_type":"way","osm_id":187797301,"building":"yes","source_height_m":null,"source_levels":null,"display_height_m":17.0,"height_basis":"visual_fallback"},"geometry":{"type":"Polygon","coordinates":[[[139.77101,35.673205],[139.771094,35.673154],[139.771073,35.673131],[139.770989,35.673182],[139.77101,35.673205]]]}},{"type":"Feature","properties":{"osm_type":"way","osm_id":187797303,"building":"yes","source_height_m":null,"source_levels":null,"display_height_m":23.0,"height_basis":"visual_fallback"},"geometry":{"type":"Polygon","coordinates":[[[139.769949,35.67505],[139.770042,35.675016],[139.770003,35.674947],[139.769911,35.674982],[139.769949,35.67505]]]}},{"type":"Feature","properties":{"osm_type":"way","osm_id":187797305,"building":"yes","source_height_m":null,"source_levels":null,"display_height_m":14.0,"height_basis":"visual_fallback"},"geometry":{"type":"Polygon","coordinates":[[[139.771006,35.673163],[139.771071,35.673125],[139.771029,35.673078],[139.770964,35.673117],[139.771006,35.673163]]]}},{"type":"Feature","properties":{"osm_type":"way","osm_id":187797307,"building":"yes","source_height_m":null,"source_levels":6.0,"display_height_m":19.2,"height_basis":"osm_levels_x_3.2m"},"geometry":{"type":"Polygon","coordinates":[[[139.770974,35.674901],[139.771015,35.674885],[139.770942,35.674767],[139.770902,35.674784],[139.770974,35.674901]]]}},{"type":"Feature","properties":{"osm_type":"way","osm_id":187797318,"building":"yes","source_height_m":null,"source_levels":9.0,"display_height_m":28.8,"height_basis":"osm_levels_x_3.2m"},"geometry":{"type":"Polygon","coordinates":[[[139.771313,35.673648],[139.771273,35.673601],[139.771331,35.67357],[139.77138,35.673633],[139.771313,35.673648]]]}},{"type":"Feature","properties":{"osm_type":"way","osm_id":187797321,"building":"yes","source_height_m":null,"source_levels":null,"display_height_m":17.0,"height_basis":"visual_fallback"},"geometry":{"type":"Polygon","coordinates":[[[139.770776,35.675007],[139.770847,35.674978],[139.77076,35.674838],[139.770689,35.674867],[139.770776,35.675007]]]}},{"type":"Feature","properties":{"osm_type":"way","osm_id":187797324,"building":"yes","source_height_m":null,"source_levels":null,"display_height_m":26.0,"height_basis":"visual_fallback"},"geometry":{"type":"Polygon","coordinates":[[[139.770567,35.67509],[139.770689,35.675041],[139.770665,35.675001],[139.770543,35.67505],[139.770567,35.67509]]]}},{"type":"Feature","properties":{"osm_type":"way","osm_id":187797329,"building":"yes","source_height_m":null,"source_levels":null,"display_height_m":26.0,"height_basis":"visual_fallback"},"geometry":{"type":"Polygon","coordinates":[[[139.770818,35.673091],[139.770871,35.673149],[139.770918,35.673121],[139.770865,35.673063],[139.770818,35.673091]]]}},{"type":"Feature","properties":{"osm_type":"way","osm_id":187797336,"building":"yes","source_height_m":32.0,"source_levels":8.0,"display_height_m":32.0,"height_basis":"osm_height"},"geometry":{"type":"Polygon","coordinates":[[[139.769735,35.675114],[139.769837,35.675076],[139.769793,35.674999],[139.769691,35.675037],[139.769735,35.675114]]]}},{"type":"Feature","properties":{"osm_type":"way","osm_id":187797342,"building":"yes","source_height_m":null,"source_levels":null,"display_height_m":20.0,"height_basis":"visual_fallback"},"geometry":{"type":"Polygon","coordinates":[[[139.769486,35.675214],[139.769729,35.675123],[139.769678,35.675033],[139.769435,35.675124],[139.769486,35.675214]]]}},{"type":"Feature","properties":{"osm_type":"way","osm_id":187797353,"building":"yes","source_height_m":null,"source_levels":null,"display_height_m":23.0,"height_basis":"visual_fallback"},"geometry":{"type":"Polygon","coordinates":[[[139.770224,35.675125],[139.770367,35.675072],[139.770326,35.674999],[139.770183,35.675053],[139.770224,35.675125]]]}},{"type":"Feature","properties":{"osm_type":"way","osm_id":187797355,"building":"yes","source_height_m":null,"source_levels":null,"display_height_m":14.0,"height_basis":"visual_fallback"},"geometry":{"type":"Polygon","coordinates":[[[139.770999,35.675097],[139.771058,35.675072],[139.770973,35.674936],[139.770914,35.67496],[139.770999,35.675097]]]}},{"type":"Feature","properties":{"osm_type":"way","osm_id":187797360,"building":"yes","source_height_m":null,"source_levels":null,"display_height_m":14.0,"height_basis":"visual_fallback"},"geometry":{"type":"Polygon","coordinates":[[[139.770846,35.674629],[139.770893,35.674706],[139.771,35.674663],[139.770952,35.674586],[139.770846,35.674629]]]}},{"type":"Feature","properties":{"osm_type":"way","osm_id":187797361,"building":"yes","source_height_m":null,"source_levels":3.0,"display_height_m":9.6,"height_basis":"osm_levels_x_3.2m"},"geometry":{"type":"Polygon","coordinates":[[[139.769775,35.6755],[139.769929,35.6755],[139.769868,35.675394],[139.769742,35.675442],[139.769775,35.6755]]]}},{"type":"Feature","properties":{"osm_type":"way","osm_id":187797375,"building":"yes","source_height_m":null,"source_levels":null,"display_height_m":14.0,"height_basis":"visual_fallback"},"geometry":{"type":"Polygon","coordinates":[[[139.770084,35.674909],[139.770127,35.674987],[139.770477,35.67486],[139.770435,35.674783],[139.770084,35.674909]]]}},{"type":"Feature","properties":{"osm_type":"way","osm_id":187797379,"building":"yes","source_height_m":null,"source_levels":9.0,"display_height_m":28.8,"height_basis":"osm_levels_x_3.2m"},"geometry":{"type":"Polygon","coordinates":[[[139.769495,35.6755],[139.769549,35.6755],[139.76968,35.675445],[139.769653,35.675402],[139.769479,35.675475],[139.769495,35.6755]]]}},{"type":"Feature","properties":{"osm_type":"way","osm_id":187797382,"building":"yes","source_height_m":null,"source_levels":null,"display_height_m":20.0,"height_basis":"visual_fallback"},"geometry":{"type":"Polygon","coordinates":[[[139.769593,35.6755],[139.769592,35.675498],[139.769587,35.6755],[139.769593,35.6755]]]}},{"type":"Feature","properties":{"osm_type":"way","osm_id":187797412,"building":"yes","source_height_m":null,"source_levels":null,"display_height_m":20.0,"height_basis":"visual_fallback"},"geometry":{"type":"Polygon","coordinates":[[[139.770349,35.674985],[139.770389,35.675055],[139.770639,35.674962],[139.770598,35.674891],[139.770349,35.674985]]]}},{"type":"Feature","properties":{"osm_type":"way","osm_id":187797429,"building":"yes","source_height_m":null,"source_levels":9.0,"display_height_m":28.8,"height_basis":"osm_levels_x_3.2m"},"geometry":{"type":"Polygon","coordinates":[[[139.771761,35.674793],[139.771882,35.674746],[139.771836,35.674668],[139.771715,35.674715],[139.771761,35.674793]]]}},{"type":"Feature","properties":{"osm_type":"way","osm_id":187797434,"building":"yes","source_height_m":null,"source_levels":4.0,"display_height_m":12.8,"height_basis":"osm_levels_x_3.2m"},"geometry":{"type":"Polygon","coordinates":[[[139.770289,35.675373],[139.770326,35.675358],[139.770275,35.675274],[139.770238,35.675289],[139.770289,35.675373]]]}},{"type":"Feature","properties":{"osm_type":"way","osm_id":187797459,"building":"yes","source_height_m":null,"source_levels":8.0,"display_height_m":25.6,"height_basis":"osm_levels_x_3.2m"},"geometry":{"type":"Polygon","coordinates":[[[139.772,35.67361],[139.771702,35.673714],[139.771807,35.673914],[139.772,35.673846],[139.772,35.67361]]]}},{"type":"Feature","properties":{"osm_type":"way","osm_id":187797474,"building":"yes","source_height_m":null,"source_levels":null,"display_height_m":26.0,"height_basis":"visual_fallback"},"geometry":{"type":"Polygon","coordinates":[[[139.770806,35.675396],[139.770888,35.675362],[139.770824,35.675259],[139.770742,35.675293],[139.770806,35.675396]]]}},{"type":"Feature","properties":{"osm_type":"way","osm_id":187797480,"building":"yes","source_height_m":null,"source_levels":null,"display_height_m":14.0,"height_basis":"visual_fallback"},"geometry":{"type":"Polygon","coordinates":[[[139.770334,35.675354],[139.770363,35.675342],[139.770256,35.675168],[139.770228,35.675179],[139.770334,35.675354]]]}},{"type":"Feature","properties":{"osm_type":"way","osm_id":187797485,"building":"yes","source_height_m":null,"source_levels":null,"display_height_m":14.0,"height_basis":"visual_fallback"},"geometry":{"type":"Polygon","coordinates":[[[139.770795,35.673377],[139.770946,35.673286],[139.770848,35.67318],[139.770698,35.67327],[139.770795,35.673377]]]}},{"type":"Feature","properties":{"osm_type":"way","osm_id":187797501,"building":"yes","source_height_m":null,"source_levels":null,"display_height_m":17.0,"height_basis":"visual_fallback"},"geometry":{"type":"Polygon","coordinates":[[[139.769837,35.675278],[139.770025,35.675208],[139.769976,35.675121],[139.769788,35.675191],[139.769837,35.675278]]]}},{"type":"Feature","properties":{"osm_type":"way","osm_id":187797509,"building":"office","source_height_m":null,"source_levels":9.0,"display_height_m":28.8,"height_basis":"osm_levels_x_3.2m"},"geometry":{"type":"Polygon","coordinates":[[[139.770983,35.673285],[139.771264,35.673589],[139.771385,35.673515],[139.771139,35.673248],[139.771065,35.673293],[139.771031,35.673256],[139.770983,35.673285]]]}},{"type":"Feature","properties":{"osm_type":"way","osm_id":187797511,"building":"yes","source_height_m":null,"source_levels":null,"display_height_m":17.0,"height_basis":"visual_fallback"},"geometry":{"type":"Polygon","coordinates":[[[139.770033,35.675204],[139.77008,35.675187],[139.770033,35.675104],[139.769986,35.675122],[139.770033,35.675204]]]}},{"type":"Feature","properties":{"osm_type":"way","osm_id":187797516,"building":"apartments","source_height_m":null,"source_levels":13.0,"display_height_m":41.6,"height_basis":"osm_levels_x_3.2m"},"geometry":{"type":"Polygon","coordinates":[[[139.770871,35.675155],[139.770971,35.675114],[139.770892,35.674988],[139.770793,35.675029],[139.770871,35.675155]]]}},{"type":"Feature","properties":{"osm_type":"way","osm_id":187797519,"building":"yes","source_height_m":null,"source_levels":null,"display_height_m":26.0,"height_basis":"visual_fallback"},"geometry":{"type":"Polygon","coordinates":[[[139.770934,35.673117],[139.771025,35.673065],[139.770989,35.673024],[139.770887,35.673064],[139.770934,35.673117]]]}},{"type":"Feature","properties":{"osm_type":"way","osm_id":187797522,"building":"yes","source_height_m":null,"source_levels":11.0,"display_height_m":35.2,"height_basis":"osm_levels_x_3.2m"},"geometry":{"type":"Polygon","coordinates":[[[139.770507,35.675268],[139.770631,35.675221],[139.770538,35.67506],[139.770414,35.675107],[139.770507,35.675268]]]}},{"type":"Feature","properties":{"osm_type":"way","osm_id":187797524,"building":"yes","source_height_m":null,"source_levels":9.0,"display_height_m":28.8,"height_basis":"osm_levels_x_3.2m"},"geometry":{"type":"Polygon","coordinates":[[[139.770695,35.67326],[139.770842,35.673171],[139.770808,35.673133],[139.770661,35.673222],[139.770695,35.67326]]]}},{"type":"Feature","properties":{"osm_type":"way","osm_id":187797528,"building":"yes","source_height_m":null,"source_levels":null,"display_height_m":23.0,"height_basis":"visual_fallback"},"geometry":{"type":"Polygon","coordinates":[[[139.770647,35.673221],[139.770806,35.673128],[139.770777,35.673096],[139.770604,35.67317],[139.770647,35.673221]]]}},{"type":"Feature","properties":{"osm_type":"way","osm_id":187797532,"building":"yes","source_height_m":null,"source_levels":null,"display_height_m":20.0,"height_basis":"visual_fallback"},"geometry":{"type":"Polygon","coordinates":[[[139.769856,35.675091],[139.769947,35.675057],[139.769902,35.674976],[139.76981,35.67501],[139.769856,35.675091]]]}},{"type":"Feature","properties":{"osm_type":"way","osm_id":187797542,"building":"yes","source_height_m":null,"source_levels":null,"display_height_m":20.0,"height_basis":"visual_fallback"},"geometry":{"type":"Polygon","coordinates":[[[139.770089,35.675182],[139.770129,35.675167],[139.770082,35.675083],[139.770041,35.675098],[139.770089,35.675182]]]}},{"type":"Feature","properties":{"osm_type":"way","osm_id":187797546,"building":"yes","source_height_m":null,"source_levels":null,"display_height_m":17.0,"height_basis":"visual_fallback"},"geometry":{"type":"Polygon","coordinates":[[[139.770128,35.675162],[139.770214,35.67513],[139.770171,35.675054],[139.770086,35.675086],[139.770128,35.675162]]]}},{"type":"Feature","properties":{"osm_type":"way","osm_id":187797549,"building":"yes","source_height_m":null,"source_levels":null,"display_height_m":26.0,"height_basis":"visual_fallback"},"geometry":{"type":"Polygon","coordinates":[[[139.770858,35.674979],[139.770954,35.674939],[139.770884,35.674826],[139.770787,35.674866],[139.770858,35.674979]]]}},{"type":"Feature","properties":{"osm_type":"way","osm_id":187797551,"building":"yes","source_height_m":null,"source_levels":null,"display_height_m":17.0,"height_basis":"visual_fallback"},"geometry":{"type":"Polygon","coordinates":[[[139.770526,35.673993],[139.770474,35.674011],[139.770526,35.674112],[139.770577,35.674098],[139.770526,35.673993]]]}},{"type":"Feature","properties":{"osm_type":"way","osm_id":187797554,"building":"yes","source_height_m":null,"source_levels":null,"display_height_m":26.0,"height_basis":"visual_fallback"},"geometry":{"type":"Polygon","coordinates":[[[139.770592,35.67513],[139.770712,35.675082],[139.770692,35.675048],[139.77057,35.675093],[139.770592,35.67513]]]}},{"type":"Feature","properties":{"osm_type":"way","osm_id":187797557,"building":"yes","source_height_m":null,"source_levels":null,"display_height_m":20.0,"height_basis":"visual_fallback"},"geometry":{"type":"Polygon","coordinates":[[[139.770878,35.67316],[139.770922,35.673209],[139.770998,35.673164],[139.770954,35.673115],[139.770878,35.67316]]]}},{"type":"Feature","properties":{"osm_type":"way","osm_id":187797579,"building":"yes","source_height_m":null,"source_levels":null,"display_height_m":26.0,"height_basis":"visual_fallback"},"geometry":{"type":"Polygon","coordinates":[[[139.770052,35.675006],[139.770121,35.67498],[139.770084,35.674914],[139.770015,35.67494],[139.770052,35.675006]]]}},{"type":"Feature","properties":{"osm_type":"way","osm_id":187797619,"building":"yes","source_height_m":null,"source_levels":2.0,"display_height_m":6.4,"height_basis":"osm_levels_x_3.2m"},"geometry":{"type":"Polygon","coordinates":[[[139.770245,35.675395],[139.770285,35.675379],[139.770246,35.675315],[139.770207,35.675331],[139.770245,35.675395]]]}},{"type":"Feature","properties":{"osm_type":"way","osm_id":187797637,"building":"yes","source_height_m":null,"source_levels":null,"display_height_m":20.0,"height_basis":"visual_fallback"},"geometry":{"type":"Polygon","coordinates":[[[139.769675,35.6755],[139.769687,35.6755],[139.76974,35.675477],[139.769717,35.675442],[139.769602,35.675491],[139.769608,35.6755],[139.769655,35.6755],[139.769671,35.675493],[139.769675,35.6755]]]}},{"type":"Feature","properties":{"osm_type":"way","osm_id":187797652,"building":"yes","source_height_m":null,"source_levels":null,"display_height_m":20.0,"height_basis":"visual_fallback"},"geometry":{"type":"Polygon","coordinates":[[[139.770233,35.675275],[139.770269,35.675262],[139.770223,35.675181],[139.770187,35.675194],[139.770233,35.675275]]]}},{"type":"Feature","properties":{"osm_type":"way","osm_id":187797665,"building":"yes","source_height_m":null,"source_levels":null,"display_height_m":14.0,"height_basis":"visual_fallback"},"geometry":{"type":"Polygon","coordinates":[[[139.769719,35.675402],[139.769825,35.67536],[139.769788,35.675298],[139.769682,35.67534],[139.769719,35.675402]]]}},{"type":"Feature","properties":{"osm_type":"way","osm_id":187797677,"building":"yes","source_height_m":null,"source_levels":9.0,"display_height_m":28.8,"height_basis":"osm_levels_x_3.2m"},"geometry":{"type":"Polygon","coordinates":[[[139.771813,35.674861],[139.771911,35.675021],[139.772,35.674985],[139.772,35.674802],[139.771992,35.674789],[139.771813,35.674861]]]}},{"type":"Feature","properties":{"osm_type":"way","osm_id":187797692,"building":"yes","source_height_m":null,"source_levels":null,"display_height_m":20.0,"height_basis":"visual_fallback"},"geometry":{"type":"Polygon","coordinates":[[[139.770205,35.6755],[139.7703,35.6755],[139.77028,35.675468],[139.770204,35.675499],[139.770205,35.6755]]]}},{"type":"Feature","properties":{"osm_type":"way","osm_id":187797753,"building":"yes","source_height_m":null,"source_levels":4.0,"display_height_m":12.8,"height_basis":"osm_levels_x_3.2m"},"geometry":{"type":"Polygon","coordinates":[[[139.770373,35.675341],[139.7705,35.675291],[139.770395,35.675116],[139.770268,35.675166],[139.770373,35.675341]]]}},{"type":"Feature","properties":{"osm_type":"way","osm_id":187797758,"building":"yes","source_height_m":null,"source_levels":null,"display_height_m":23.0,"height_basis":"visual_fallback"},"geometry":{"type":"Polygon","coordinates":[[[139.770616,35.674093],[139.770637,35.67414],[139.770762,35.674103],[139.770741,35.674056],[139.770616,35.674093]]]}},{"type":"Feature","properties":{"osm_type":"way","osm_id":187797772,"building":"yes","source_height_m":null,"source_levels":null,"display_height_m":20.0,"height_basis":"visual_fallback"},"geometry":{"type":"Polygon","coordinates":[[[139.770649,35.675228],[139.770764,35.675185],[139.770709,35.675089],[139.770594,35.675132],[139.770649,35.675228]]]}},{"type":"Feature","properties":{"osm_type":"way","osm_id":187797802,"building":"yes","source_height_m":null,"source_levels":10.0,"display_height_m":32.0,"height_basis":"osm_levels_x_3.2m"},"geometry":{"type":"Polygon","coordinates":[[[139.771426,35.673882],[139.77161,35.673854],[139.771566,35.673771],[139.771528,35.673749],[139.771402,35.673774],[139.771426,35.673882]]]}},{"type":"Feature","properties":{"osm_type":"way","osm_id":187797804,"building":"yes","source_height_m":null,"source_levels":7.0,"display_height_m":22.4,"height_basis":"osm_levels_x_3.2m"},"geometry":{"type":"Polygon","coordinates":[[[139.771349,35.673577],[139.771421,35.673535],[139.771461,35.673582],[139.771433,35.673619],[139.771401,35.673629],[139.771349,35.673577]]]}},{"type":"Feature","properties":{"osm_type":"way","osm_id":187797805,"building":"yes","source_height_m":null,"source_levels":null,"display_height_m":14.0,"height_basis":"visual_fallback"},"geometry":{"type":"Polygon","coordinates":[[[139.771484,35.673882],[139.771542,35.673983],[139.771634,35.673952],[139.771649,35.673924],[139.771618,35.673857],[139.771484,35.673882]]]}},{"type":"Feature","properties":{"osm_type":"way","osm_id":187797811,"building":"yes","source_height_m":null,"source_levels":null,"display_height_m":17.0,"height_basis":"visual_fallback"},"geometry":{"type":"Polygon","coordinates":[[[139.771662,35.674636],[139.771849,35.674564],[139.77179,35.674463],[139.771654,35.674515],[139.771629,35.674566],[139.771662,35.674636]]]}},{"type":"Feature","properties":{"osm_type":"way","osm_id":187797813,"building":"yes","source_height_m":null,"source_levels":null,"display_height_m":23.0,"height_basis":"visual_fallback"},"geometry":{"type":"Polygon","coordinates":[[[139.77063,35.674067],[139.770728,35.674033],[139.770691,35.673962],[139.770645,35.67395],[139.770579,35.673972],[139.77063,35.674067]]]}},{"type":"Feature","properties":{"osm_type":"way","osm_id":187797838,"building":"yes","source_height_m":null,"source_levels":null,"display_height_m":23.0,"height_basis":"visual_fallback"},"geometry":{"type":"Polygon","coordinates":[[[139.770787,35.673387],[139.770838,35.673444],[139.770902,35.673408],[139.770884,35.673385],[139.770914,35.673367],[139.77088,35.67333],[139.770787,35.673387]]]}},{"type":"Feature","properties":{"osm_type":"way","osm_id":187797872,"building":"yes","source_height_m":null,"source_levels":null,"display_height_m":20.0,"height_basis":"visual_fallback"},"geometry":{"type":"Polygon","coordinates":[[[139.77109,35.674898],[139.771075,35.674875],[139.771124,35.674855],[139.771105,35.674825],[139.771207,35.674782],[139.771238,35.674835],[139.77109,35.674898]]]}},{"type":"Feature","properties":{"osm_type":"way","osm_id":187797901,"building":"yes","source_height_m":null,"source_levels":10.0,"display_height_m":32.0,"height_basis":"osm_levels_x_3.2m"},"geometry":{"type":"Polygon","coordinates":[[[139.771678,35.67466],[139.771711,35.67471],[139.771849,35.67465],[139.771906,35.674736],[139.771962,35.674711],[139.771873,35.674575],[139.771678,35.67466]]]}},{"type":"Feature","properties":{"osm_type":"way","osm_id":187797906,"building":"yes","source_height_m":null,"source_levels":6.0,"display_height_m":19.2,"height_basis":"osm_levels_x_3.2m"},"geometry":{"type":"Polygon","coordinates":[[[139.770164,35.675422],[139.77023,35.675395],[139.770186,35.675323],[139.77023,35.675305],[139.770198,35.675253],[139.770087,35.675297],[139.770164,35.675422]]]}},{"type":"Feature","properties":{"osm_type":"way","osm_id":187797912,"building":"yes","source_height_m":null,"source_levels":null,"display_height_m":20.0,"height_basis":"visual_fallback"},"geometry":{"type":"Polygon","coordinates":[[[139.770308,35.674248],[139.770615,35.674145],[139.770591,35.674102],[139.770518,35.674126],[139.770459,35.674014],[139.770225,35.674094],[139.770214,35.67413],[139.770308,35.674248]]]}},{"type":"Feature","properties":{"osm_type":"way","osm_id":187797913,"building":"office","source_height_m":null,"source_levels":7.0,"display_height_m":22.4,"height_basis":"osm_levels_x_3.2m"},"geometry":{"type":"Polygon","coordinates":[[[139.771022,35.674885],[139.771114,35.674848],[139.771098,35.674823],[139.771196,35.674777],[139.771164,35.674725],[139.771089,35.674713],[139.770951,35.67477],[139.771022,35.674885]]]}},{"type":"Feature","properties":{"osm_type":"way","osm_id":187797914,"building":"yes","source_height_m":null,"source_levels":null,"display_height_m":26.0,"height_basis":"visual_fallback"},"geometry":{"type":"Polygon","coordinates":[[[139.772,35.675009],[139.77192,35.675044],[139.771941,35.675081],[139.772,35.675093],[139.772,35.675009]]]}},{"type":"Feature","properties":{"osm_type":"way","osm_id":187797915,"building":"office","source_height_m":null,"source_levels":10.0,"display_height_m":32.0,"height_basis":"osm_levels_x_3.2m"},"geometry":{"type":"Polygon","coordinates":[[[139.771214,35.67393],[139.771237,35.673966],[139.771418,35.674028],[139.77148,35.674002],[139.771445,35.673936],[139.771489,35.673923],[139.771472,35.673883],[139.771214,35.67393]]]}},{"type":"Feature","properties":{"osm_type":"way","osm_id":187797925,"building":"yes","source_height_m":null,"source_levels":10.0,"display_height_m":32.0,"height_basis":"osm_levels_x_3.2m"},"geometry":{"type":"Polygon","coordinates":[[[139.770842,35.673453],[139.770912,35.67353],[139.771071,35.673436],[139.770942,35.673296],[139.770889,35.67333],[139.770926,35.673369],[139.770896,35.673388],[139.770914,35.673409],[139.770842,35.673453]]]}},{"type":"Feature","properties":{"osm_type":"way","osm_id":191199250,"building":"yes","source_height_m":null,"source_levels":null,"display_height_m":14.0,"height_basis":"visual_fallback"},"geometry":{"type":"Polygon","coordinates":[[[139.759671,35.66894],[139.759734,35.668891],[139.759787,35.66894],[139.759726,35.668985],[139.759671,35.66894]]]}},{"type":"Feature","properties":{"osm_type":"way","osm_id":191199251,"building":"yes","source_height_m":null,"source_levels":10.0,"display_height_m":32.0,"height_basis":"osm_levels_x_3.2m"},"geometry":{"type":"Polygon","coordinates":[[[139.759518,35.669352],[139.759622,35.669274],[139.759656,35.669304],[139.759552,35.669382],[139.759518,35.669352]]]}},{"type":"Feature","properties":{"osm_type":"way","osm_id":191199252,"building":"office","source_height_m":null,"source_levels":null,"display_height_m":20.0,"height_basis":"visual_fallback"},"geometry":{"type":"Polygon","coordinates":[[[139.759553,35.669383],[139.759662,35.669304],[139.759696,35.669335],[139.759586,35.669414],[139.759553,35.669383]]]}},{"type":"Feature","properties":{"osm_type":"way","osm_id":191199253,"building":"yes","source_height_m":null,"source_levels":null,"display_height_m":23.0,"height_basis":"visual_fallback"},"geometry":{"type":"Polygon","coordinates":[[[139.760026,35.668882],[139.760271,35.66871],[139.760339,35.668775],[139.760094,35.668946],[139.760026,35.668882]]]}},{"type":"Feature","properties":{"osm_type":"way","osm_id":191199254,"building":"yes","source_height_m":null,"source_levels":9.0,"display_height_m":28.8,"height_basis":"osm_levels_x_3.2m"},"geometry":{"type":"Polygon","coordinates":[[[139.759477,35.669314],[139.759519,35.66935],[139.759621,35.669272],[139.759606,35.669259],[139.759556,35.669255],[139.759477,35.669314]]]}},{"type":"Feature","properties":{"osm_type":"way","osm_id":191199255,"building":"yes","source_height_m":null,"source_levels":null,"display_height_m":14.0,"height_basis":"visual_fallback"},"geometry":{"type":"Polygon","coordinates":[[[139.760402,35.668615],[139.760311,35.668536],[139.760445,35.668445],[139.760503,35.668495],[139.760517,35.668485],[139.760566,35.668529],[139.760545,35.668542],[139.760528,35.668526],[139.760402,35.668615]]]}},{"type":"Feature","properties":{"osm_type":"way","osm_id":191211781,"building":"yes","source_height_m":null,"source_levels":null,"display_height_m":17.0,"height_basis":"visual_fallback"},"geometry":{"type":"Polygon","coordinates":[[[139.760552,35.669607],[139.760626,35.669557],[139.760537,35.669469],[139.760463,35.66952],[139.760552,35.669607]]]}},{"type":"Feature","properties":{"osm_type":"way","osm_id":191211782,"building":"yes","source_height_m":null,"source_levels":null,"display_height_m":20.0,"height_basis":"visual_fallback"},"geometry":{"type":"Polygon","coordinates":[[[139.760291,35.669367],[139.760363,35.669316],[139.760389,35.669341],[139.760316,35.66939],[139.760291,35.669367]]]}},{"type":"Feature","properties":{"osm_type":"way","osm_id":191211783,"building":"yes","source_height_m":null,"source_levels":null,"display_height_m":23.0,"height_basis":"visual_fallback"},"geometry":{"type":"Polygon","coordinates":[[[139.760282,35.66933],[139.760335,35.66929],[139.760361,35.669313],[139.760303,35.669351],[139.760282,35.66933]]]}},{"type":"Feature","properties":{"osm_type":"way","osm_id":191227034,"building":"yes","source_height_m":null,"source_levels":null,"display_height_m":26.0,"height_basis":"visual_fallback"},"geometry":{"type":"Polygon","coordinates":[[[139.760401,35.669245],[139.760527,35.669159],[139.7605,35.669133],[139.760374,35.669219],[139.760401,35.669245]]]}},{"type":"Feature","properties":{"osm_type":"way","osm_id":191227035,"building":"yes","source_height_m":null,"source_levels":null,"display_height_m":14.0,"height_basis":"visual_fallback"},"geometry":{"type":"Polygon","coordinates":[[[139.760519,35.669353],[139.760643,35.669263],[139.760678,35.669294],[139.760553,35.669384],[139.760519,35.669353]]]}},{"type":"Feature","properties":{"osm_type":"way","osm_id":191227036,"building":"yes","source_height_m":null,"source_levels":null,"display_height_m":17.0,"height_basis":"visual_fallback"},"geometry":{"type":"Polygon","coordinates":[[[139.760516,35.669351],[139.76064,35.669261],[139.760605,35.669229],[139.760481,35.669319],[139.760516,35.669351]]]}},{"type":"Feature","properties":{"osm_type":"way","osm_id":191227037,"building":"yes","source_height_m":null,"source_levels":null,"display_height_m":20.0,"height_basis":"visual_fallback"},"geometry":{"type":"Polygon","coordinates":[[[139.761137,35.669644],[139.761209,35.669592],[139.761224,35.669606],[139.761153,35.669658],[139.761137,35.669644]]]}},{"type":"Feature","properties":{"osm_type":"way","osm_id":191227038,"building":"yes","source_height_m":null,"source_levels":null,"display_height_m":23.0,"height_basis":"visual_fallback"},"geometry":{"type":"Polygon","coordinates":[[[139.760476,35.669316],[139.760604,35.669227],[139.760571,35.669196],[139.760443,35.669286],[139.760476,35.669316]]]}},{"type":"Feature","properties":{"osm_type":"way","osm_id":191227039,"building":"yes","source_height_m":null,"source_levels":null,"display_height_m":26.0,"height_basis":"visual_fallback"},"geometry":{"type":"Polygon","coordinates":[[[139.760438,35.669282],[139.760568,35.669194],[139.760532,35.669159],[139.760402,35.669247],[139.760438,35.669282]]]}},{"type":"Feature","properties":{"osm_type":"way","osm_id":191299991,"building":"yes","source_height_m":null,"source_levels":null,"display_height_m":17.0,"height_basis":"visual_fallback"},"geometry":{"type":"Polygon","coordinates":[[[139.762742,35.670848],[139.762806,35.6708],[139.762846,35.670836],[139.762781,35.670883],[139.762742,35.670848]]]}},{"type":"Feature","properties":{"osm_type":"way","osm_id":191324184,"building":"office","source_height_m":null,"source_levels":null,"display_height_m":26.0,"height_basis":"visual_fallback"},"geometry":{"type":"Polygon","coordinates":[[[139.760668,35.670865],[139.760471,35.670686],[139.760373,35.670757],[139.760571,35.670937],[139.760668,35.670865]]]}},{"type":"Feature","properties":{"osm_type":"way","osm_id":191327479,"building":"yes","source_height_m":null,"source_levels":null,"display_height_m":26.0,"height_basis":"visual_fallback"},"geometry":{"type":"Polygon","coordinates":[[[139.759728,35.667553],[139.759737,35.66755],[139.759693,35.667464],[139.759658,35.667476],[139.759692,35.667541],[139.759728,35.667553]]]}},{"type":"Feature","properties":{"osm_type":"way","osm_id":191327480,"building":"yes","source_height_m":null,"source_levels":null,"display_height_m":14.0,"height_basis":"visual_fallback"},"geometry":{"type":"Polygon","coordinates":[[[139.762443,35.668574],[139.762602,35.668463],[139.762639,35.668496],[139.762485,35.66861],[139.762443,35.668574]]]}},{"type":"Feature","properties":{"osm_type":"way","osm_id":191327481,"building":"yes","source_height_m":null,"source_levels":null,"display_height_m":17.0,"height_basis":"visual_fallback"},"geometry":{"type":"Polygon","coordinates":[[[139.759417,35.667656],[139.75939,35.667601],[139.759476,35.667573],[139.759491,35.667603],[139.759478,35.667636],[139.759417,35.667656]]]}},{"type":"Feature","properties":{"osm_type":"way","osm_id":195551646,"building":"commercial","source_height_m":null,"source_levels":null,"display_height_m":17.0,"height_basis":"visual_fallback"},"geometry":{"type":"Polygon","coordinates":[[[139.763502,35.670423],[139.763612,35.670526],[139.763883,35.670336],[139.763724,35.670186],[139.763603,35.67027],[139.763654,35.670317],[139.763502,35.670423]]]}},{"type":"Feature","properties":{"osm_type":"way","osm_id":195551647,"building":"hotel","source_height_m":66.0,"source_levels":15.0,"display_height_m":66.0,"height_basis":"osm_height"},"geometry":{"type":"Polygon","coordinates":[[[139.766702,35.668575],[139.76666,35.668542],[139.766635,35.668561],[139.766516,35.668467],[139.766316,35.668655],[139.766321,35.668673],[139.766451,35.668777],[139.766702,35.668575]]]}},{"type":"Feature","properties":{"osm_type":"way","osm_id":195551648,"building":"yes","source_height_m":null,"source_levels":null,"display_height_m":23.0,"height_basis":"visual_fallback"},"geometry":{"type":"Polygon","coordinates":[[[139.764563,35.670205],[139.7645,35.670248],[139.764513,35.67026],[139.764482,35.670281],[139.764521,35.670319],[139.764364,35.670428],[139.764415,35.670475],[139.764571,35.670366],[139.764577,35.670372],[139.764614,35.670346],[139.764613,35.670345],[139.764669,35.670306],[139.764563,35.670205]]]}},{"type":"Feature","properties":{"osm_type":"way","osm_id":195551649,"building":"retail","source_height_m":48.0,"source_levels":12.0,"display_height_m":48.0,"height_basis":"osm_height"},"geometry":{"type":"Polygon","coordinates":[[[139.763552,35.670233],[139.763689,35.670133],[139.763582,35.670035],[139.763405,35.670164],[139.763294,35.670063],[139.763187,35.67014],[139.763496,35.67042],[139.763593,35.67035],[139.763598,35.670346],[139.763584,35.670333],[139.763627,35.670301],[139.763552,35.670233]]]}},{"type":"Feature","properties":{"osm_type":"way","osm_id":195551650,"building":"hotel","source_height_m":null,"source_levels":null,"display_height_m":14.0,"height_basis":"visual_fallback"},"geometry":{"type":"Polygon","coordinates":[[[139.766456,35.668781],[139.766713,35.668997],[139.766967,35.668799],[139.766706,35.668578],[139.766456,35.668781]]]}},{"type":"Feature","properties":{"osm_type":"way","osm_id":195551651,"building":"yes","source_height_m":null,"source_levels":null,"display_height_m":17.0,"height_basis":"visual_fallback"},"geometry":{"type":"Polygon","coordinates":[[[139.765097,35.67097],[139.765172,35.670906],[139.765127,35.670867],[139.765135,35.670861],[139.765021,35.67076],[139.765051,35.670737],[139.765097,35.670778],[139.765205,35.670698],[139.765084,35.67059],[139.765154,35.670539],[139.7651,35.670491],[139.765115,35.67048],[139.764934,35.670319],[139.764723,35.670476],[139.764793,35.670537],[139.764637,35.670653],[139.764689,35.670699],[139.764663,35.670719],[139.764739,35.670786],[139.764745,35.670781],[139.764957,35.670968],[139.765002,35.670983],[139.765051,35.670983],[139.765097,35.67097]]]}},{"type":"Feature","properties":{"osm_type":"way","osm_id":195551652,"building":"yes","source_height_m":null,"source_levels":null,"display_height_m":20.0,"height_basis":"visual_fallback"},"geometry":{"type":"Polygon","coordinates":[[[139.766558,35.668448],[139.766532,35.66847],[139.766628,35.66855],[139.766655,35.668528],[139.766558,35.668448]]]}},{"type":"Feature","properties":{"osm_type":"way","osm_id":195551653,"building":"yes","source_height_m":null,"source_levels":null,"display_height_m":23.0,"height_basis":"visual_fallback"},"geometry":{"type":"Polygon","coordinates":[[[139.764465,35.670115],[139.764406,35.670156],[139.764498,35.670243],[139.764557,35.670202],[139.764465,35.670115]]]}},{"type":"Feature","properties":{"osm_type":"way","osm_id":195551654,"building":"yes","source_height_m":null,"source_levels":null,"display_height_m":26.0,"height_basis":"visual_fallback"},"geometry":{"type":"Polygon","coordinates":[[[139.762989,35.669935],[139.763035,35.669976],[139.763146,35.669894],[139.763101,35.669853],[139.762989,35.669935]]]}},{"type":"Feature","properties":{"osm_type":"way","osm_id":195551655,"building":"yes","source_height_m":null,"source_levels":null,"display_height_m":14.0,"height_basis":"visual_fallback"},"geometry":{"type":"Polygon","coordinates":[[[139.765191,35.6709],[139.765314,35.670807],[139.76523,35.670733],[139.765107,35.670826],[139.765191,35.6709]]]}},{"type":"Feature","properties":{"osm_type":"way","osm_id":195551656,"building":"yes","source_height_m":null,"source_levels":null,"display_height_m":17.0,"height_basis":"visual_fallback"},"geometry":{"type":"Polygon","coordinates":[[[139.764404,35.670161],[139.764231,35.670282],[139.764328,35.670374],[139.764501,35.670253],[139.764404,35.670161]]]}},{"type":"Feature","properties":{"osm_type":"way","osm_id":195551657,"building":"yes","source_height_m":null,"source_levels":null,"display_height_m":20.0,"height_basis":"visual_fallback"},"geometry":{"type":"Polygon","coordinates":[[[139.763035,35.669976],[139.763112,35.670046],[139.763238,35.669953],[139.763161,35.669883],[139.763035,35.669976]]]}},{"type":"Feature","properties":{"osm_type":"way","osm_id":195551658,"building":"yes","source_height_m":null,"source_levels":null,"display_height_m":23.0,"height_basis":"visual_fallback"},"geometry":{"type":"Polygon","coordinates":[[[139.765356,35.670362],[139.765327,35.670382],[139.765369,35.670424],[139.765399,35.670404],[139.765356,35.670362]]]}},{"type":"Feature","properties":{"osm_type":"way","osm_id":195551659,"building":"yes","source_height_m":null,"source_levels":null,"display_height_m":26.0,"height_basis":"visual_fallback"},"geometry":{"type":"Polygon","coordinates":[[[139.765027,35.67076],[139.765098,35.670823],[139.765123,35.670805],[139.765051,35.670741],[139.765027,35.67076]]]}},{"type":"Feature","properties":{"osm_type":"way","osm_id":195551661,"building":"yes","source_height_m":null,"source_levels":null,"display_height_m":17.0,"height_basis":"visual_fallback"},"geometry":{"type":"Polygon","coordinates":[[[139.765673,35.670349],[139.765493,35.670483],[139.765614,35.670591],[139.765795,35.670457],[139.765673,35.670349]]]}},{"type":"Feature","properties":{"osm_type":"way","osm_id":195551662,"building":"yes","source_height_m":null,"source_levels":null,"display_height_m":20.0,"height_basis":"visual_fallback"},"geometry":{"type":"Polygon","coordinates":[[[139.763311,35.66978],[139.763168,35.669884],[139.763238,35.669947],[139.763381,35.669843],[139.763311,35.66978]]]}},{"type":"Feature","properties":{"osm_type":"way","osm_id":195551663,"building":"yes","source_height_m":null,"source_levels":null,"display_height_m":23.0,"height_basis":"visual_fallback"},"geometry":{"type":"Polygon","coordinates":[[[139.762982,35.669932],[139.763096,35.669849],[139.76303,35.669789],[139.762916,35.669872],[139.762982,35.669932]]]}},{"type":"Feature","properties":{"osm_type":"way","osm_id":195551664,"building":"yes","source_height_m":null,"source_levels":null,"display_height_m":26.0,"height_basis":"visual_fallback"},"geometry":{"type":"Polygon","coordinates":[[[139.763262,35.669732],[139.76314,35.669821],[139.763186,35.669862],[139.763308,35.669773],[139.763262,35.669732]]]}},{"type":"Feature","properties":{"osm_type":"way","osm_id":195551665,"building":"yes","source_height_m":null,"source_levels":null,"display_height_m":14.0,"height_basis":"visual_fallback"},"geometry":{"type":"Polygon","coordinates":[[[139.763265,35.670026],[139.763163,35.670101],[139.763186,35.670122],[139.763288,35.670047],[139.763265,35.670026]]]}},{"type":"Feature","properties":{"osm_type":"way","osm_id":195551666,"building":"yes","source_height_m":null,"source_levels":null,"display_height_m":17.0,"height_basis":"visual_fallback"},"geometry":{"type":"Polygon","coordinates":[[[139.762886,35.669663],[139.762775,35.669744],[139.762864,35.669824],[139.762975,35.669743],[139.762886,35.669663]]]}},{"type":"Feature","properties":{"osm_type":"way","osm_id":195551667,"building":"yes","source_height_m":null,"source_levels":null,"display_height_m":20.0,"height_basis":"visual_fallback"},"geometry":{"type":"Polygon","coordinates":[[[139.765326,35.670811],[139.765385,35.67077],[139.765289,35.67068],[139.765231,35.670721],[139.765326,35.670811]]]}},{"type":"Feature","properties":{"osm_type":"way","osm_id":195551668,"building":"yes","source_height_m":null,"source_levels":null,"display_height_m":23.0,"height_basis":"visual_fallback"},"geometry":{"type":"Polygon","coordinates":[[[139.763506,35.669963],[139.763338,35.670086],[139.763411,35.670152],[139.763579,35.670029],[139.763506,35.669963]]]}},{"type":"Feature","properties":{"osm_type":"way","osm_id":195551669,"building":"yes","source_height_m":null,"source_levels":null,"display_height_m":26.0,"height_basis":"visual_fallback"},"geometry":{"type":"Polygon","coordinates":[[[139.762918,35.669866],[139.763023,35.66979],[139.762976,35.669748],[139.762871,35.669824],[139.762918,35.669866]]]}},{"type":"Feature","properties":{"osm_type":"way","osm_id":195551670,"building":"yes","source_height_m":null,"source_levels":null,"display_height_m":14.0,"height_basis":"visual_fallback"},"geometry":{"type":"Polygon","coordinates":[[[139.764333,35.670381],[139.76437,35.670417],[139.764508,35.670321],[139.764471,35.670285],[139.764333,35.670381]]]}},{"type":"Feature","properties":{"osm_type":"way","osm_id":195551671,"building":"yes","source_height_m":null,"source_levels":null,"display_height_m":17.0,"height_basis":"visual_fallback"},"geometry":{"type":"Polygon","coordinates":[[[139.763502,35.669955],[139.763442,35.669901],[139.763272,35.670025],[139.763332,35.670079],[139.763502,35.669955]]]}},{"type":"Feature","properties":{"osm_type":"way","osm_id":195551672,"building":"yes","source_height_m":null,"source_levels":null,"display_height_m":20.0,"height_basis":"visual_fallback"},"geometry":{"type":"Polygon","coordinates":[[[139.765758,35.67025],[139.765641,35.670172],[139.765361,35.670359],[139.765409,35.670407],[139.765639,35.670254],[139.765707,35.670299],[139.765758,35.67025]]]}},{"type":"Feature","properties":{"osm_type":"way","osm_id":195551673,"building":"yes","source_height_m":null,"source_levels":null,"display_height_m":23.0,"height_basis":"visual_fallback"},"geometry":{"type":"Polygon","coordinates":[[[139.765374,35.670466],[139.765396,35.670486],[139.765418,35.670469],[139.765396,35.670449],[139.765317,35.670379],[139.765287,35.670402],[139.765366,35.670472],[139.765374,35.670466]]]}},{"type":"Feature","properties":{"osm_type":"way","osm_id":195551675,"building":"yes","source_height_m":null,"source_levels":null,"display_height_m":14.0,"height_basis":"visual_fallback"},"geometry":{"type":"Polygon","coordinates":[[[139.765699,35.670355],[139.765741,35.670391],[139.76577,35.670369],[139.765839,35.67043],[139.765899,35.670385],[139.765894,35.670351],[139.765799,35.670279],[139.765699,35.670355]]]}},{"type":"Feature","properties":{"osm_type":"way","osm_id":195551676,"building":"yes","source_height_m":null,"source_levels":null,"display_height_m":17.0,"height_basis":"visual_fallback"},"geometry":{"type":"Polygon","coordinates":[[[139.763251,35.669952],[139.763104,35.670059],[139.763152,35.670102],[139.763298,35.669995],[139.763304,35.67],[139.76344,35.669901],[139.763383,35.66985],[139.763248,35.669949],[139.763251,35.669952]]]}},{"type":"Feature","properties":{"osm_type":"way","osm_id":195551677,"building":"yes","source_height_m":null,"source_levels":11.0,"display_height_m":35.2,"height_basis":"osm_levels_x_3.2m"},"geometry":{"type":"Polygon","coordinates":[[[139.763067,35.669532],[139.762897,35.669656],[139.762983,35.669733],[139.76298,35.669736],[139.763096,35.669841],[139.763255,35.669724],[139.763141,35.669621],[139.763155,35.669612],[139.763067,35.669532]]]}},{"type":"Feature","properties":{"osm_type":"way","osm_id":195551680,"building":"yes","source_height_m":null,"source_levels":10.0,"display_height_m":32.0,"height_basis":"osm_levels_x_3.2m"},"geometry":{"type":"Polygon","coordinates":[[[139.764838,35.670367],[139.764744,35.670284],[139.764587,35.670395],[139.764625,35.670435],[139.764541,35.670497],[139.764492,35.670536],[139.764626,35.670657],[139.764779,35.670544],[139.764697,35.670471],[139.764838,35.670367]]]}},{"type":"Feature","properties":{"osm_type":"way","osm_id":195551681,"building":"hotel","source_height_m":null,"source_levels":null,"display_height_m":17.0,"height_basis":"visual_fallback"},"geometry":{"type":"Polygon","coordinates":[[[139.76905,35.673996],[139.769064,35.674011],[139.769095,35.673991],[139.769229,35.67413],[139.769252,35.674154],[139.769133,35.674229],[139.76918,35.674278],[139.769073,35.674345],[139.768928,35.674194],[139.769057,35.674113],[139.768998,35.674052],[139.769012,35.674043],[139.768998,35.674028],[139.76905,35.673996]]]}},{"type":"Feature","properties":{"osm_type":"way","osm_id":215959491,"building":"yes","source_height_m":null,"source_levels":null,"display_height_m":17.0,"height_basis":"visual_fallback"},"geometry":{"type":"Polygon","coordinates":[[[139.768476,35.668994],[139.768259,35.668814],[139.76838,35.668718],[139.768458,35.668724],[139.768541,35.668745],[139.768663,35.668847],[139.768476,35.668994]]]}},{"type":"Feature","properties":{"osm_type":"way","osm_id":219995913,"building":"yes","source_height_m":null,"source_levels":null,"display_height_m":23.0,"height_basis":"visual_fallback"},"geometry":{"type":"Polygon","coordinates":[[[139.761993,35.674569],[139.761977,35.674513],[139.76201,35.674507],[139.762026,35.674563],[139.761993,35.674569]]]}},{"type":"Feature","properties":{"osm_type":"way","osm_id":219995914,"building":"yes","source_height_m":null,"source_levels":null,"display_height_m":26.0,"height_basis":"visual_fallback"},"geometry":{"type":"Polygon","coordinates":[[[139.761208,35.673995],[139.761274,35.673954],[139.761261,35.67394],[139.761194,35.673981],[139.761208,35.673995]]]}},{"type":"Feature","properties":{"osm_type":"way","osm_id":219995915,"building":"yes","source_height_m":null,"source_levels":null,"display_height_m":14.0,"height_basis":"visual_fallback"},"geometry":{"type":"Polygon","coordinates":[[[139.761863,35.674456],[139.761848,35.674404],[139.76188,35.674398],[139.761895,35.67445],[139.761863,35.674456]]]}},{"type":"Feature","properties":{"osm_type":"way","osm_id":228050642,"building":"yes","source_height_m":null,"source_levels":null,"display_height_m":20.0,"height_basis":"visual_fallback"},"geometry":{"type":"Polygon","coordinates":[[[139.771444,35.665992],[139.771553,35.666067],[139.771653,35.665973],[139.77155,35.665893],[139.771444,35.665992]]]}},{"type":"Feature","properties":{"osm_type":"way","osm_id":228050643,"building":"yes","source_height_m":null,"source_levels":null,"display_height_m":23.0,"height_basis":"visual_fallback"},"geometry":{"type":"Polygon","coordinates":[[[139.771195,35.66623],[139.771358,35.66634],[139.771517,35.666185],[139.771468,35.666152],[139.771489,35.666132],[139.771374,35.666055],[139.771195,35.66623]]]}},{"type":"Feature","properties":{"osm_type":"way","osm_id":234844172,"building":"yes","source_height_m":null,"source_levels":null,"display_height_m":20.0,"height_basis":"visual_fallback"},"geometry":{"type":"Polygon","coordinates":[[[139.764571,35.673354],[139.764797,35.673237],[139.764607,35.673062],[139.76449,35.673144],[139.764456,35.673169],[139.764459,35.673204],[139.764571,35.673354]]]}},{"type":"Feature","properties":{"osm_type":"way","osm_id":234847610,"building":"yes","source_height_m":null,"source_levels":null,"display_height_m":14.0,"height_basis":"visual_fallback"},"geometry":{"type":"Polygon","coordinates":[[[139.764874,35.671526],[139.764934,35.671482],[139.764918,35.671467],[139.764857,35.671511],[139.764866,35.671519],[139.764874,35.671526]]]}},{"type":"Feature","properties":{"osm_type":"way","osm_id":234945946,"building":"yes","source_height_m":null,"source_levels":null,"display_height_m":17.0,"height_basis":"visual_fallback"},"geometry":{"type":"Polygon","coordinates":[[[139.764893,35.670975],[139.764907,35.670965],[139.764856,35.670916],[139.764849,35.670921],[139.764842,35.670926],[139.764893,35.670975]]]}},{"type":"Feature","properties":{"osm_type":"way","osm_id":234945947,"building":"yes","source_height_m":null,"source_levels":null,"display_height_m":20.0,"height_basis":"visual_fallback"},"geometry":{"type":"Polygon","coordinates":[[[139.764746,35.671081],[139.76476,35.671071],[139.764709,35.671022],[139.7647,35.671028],[139.764694,35.671032],[139.764746,35.671081]]]}},{"type":"Feature","properties":{"osm_type":"way","osm_id":234946727,"building":"yes","source_height_m":null,"source_levels":null,"display_height_m":20.0,"height_basis":"visual_fallback"},"geometry":{"type":"Polygon","coordinates":[[[139.764481,35.67053],[139.764617,35.670431],[139.764566,35.670379],[139.764426,35.670477],[139.764481,35.67053]]]}},{"type":"Feature","properties":{"osm_type":"way","osm_id":261651836,"building":"yes","source_height_m":null,"source_levels":null,"display_height_m":17.0,"height_basis":"visual_fallback"},"geometry":{"type":"Polygon","coordinates":[[[139.763212,35.665903],[139.763259,35.665816],[139.763311,35.66586],[139.763231,35.665924],[139.763212,35.665903]]]}},{"type":"Feature","properties":{"osm_type":"way","osm_id":262491652,"building":"commercial","source_height_m":null,"source_levels":null,"display_height_m":20.0,"height_basis":"visual_fallback"},"geometry":{"type":"Polygon","coordinates":[[[139.763623,35.666656],[139.763619,35.66662],[139.763698,35.666562],[139.763721,35.666586],[139.763634,35.666662],[139.763623,35.666656]]]}},{"type":"Feature","properties":{"osm_type":"way","osm_id":263908710,"building":"yes","source_height_m":10.0,"source_levels":null,"display_height_m":10.0,"height_basis":"osm_height"},"geometry":{"type":"Polygon","coordinates":[[[139.766781,35.6645],[139.766774,35.664505],[139.766769,35.6645],[139.766781,35.6645]]]}},{"type":"Feature","properties":{"osm_type":"way","osm_id":263908711,"building":"yes","source_height_m":null,"source_levels":8.0,"display_height_m":25.6,"height_basis":"osm_levels_x_3.2m"},"geometry":{"type":"Polygon","coordinates":[[[139.766532,35.6645],[139.766769,35.6645],[139.766774,35.664505],[139.766824,35.664551],[139.766691,35.664647],[139.766532,35.6645]]]}},{"type":"Feature","properties":{"osm_type":"way","osm_id":263913126,"building":"roof","source_height_m":null,"source_levels":null,"display_height_m":17.0,"height_basis":"visual_fallback"},"geometry":{"type":"Polygon","coordinates":[[[139.766987,35.6645],[139.767026,35.664536],[139.767075,35.6645],[139.767171,35.6645],[139.767023,35.664608],[139.766921,35.664515],[139.766934,35.664506],[139.766942,35.6645],[139.766987,35.6645]]]}},{"type":"Feature","properties":{"osm_type":"way","osm_id":263913127,"building":"roof","source_height_m":null,"source_levels":null,"display_height_m":20.0,"height_basis":"visual_fallback"},"geometry":{"type":"Polygon","coordinates":[[[139.766703,35.665139],[139.766817,35.665056],[139.766834,35.665071],[139.76672,35.665154],[139.766712,35.665147],[139.766703,35.665139]]]}},{"type":"Feature","properties":{"osm_type":"way","osm_id":263913128,"building":"roof","source_height_m":null,"source_levels":null,"display_height_m":23.0,"height_basis":"visual_fallback"},"geometry":{"type":"Polygon","coordinates":[[[139.766945,35.664609],[139.766975,35.664589],[139.766908,35.664523],[139.766878,35.664543],[139.766945,35.664609]]]}},{"type":"Feature","properties":{"osm_type":"way","osm_id":275430762,"building":"yes","source_height_m":null,"source_levels":null,"display_height_m":20.0,"height_basis":"visual_fallback"},"geometry":{"type":"Polygon","coordinates":[[[139.759232,35.669064],[139.759309,35.668999],[139.759337,35.669021],[139.759259,35.669086],[139.759232,35.669064]]]}},{"type":"Feature","properties":{"osm_type":"way","osm_id":275430764,"building":"yes","source_height_m":null,"source_levels":null,"display_height_m":26.0,"height_basis":"visual_fallback"},"geometry":{"type":"Polygon","coordinates":[[[139.760715,35.670417],[139.760779,35.670372],[139.760762,35.670356],[139.760698,35.670401],[139.760715,35.670417]]]}},{"type":"Feature","properties":{"osm_type":"way","osm_id":275929292,"building":"train_station","source_height_m":10.0,"source_levels":3.0,"display_height_m":10.0,"height_basis":"osm_height"},"geometry":{"type":"Polygon","coordinates":[[[139.759322,35.665753],[139.759828,35.665469],[139.759705,35.665325],[139.759246,35.665599],[139.759235,35.665584],[139.759198,35.665603],[139.759322,35.665753]]]}},{"type":"Feature","properties":{"osm_type":"way","osm_id":284622628,"building":"yes","source_height_m":null,"source_levels":null,"display_height_m":23.0,"height_basis":"visual_fallback"},"geometry":{"type":"Polygon","coordinates":[[[139.768565,35.673186],[139.768438,35.673031],[139.768503,35.672996],[139.76863,35.67315],[139.768565,35.673186]]]}},{"type":"Feature","properties":{"osm_type":"way","osm_id":284622629,"building":"hotel","source_height_m":null,"source_levels":null,"display_height_m":26.0,"height_basis":"visual_fallback"},"geometry":{"type":"Polygon","coordinates":[[[139.768931,35.672953],[139.769006,35.672902],[139.769027,35.672887],[139.769041,35.672871],[139.769042,35.672852],[139.768806,35.672544],[139.768734,35.672582],[139.76875,35.672598],[139.768697,35.672624],[139.768875,35.672837],[139.768831,35.67286],[139.768876,35.672919],[139.768895,35.672908],[139.768931,35.672953]]]}},{"type":"Feature","properties":{"osm_type":"way","osm_id":284622630,"building":"yes","source_height_m":null,"source_levels":null,"display_height_m":14.0,"height_basis":"visual_fallback"},"geometry":{"type":"Polygon","coordinates":[[[139.768791,35.673029],[139.768448,35.672612],[139.768569,35.672548],[139.768901,35.672967],[139.768791,35.673029]]]}},{"type":"Feature","properties":{"osm_type":"way","osm_id":284622631,"building":"yes","source_height_m":null,"source_levels":null,"display_height_m":17.0,"height_basis":"visual_fallback"},"geometry":{"type":"Polygon","coordinates":[[[139.769561,35.672925],[139.769447,35.672795],[139.769536,35.672736],[139.76958,35.672742],[139.769682,35.672852],[139.769561,35.672925]]]}},{"type":"Feature","properties":{"osm_type":"way","osm_id":284622632,"building":"yes","source_height_m":null,"source_levels":null,"display_height_m":20.0,"height_basis":"visual_fallback"},"geometry":{"type":"Polygon","coordinates":[[[139.769165,35.672791],[139.769108,35.67273],[139.769169,35.672688],[139.769234,35.672762],[139.76919,35.672789],[139.769165,35.672791]]]}},{"type":"Feature","properties":{"osm_type":"way","osm_id":284622640,"building":"yes","source_height_m":null,"source_levels":null,"display_height_m":14.0,"height_basis":"visual_fallback"},"geometry":{"type":"Polygon","coordinates":[[[139.769279,35.672721],[139.76934,35.672679],[139.769261,35.672586],[139.769238,35.672602],[139.769255,35.672618],[139.769213,35.672644],[139.769279,35.672721]]]}},{"type":"Feature","properties":{"osm_type":"way","osm_id":284622641,"building":"commercial","source_height_m":null,"source_levels":null,"display_height_m":17.0,"height_basis":"visual_fallback"},"geometry":{"type":"Polygon","coordinates":[[[139.768551,35.673034],[139.768029,35.672405],[139.768107,35.672362],[139.768629,35.672991],[139.768551,35.673034]]]}},{"type":"Feature","properties":{"osm_type":"way","osm_id":284622642,"building":"yes","source_height_m":null,"source_levels":null,"display_height_m":20.0,"height_basis":"visual_fallback"},"geometry":{"type":"Polygon","coordinates":[[[139.769242,35.672753],[139.769177,35.672681],[139.769215,35.67266],[139.769276,35.672726],[139.769242,35.672753]]]}},{"type":"Feature","properties":{"osm_type":"way","osm_id":284622643,"building":"yes","source_height_m":null,"source_levels":null,"display_height_m":23.0,"height_basis":"visual_fallback"},"geometry":{"type":"Polygon","coordinates":[[[139.769352,35.672672],[139.769263,35.672572],[139.769234,35.67259],[139.769184,35.672533],[139.769247,35.672497],[139.769327,35.672573],[139.76939,35.672534],[139.769431,35.672571],[139.769429,35.672624],[139.769352,35.672672]]]}},{"type":"Feature","properties":{"osm_type":"way","osm_id":284704259,"building":"yes","source_height_m":null,"source_levels":null,"display_height_m":26.0,"height_basis":"visual_fallback"},"geometry":{"type":"Polygon","coordinates":[[[139.770684,35.671794],[139.77058,35.671694],[139.770715,35.671602],[139.770818,35.671703],[139.770684,35.671794]]]}},{"type":"Feature","properties":{"osm_type":"way","osm_id":284704261,"building":"yes","source_height_m":null,"source_levels":null,"display_height_m":17.0,"height_basis":"visual_fallback"},"geometry":{"type":"Polygon","coordinates":[[[139.770425,35.67196],[139.770353,35.671888],[139.770418,35.671846],[139.77049,35.671918],[139.770425,35.67196]]]}},{"type":"Feature","properties":{"osm_type":"way","osm_id":284704264,"building":"yes","source_height_m":null,"source_levels":null,"display_height_m":26.0,"height_basis":"visual_fallback"},"geometry":{"type":"Polygon","coordinates":[[[139.770547,35.671881],[139.770469,35.671797],[139.770528,35.67176],[139.770607,35.671844],[139.770547,35.671881]]]}},{"type":"Feature","properties":{"osm_type":"way","osm_id":284704266,"building":"yes","source_height_m":null,"source_levels":null,"display_height_m":17.0,"height_basis":"visual_fallback"},"geometry":{"type":"Polygon","coordinates":[[[139.770014,35.67221],[139.76993,35.672121],[139.77003,35.672059],[139.770108,35.672136],[139.770108,35.672153],[139.770014,35.67221]]]}},{"type":"Feature","properties":{"osm_type":"way","osm_id":284704268,"building":"yes","source_height_m":null,"source_levels":null,"display_height_m":23.0,"height_basis":"visual_fallback"},"geometry":{"type":"Polygon","coordinates":[[[139.770025,35.672547],[139.770105,35.672498],[139.770072,35.672461],[139.769992,35.67251],[139.770025,35.672547]]]}},{"type":"Feature","properties":{"osm_type":"way","osm_id":284704270,"building":"yes","source_height_m":null,"source_levels":null,"display_height_m":14.0,"height_basis":"visual_fallback"},"geometry":{"type":"Polygon","coordinates":[[[139.770896,35.671657],[139.770704,35.671469],[139.770924,35.671321],[139.771116,35.67151],[139.770896,35.671657]]]}},{"type":"Feature","properties":{"osm_type":"way","osm_id":284704272,"building":"yes","source_height_m":null,"source_levels":null,"display_height_m":20.0,"height_basis":"visual_fallback"},"geometry":{"type":"Polygon","coordinates":[[[139.770298,35.672852],[139.770209,35.672755],[139.770292,35.672705],[139.770381,35.672802],[139.770298,35.672852]]]}},{"type":"Feature","properties":{"osm_type":"way","osm_id":284704274,"building":"house","source_height_m":null,"source_levels":null,"display_height_m":26.0,"height_basis":"visual_fallback"},"geometry":{"type":"Polygon","coordinates":[[[139.770399,35.671975],[139.770334,35.671909],[139.770356,35.671895],[139.770421,35.671961],[139.770399,35.671975]]]}},{"type":"Feature","properties":{"osm_type":"way","osm_id":284704275,"building":"yes","source_height_m":null,"source_levels":null,"display_height_m":14.0,"height_basis":"visual_fallback"},"geometry":{"type":"Polygon","coordinates":[[[139.770614,35.671839],[139.770536,35.671757],[139.77059,35.671722],[139.770669,35.671803],[139.770614,35.671839]]]}},{"type":"Feature","properties":{"osm_type":"way","osm_id":284704277,"building":"yes","source_height_m":null,"source_levels":null,"display_height_m":20.0,"height_basis":"visual_fallback"},"geometry":{"type":"Polygon","coordinates":[[[139.769987,35.672503],[139.770069,35.672453],[139.770028,35.672408],[139.769972,35.672442],[139.769966,35.672477],[139.769987,35.672503]]]}},{"type":"Feature","properties":{"osm_type":"way","osm_id":284704279,"building":"yes","source_height_m":null,"source_levels":null,"display_height_m":26.0,"height_basis":"visual_fallback"},"geometry":{"type":"Polygon","coordinates":[[[139.76983,35.672317],[139.769525,35.671997],[139.76967,35.671906],[139.76999,35.672243],[139.769866,35.67232],[139.76983,35.672317]]]}},{"type":"Feature","properties":{"osm_type":"way","osm_id":284704281,"building":"yes","source_height_m":null,"source_levels":null,"display_height_m":17.0,"height_basis":"visual_fallback"},"geometry":{"type":"Polygon","coordinates":[[[139.770223,35.672073],[139.770166,35.672022],[139.770299,35.671934],[139.770365,35.671997],[139.77026,35.672071],[139.770223,35.672073]]]}},{"type":"Feature","properties":{"osm_type":"way","osm_id":284704283,"building":"yes","source_height_m":null,"source_levels":null,"display_height_m":23.0,"height_basis":"visual_fallback"},"geometry":{"type":"Polygon","coordinates":[[[139.770198,35.672749],[139.770029,35.672562],[139.770197,35.672461],[139.770426,35.672713],[139.770354,35.672756],[139.770295,35.672691],[139.770198,35.672749]]]}},{"type":"Feature","properties":{"osm_type":"way","osm_id":284704285,"building":"yes","source_height_m":null,"source_levels":null,"display_height_m":14.0,"height_basis":"visual_fallback"},"geometry":{"type":"Polygon","coordinates":[[[139.770701,35.672036],[139.770661,35.671992],[139.770733,35.671949],[139.770766,35.671982],[139.770753,35.67199],[139.770763,35.672003],[139.770701,35.672036]]]}},{"type":"Feature","properties":{"osm_type":"way","osm_id":284704287,"building":"yes","source_height_m":null,"source_levels":null,"display_height_m":20.0,"height_basis":"visual_fallback"},"geometry":{"type":"Polygon","coordinates":[[[139.770368,35.671995],[139.7703,35.671931],[139.770329,35.671912],[139.770394,35.671978],[139.770368,35.671995]]]}},{"type":"Feature","properties":{"osm_type":"way","osm_id":284712967,"building":"apartments","source_height_m":null,"source_levels":null,"display_height_m":20.0,"height_basis":"visual_fallback"},"geometry":{"type":"Polygon","coordinates":[[[139.771423,35.672059],[139.771213,35.671778],[139.771228,35.67177],[139.771209,35.671746],[139.771194,35.671753],[139.771159,35.671706],[139.771174,35.671699],[139.771157,35.671676],[139.771178,35.67166],[139.77123,35.671628],[139.771295,35.671599],[139.771318,35.67159],[139.77139,35.671686],[139.771376,35.671693],[139.771401,35.671726],[139.771377,35.671738],[139.771369,35.671727],[139.771353,35.671735],[139.771336,35.671713],[139.771317,35.671722],[139.771339,35.671752],[139.771358,35.671743],[139.771379,35.671771],[139.77136,35.67178],[139.771377,35.671803],[139.771454,35.671765],[139.771524,35.671857],[139.771435,35.671901],[139.771506,35.671997],[139.771496,35.672002],[139.77151,35.672021],[139.7715,35.672025],[139.771512,35.67204],[139.771471,35.672061],[139.771458,35.672043],[139.771423,35.672059]]]}},{"type":"Feature","properties":{"osm_type":"way","osm_id":284712968,"building":"yes","source_height_m":null,"source_levels":null,"display_height_m":23.0,"height_basis":"visual_fallback"},"geometry":{"type":"Polygon","coordinates":[[[139.771446,35.671741],[139.771337,35.671583],[139.771493,35.671512],[139.771568,35.67162],[139.77153,35.671637],[139.771565,35.671687],[139.771446,35.671741]]]}},{"type":"Feature","properties":{"osm_type":"way","osm_id":284712970,"building":"yes","source_height_m":null,"source_levels":null,"display_height_m":14.0,"height_basis":"visual_fallback"},"geometry":{"type":"Polygon","coordinates":[[[139.771196,35.671486],[139.770918,35.67124],[139.771028,35.671158],[139.770991,35.671125],[139.771168,35.670992],[139.771448,35.671252],[139.771462,35.67138],[139.771196,35.671486]]]}},{"type":"Feature","properties":{"osm_type":"way","osm_id":284712972,"building":"apartments","source_height_m":null,"source_levels":null,"display_height_m":20.0,"height_basis":"visual_fallback"},"geometry":{"type":"Polygon","coordinates":[[[139.77167,35.671633],[139.771641,35.671529],[139.771697,35.671515],[139.771767,35.6715],[139.771804,35.671628],[139.771725,35.671643],[139.771716,35.671623],[139.77167,35.671633]]]}},{"type":"Feature","properties":{"osm_type":"way","osm_id":286340045,"building":"yes","source_height_m":null,"source_levels":null,"display_height_m":14.0,"height_basis":"visual_fallback"},"geometry":{"type":"Polygon","coordinates":[[[139.759367,35.667548],[139.759449,35.667521],[139.759428,35.667479],[139.759346,35.667505],[139.759367,35.667548]]]}},{"type":"Feature","properties":{"osm_type":"way","osm_id":286340046,"building":"yes","source_height_m":null,"source_levels":null,"display_height_m":17.0,"height_basis":"visual_fallback"},"geometry":{"type":"Polygon","coordinates":[[[139.759337,35.667504],[139.759427,35.667474],[139.759387,35.667391],[139.759296,35.66742],[139.759337,35.667504]]]}},{"type":"Feature","properties":{"osm_type":"way","osm_id":286340047,"building":"yes","source_height_m":null,"source_levels":null,"display_height_m":20.0,"height_basis":"visual_fallback"},"geometry":{"type":"Polygon","coordinates":[[[139.759389,35.667596],[139.759472,35.667569],[139.759451,35.667524],[139.759367,35.667552],[139.759389,35.667596]]]}},{"type":"Feature","properties":{"osm_type":"way","osm_id":286431183,"building":"yes","source_height_m":null,"source_levels":null,"display_height_m":23.0,"height_basis":"visual_fallback"},"geometry":{"type":"Polygon","coordinates":[[[139.766744,35.670337],[139.766713,35.670311],[139.766701,35.670299],[139.766696,35.670283],[139.766698,35.670266],[139.766704,35.670255],[139.76672,35.670246],[139.766739,35.670243],[139.766764,35.670248],[139.76681,35.670282],[139.766744,35.670337]]]}},{"type":"Feature","properties":{"osm_type":"way","osm_id":286431184,"building":"yes","source_height_m":null,"source_levels":null,"display_height_m":26.0,"height_basis":"visual_fallback"},"geometry":{"type":"Polygon","coordinates":[[[139.768165,35.669122],[139.768028,35.669013],[139.768029,35.66897],[139.768045,35.66896],[139.768127,35.66903],[139.768185,35.668985],[139.768204,35.669001],[139.768219,35.668991],[139.768283,35.669041],[139.768263,35.669057],[139.768256,35.669049],[139.768165,35.669122]]]}},{"type":"Feature","properties":{"osm_type":"way","osm_id":286431185,"building":"yes","source_height_m":null,"source_levels":null,"display_height_m":14.0,"height_basis":"visual_fallback"},"geometry":{"type":"Polygon","coordinates":[[[139.768179,35.668976],[139.768101,35.668909],[139.768076,35.668928],[139.768154,35.668996],[139.768179,35.668976]]]}},{"type":"Feature","properties":{"osm_type":"way","osm_id":286431187,"building":"yes","source_height_m":null,"source_levels":null,"display_height_m":20.0,"height_basis":"visual_fallback"},"geometry":{"type":"Polygon","coordinates":[[[139.768124,35.669019],[139.768149,35.669],[139.768075,35.668936],[139.768049,35.668955],[139.768124,35.669019]]]}},{"type":"Feature","properties":{"osm_type":"way","osm_id":286431188,"building":"yes","source_height_m":null,"source_levels":null,"display_height_m":23.0,"height_basis":"visual_fallback"},"geometry":{"type":"Polygon","coordinates":[[[139.768512,35.668986],[139.768549,35.669016],[139.768702,35.668894],[139.768665,35.668863],[139.768512,35.668986]]]}},{"type":"Feature","properties":{"osm_type":"way","osm_id":286431189,"building":"yes","source_height_m":null,"source_levels":null,"display_height_m":26.0,"height_basis":"visual_fallback"},"geometry":{"type":"Polygon","coordinates":[[[139.768201,35.668986],[139.768224,35.668968],[139.768126,35.668886],[139.768103,35.668905],[139.768201,35.668986]]]}},{"type":"Feature","properties":{"osm_type":"way","osm_id":286431190,"building":"yes","source_height_m":null,"source_levels":null,"display_height_m":14.0,"height_basis":"visual_fallback"},"geometry":{"type":"Polygon","coordinates":[[[139.766839,35.670136],[139.766938,35.670079],[139.766883,35.670007],[139.766811,35.670062],[139.766808,35.6701],[139.766839,35.670136]]]}},{"type":"Feature","properties":{"osm_type":"way","osm_id":286434738,"building":"hotel","source_height_m":null,"source_levels":null,"display_height_m":23.0,"height_basis":"visual_fallback"},"geometry":{"type":"Polygon","coordinates":[[[139.770479,35.667362],[139.77024,35.667158],[139.77033,35.667089],[139.77056,35.667286],[139.770521,35.667317],[139.770529,35.667323],[139.770479,35.667362]]]}},{"type":"Feature","properties":{"osm_type":"way","osm_id":286434739,"building":"yes","source_height_m":null,"source_levels":null,"display_height_m":26.0,"height_basis":"visual_fallback"},"geometry":{"type":"Polygon","coordinates":[[[139.770078,35.667421],[139.770115,35.66739],[139.770029,35.667323],[139.769992,35.667355],[139.770078,35.667421]]]}},{"type":"Feature","properties":{"osm_type":"way","osm_id":286434740,"building":"commercial","source_height_m":null,"source_levels":23.0,"display_height_m":73.6,"height_basis":"osm_levels_x_3.2m"},"geometry":{"type":"Polygon","coordinates":[[[139.769507,35.668579],[139.769073,35.66823],[139.769287,35.668055],[139.76943,35.667938],[139.769863,35.668287],[139.769507,35.668579]]]}},{"type":"Feature","properties":{"osm_type":"way","osm_id":286434741,"building":"yes","source_height_m":null,"source_levels":null,"display_height_m":17.0,"height_basis":"visual_fallback"},"geometry":{"type":"Polygon","coordinates":[[[139.769756,35.667716],[139.76966,35.667634],[139.769729,35.667578],[139.769774,35.66758],[139.76985,35.667642],[139.769756,35.667716]]]}},{"type":"Feature","properties":{"osm_type":"way","osm_id":286434742,"building":"yes","source_height_m":null,"source_levels":null,"display_height_m":20.0,"height_basis":"visual_fallback"},"geometry":{"type":"Polygon","coordinates":[[[139.770052,35.667564],[139.769894,35.667435],[139.769985,35.667362],[139.770064,35.667426],[139.770045,35.667442],[139.770124,35.667506],[139.770052,35.667564]]]}},{"type":"Feature","properties":{"osm_type":"way","osm_id":286434743,"building":"yes","source_height_m":null,"source_levels":null,"display_height_m":23.0,"height_basis":"visual_fallback"},"geometry":{"type":"Polygon","coordinates":[[[139.770305,35.667641],[139.770062,35.667446],[139.77014,35.667377],[139.770053,35.667307],[139.770169,35.66721],[139.770435,35.667435],[139.77042,35.667449],[139.770481,35.667499],[139.770305,35.667641]]]}},{"type":"Feature","properties":{"osm_type":"way","osm_id":286434744,"building":"yes","source_height_m":null,"source_levels":null,"display_height_m":26.0,"height_basis":"visual_fallback"},"geometry":{"type":"Polygon","coordinates":[[[139.769771,35.66802],[139.769478,35.667789],[139.769642,35.66765],[139.769745,35.667736],[139.769733,35.66775],[139.769803,35.667805],[139.769831,35.667788],[139.769946,35.667873],[139.769771,35.66802]]]}},{"type":"Feature","properties":{"osm_type":"way","osm_id":286434745,"building":"hotel","source_height_m":null,"source_levels":null,"display_height_m":14.0,"height_basis":"visual_fallback"},"geometry":{"type":"Polygon","coordinates":[[[139.770662,35.667325],[139.77035,35.667067],[139.770511,35.666939],[139.770547,35.666969],[139.770541,35.666974],[139.770563,35.666993],[139.770547,35.667006],[139.770589,35.66704],[139.770548,35.667074],[139.770674,35.667178],[139.770633,35.667211],[139.770686,35.667255],[139.770657,35.667279],[139.770688,35.667305],[139.770662,35.667325]]]}},{"type":"Feature","properties":{"osm_type":"way","osm_id":286436808,"building":"yes","source_height_m":null,"source_levels":null,"display_height_m":23.0,"height_basis":"visual_fallback"},"geometry":{"type":"Polygon","coordinates":[[[139.771183,35.666378],[139.771216,35.666348],[139.771146,35.666297],[139.771113,35.666326],[139.771183,35.666378]]]}},{"type":"Feature","properties":{"osm_type":"way","osm_id":286436811,"building":"yes","source_height_m":null,"source_levels":null,"display_height_m":17.0,"height_basis":"visual_fallback"},"geometry":{"type":"Polygon","coordinates":[[[139.771018,35.66641],[139.771164,35.666522],[139.771256,35.666443],[139.77111,35.666331],[139.771018,35.66641]]]}},{"type":"Feature","properties":{"osm_type":"way","osm_id":286436812,"building":"yes","source_height_m":null,"source_levels":null,"display_height_m":20.0,"height_basis":"visual_fallback"},"geometry":{"type":"Polygon","coordinates":[[[139.770599,35.666986],[139.770641,35.666952],[139.770551,35.666878],[139.770508,35.666913],[139.770599,35.666986]]]}},{"type":"Feature","properties":{"osm_type":"way","osm_id":286436813,"building":"yes","source_height_m":null,"source_levels":null,"display_height_m":23.0,"height_basis":"visual_fallback"},"geometry":{"type":"Polygon","coordinates":[[[139.770688,35.666916],[139.770618,35.666863],[139.770746,35.666862],[139.770751,35.666864],[139.770688,35.666916]]]}},{"type":"Feature","properties":{"osm_type":"way","osm_id":286436814,"building":"yes","source_height_m":null,"source_levels":null,"display_height_m":26.0,"height_basis":"visual_fallback"},"geometry":{"type":"Polygon","coordinates":[[[139.770648,35.666948],[139.770555,35.666874],[139.770574,35.666861],[139.770608,35.666861],[139.770682,35.66692],[139.770648,35.666948]]]}},{"type":"Feature","properties":{"osm_type":"way","osm_id":286436815,"building":"yes","source_height_m":null,"source_levels":9.0,"display_height_m":28.8,"height_basis":"osm_levels_x_3.2m"},"geometry":{"type":"Polygon","coordinates":[[[139.771149,35.666291],[139.771228,35.666346],[139.771194,35.666377],[139.771269,35.666433],[139.771342,35.666358],[139.771189,35.666252],[139.771149,35.666291]]]}},{"type":"Feature","properties":{"osm_type":"way","osm_id":286436816,"building":"yes","source_height_m":null,"source_levels":null,"display_height_m":17.0,"height_basis":"visual_fallback"},"geometry":{"type":"Polygon","coordinates":[[[139.771007,35.666587],[139.770986,35.666441],[139.771008,35.666418],[139.771071,35.666462],[139.771016,35.666514],[139.771061,35.666546],[139.771007,35.666587]]]}},{"type":"Feature","properties":{"osm_type":"way","osm_id":286436817,"building":"yes","source_height_m":null,"source_levels":null,"display_height_m":20.0,"height_basis":"visual_fallback"},"geometry":{"type":"Polygon","coordinates":[[[139.77172,35.666014],[139.771549,35.665885],[139.771597,35.665843],[139.771729,35.665943],[139.771769,35.665908],[139.771808,35.665937],[139.77172,35.666014]]]}},{"type":"Feature","properties":{"osm_type":"way","osm_id":286436818,"building":"yes","source_height_m":null,"source_levels":null,"display_height_m":23.0,"height_basis":"visual_fallback"},"geometry":{"type":"Polygon","coordinates":[[[139.771729,35.665932],[139.771596,35.665833],[139.77171,35.665729],[139.771733,35.665731],[139.771892,35.665857],[139.771816,35.665925],[139.771771,35.665889],[139.771729,35.665932]]]}},{"type":"Feature","properties":{"osm_type":"way","osm_id":288444943,"building":"yes","source_height_m":null,"source_levels":null,"display_height_m":23.0,"height_basis":"visual_fallback"},"geometry":{"type":"Polygon","coordinates":[[[139.772,35.667951],[139.772,35.668017],[139.771959,35.667983],[139.772,35.667951]]]}},{"type":"Feature","properties":{"osm_type":"way","osm_id":288444945,"building":"yes","source_height_m":null,"source_levels":null,"display_height_m":14.0,"height_basis":"visual_fallback"},"geometry":{"type":"Polygon","coordinates":[[[139.771244,35.665392],[139.771199,35.66543],[139.771131,35.665378],[139.771175,35.66534],[139.771244,35.665392]]]}},{"type":"Feature","properties":{"osm_type":"way","osm_id":288444949,"building":"yes","source_height_m":null,"source_levels":null,"display_height_m":26.0,"height_basis":"visual_fallback"},"geometry":{"type":"Polygon","coordinates":[[[139.771315,35.665444],[139.771257,35.665399],[139.771188,35.665459],[139.771246,35.665504],[139.771315,35.665444]]]}},{"type":"Feature","properties":{"osm_type":"way","osm_id":288444955,"building":"yes","source_height_m":null,"source_levels":null,"display_height_m":14.0,"height_basis":"visual_fallback"},"geometry":{"type":"Polygon","coordinates":[[[139.772,35.668026],[139.771948,35.667985],[139.7719,35.668025],[139.771973,35.668083],[139.772,35.668061],[139.772,35.668026]]]}},{"type":"Feature","properties":{"osm_type":"way","osm_id":288444957,"building":"yes","source_height_m":null,"source_levels":null,"display_height_m":20.0,"height_basis":"visual_fallback"},"geometry":{"type":"Polygon","coordinates":[[[139.771173,35.665583],[139.771271,35.665653],[139.771181,35.665737],[139.771152,35.665713],[139.771103,35.665756],[139.771037,35.665709],[139.771173,35.665583]]]}},{"type":"Feature","properties":{"osm_type":"way","osm_id":288444960,"building":"yes","source_height_m":null,"source_levels":null,"display_height_m":14.0,"height_basis":"visual_fallback"},"geometry":{"type":"Polygon","coordinates":[[[139.77132,35.665453],[139.771405,35.665513],[139.771267,35.66564],[139.771183,35.665579],[139.77132,35.665453]]]}},{"type":"Feature","properties":{"osm_type":"way","osm_id":288444973,"building":"yes","source_height_m":null,"source_levels":null,"display_height_m":23.0,"height_basis":"visual_fallback"},"geometry":{"type":"Polygon","coordinates":[[[139.771044,35.665665],[139.770949,35.665597],[139.770935,35.665609],[139.770904,35.665588],[139.771032,35.665465],[139.771122,35.66553],[139.771115,35.66554],[139.771137,35.665554],[139.771129,35.665562],[139.771142,35.665572],[139.771044,35.665665]]]}},{"type":"Feature","properties":{"osm_type":"way","osm_id":288444975,"building":"yes","source_height_m":null,"source_levels":null,"display_height_m":14.0,"height_basis":"visual_fallback"},"geometry":{"type":"Polygon","coordinates":[[[139.771169,35.66546],[139.771197,35.665433],[139.771128,35.665386],[139.7711,35.665413],[139.771169,35.66546]]]}},{"type":"Feature","properties":{"osm_type":"way","osm_id":288444976,"building":"yes","source_height_m":null,"source_levels":null,"display_height_m":17.0,"height_basis":"visual_fallback"},"geometry":{"type":"Polygon","coordinates":[[[139.771978,35.667945],[139.772,35.667929],[139.772,35.667827],[139.771957,35.667823],[139.771894,35.66787],[139.771978,35.667945]]]}},{"type":"Feature","properties":{"osm_type":"way","osm_id":288444978,"building":"yes","source_height_m":null,"source_levels":null,"display_height_m":23.0,"height_basis":"visual_fallback"},"geometry":{"type":"Polygon","coordinates":[[[139.770793,35.666867],[139.770598,35.667027],[139.770691,35.667103],[139.770667,35.667122],[139.770824,35.667248],[139.771044,35.667068],[139.770793,35.666867]]]}},{"type":"Feature","properties":{"osm_type":"way","osm_id":288444980,"building":"yes","source_height_m":null,"source_levels":null,"display_height_m":14.0,"height_basis":"visual_fallback"},"geometry":{"type":"Polygon","coordinates":[[[139.771673,35.666121],[139.772,35.665851],[139.772,35.666094],[139.771823,35.66624],[139.771673,35.666121]]]}},{"type":"Feature","properties":{"osm_type":"way","osm_id":288444981,"building":"yes","source_height_m":null,"source_levels":null,"display_height_m":17.0,"height_basis":"visual_fallback"},"geometry":{"type":"Polygon","coordinates":[[[139.77199,35.66565],[139.771871,35.665758],[139.771764,35.665663],[139.771811,35.665616],[139.771829,35.665629],[139.771857,35.665601],[139.771907,35.665589],[139.77199,35.66565]]]}},{"type":"Feature","properties":{"osm_type":"way","osm_id":297868215,"building":"yes","source_height_m":null,"source_levels":null,"display_height_m":14.0,"height_basis":"visual_fallback"},"geometry":{"type":"Polygon","coordinates":[[[139.771619,35.670465],[139.771772,35.670378],[139.772,35.67042],[139.772,35.670776],[139.771777,35.670739],[139.771602,35.670596],[139.771682,35.670545],[139.771619,35.670465]]]}},{"type":"Feature","properties":{"osm_type":"way","osm_id":297868238,"building":"yes","source_height_m":null,"source_levels":13.0,"display_height_m":41.6,"height_basis":"osm_levels_x_3.2m"},"geometry":{"type":"Polygon","coordinates":[[[139.769626,35.668808],[139.76986,35.669013],[139.770151,35.668792],[139.769916,35.668588],[139.769626,35.668808]]]}},{"type":"Feature","properties":{"osm_type":"way","osm_id":297868245,"building":"yes","source_height_m":null,"source_levels":null,"display_height_m":14.0,"height_basis":"visual_fallback"},"geometry":{"type":"Polygon","coordinates":[[[139.771852,35.66971],[139.77178,35.669649],[139.771741,35.669678],[139.771791,35.669745],[139.771852,35.66971]]]}},{"type":"Feature","properties":{"osm_type":"way","osm_id":297868247,"building":"yes","source_height_m":null,"source_levels":null,"display_height_m":20.0,"height_basis":"visual_fallback"},"geometry":{"type":"Polygon","coordinates":[[[139.770661,35.668752],[139.770763,35.668853],[139.770836,35.668804],[139.770733,35.668704],[139.770661,35.668752]]]}},{"type":"Feature","properties":{"osm_type":"way","osm_id":297868258,"building":"yes","source_height_m":null,"source_levels":null,"display_height_m":23.0,"height_basis":"visual_fallback"},"geometry":{"type":"Polygon","coordinates":[[[139.772,35.669492],[139.771976,35.669505],[139.772,35.669534],[139.772,35.669492]]]}},{"type":"Feature","properties":{"osm_type":"way","osm_id":297868263,"building":"yes","source_height_m":null,"source_levels":null,"display_height_m":23.0,"height_basis":"visual_fallback"},"geometry":{"type":"Polygon","coordinates":[[[139.770747,35.668692],[139.770919,35.668861],[139.771145,35.66871],[139.770972,35.66854],[139.770747,35.668692]]]}},{"type":"Feature","properties":{"osm_type":"way","osm_id":297868265,"building":"yes","source_height_m":null,"source_levels":null,"display_height_m":14.0,"height_basis":"visual_fallback"},"geometry":{"type":"Polygon","coordinates":[[[139.770898,35.66896],[139.770992,35.669036],[139.771063,35.668978],[139.770969,35.668902],[139.770898,35.66896]]]}},{"type":"Feature","properties":{"osm_type":"way","osm_id":297868271,"building":"yes","source_height_m":null,"source_levels":null,"display_height_m":17.0,"height_basis":"visual_fallback"},"geometry":{"type":"Polygon","coordinates":[[[139.770581,35.66964],[139.770756,35.669776],[139.77095,35.669611],[139.770776,35.669475],[139.770581,35.66964]]]}},{"type":"Feature","properties":{"osm_type":"way","osm_id":297868275,"building":"yes","source_height_m":null,"source_levels":null,"display_height_m":14.0,"height_basis":"visual_fallback"},"geometry":{"type":"Polygon","coordinates":[[[139.770155,35.668447],[139.770193,35.668418],[139.770106,35.668343],[139.770068,35.668372],[139.770155,35.668447]]]}},{"type":"Feature","properties":{"osm_type":"way","osm_id":297868277,"building":"yes","source_height_m":null,"source_levels":null,"display_height_m":20.0,"height_basis":"visual_fallback"},"geometry":{"type":"Polygon","coordinates":[[[139.76883,35.670207],[139.768913,35.670145],[139.768828,35.670069],[139.768744,35.670131],[139.76883,35.670207]]]}},{"type":"Feature","properties":{"osm_type":"way","osm_id":297868291,"building":"yes","source_height_m":null,"source_levels":null,"display_height_m":17.0,"height_basis":"visual_fallback"},"geometry":{"type":"Polygon","coordinates":[[[139.769805,35.670039],[139.769949,35.669924],[139.769863,35.669853],[139.769719,35.669968],[139.769805,35.670039]]]}},{"type":"Feature","properties":{"osm_type":"way","osm_id":297868297,"building":"yes","source_height_m":null,"source_levels":null,"display_height_m":20.0,"height_basis":"visual_fallback"},"geometry":{"type":"Polygon","coordinates":[[[139.771946,35.669728],[139.771979,35.669705],[139.771934,35.669662],[139.771901,35.669685],[139.771946,35.669728]]]}},{"type":"Feature","properties":{"osm_type":"way","osm_id":297868300,"building":"yes","source_height_m":null,"source_levels":null,"display_height_m":14.0,"height_basis":"visual_fallback"},"geometry":{"type":"Polygon","coordinates":[[[139.771022,35.669539],[139.771229,35.669374],[139.77099,35.669176],[139.770782,35.669341],[139.771022,35.669539]]]}},{"type":"Feature","properties":{"osm_type":"way","osm_id":297868315,"building":"yes","source_height_m":null,"source_levels":null,"display_height_m":14.0,"height_basis":"visual_fallback"},"geometry":{"type":"Polygon","coordinates":[[[139.769036,35.669922],[139.76923,35.670099],[139.769352,35.670011],[139.769158,35.669834],[139.769036,35.669922]]]}},{"type":"Feature","properties":{"osm_type":"way","osm_id":297868333,"building":"yes","source_height_m":null,"source_levels":null,"display_height_m":23.0,"height_basis":"visual_fallback"},"geometry":{"type":"Polygon","coordinates":[[[139.77006,35.668525],[139.7701,35.668494],[139.77,35.668408],[139.76996,35.668439],[139.77006,35.668525]]]}},{"type":"Feature","properties":{"osm_type":"way","osm_id":297868335,"building":"yes","source_height_m":null,"source_levels":null,"display_height_m":14.0,"height_basis":"visual_fallback"},"geometry":{"type":"Polygon","coordinates":[[[139.772,35.669898],[139.771945,35.669928],[139.771983,35.669974],[139.772,35.669965],[139.772,35.669898]]]}},{"type":"Feature","properties":{"osm_type":"way","osm_id":297868339,"building":"yes","source_height_m":null,"source_levels":null,"display_height_m":26.0,"height_basis":"visual_fallback"},"geometry":{"type":"Polygon","coordinates":[[[139.771838,35.669613],[139.771797,35.669645],[139.771856,35.669696],[139.771898,35.669664],[139.771838,35.669613]]]}},{"type":"Feature","properties":{"osm_type":"way","osm_id":297868351,"building":"yes","source_height_m":null,"source_levels":null,"display_height_m":17.0,"height_basis":"visual_fallback"},"geometry":{"type":"Polygon","coordinates":[[[139.770308,35.668429],[139.770563,35.668625],[139.7708,35.668421],[139.770546,35.668226],[139.770308,35.668429]]]}},{"type":"Feature","properties":{"osm_type":"way","osm_id":297868358,"building":"yes","source_height_m":null,"source_levels":null,"display_height_m":23.0,"height_basis":"visual_fallback"},"geometry":{"type":"Polygon","coordinates":[[[139.770791,35.668865],[139.770874,35.668933],[139.770936,35.668883],[139.770853,35.668814],[139.770791,35.668865]]]}},{"type":"Feature","properties":{"osm_type":"way","osm_id":297868365,"building":"yes","source_height_m":null,"source_levels":null,"display_height_m":14.0,"height_basis":"visual_fallback"},"geometry":{"type":"Polygon","coordinates":[[[139.770013,35.668402],[139.770104,35.668481],[139.770136,35.668457],[139.770045,35.668378],[139.770013,35.668402]]]}},{"type":"Feature","properties":{"osm_type":"way","osm_id":297868367,"building":"yes","source_height_m":null,"source_levels":null,"display_height_m":20.0,"height_basis":"visual_fallback"},"geometry":{"type":"Polygon","coordinates":[[[139.770352,35.669433],[139.770819,35.66906],[139.770588,35.668869],[139.770121,35.669241],[139.770352,35.669433]]]}},{"type":"Feature","properties":{"osm_type":"way","osm_id":297868370,"building":"yes","source_height_m":null,"source_levels":null,"display_height_m":14.0,"height_basis":"visual_fallback"},"geometry":{"type":"Polygon","coordinates":[[[139.771942,35.669923],[139.772,35.669892],[139.772,35.669823],[139.771989,35.66981],[139.771892,35.669862],[139.771942,35.669923]]]}},{"type":"Feature","properties":{"osm_type":"way","osm_id":297868372,"building":"yes","source_height_m":null,"source_levels":null,"display_height_m":20.0,"height_basis":"visual_fallback"},"geometry":{"type":"Polygon","coordinates":[[[139.771926,35.66954],[139.771993,35.669597],[139.772,35.669592],[139.772,35.669556],[139.771955,35.669517],[139.771926,35.66954]]]}},{"type":"Feature","properties":{"osm_type":"way","osm_id":297868380,"building":"yes","source_height_m":null,"source_levels":null,"display_height_m":14.0,"height_basis":"visual_fallback"},"geometry":{"type":"Polygon","coordinates":[[[139.771013,35.668912],[139.77106,35.668874],[139.771005,35.668829],[139.770958,35.668868],[139.771013,35.668912]]]}},{"type":"Feature","properties":{"osm_type":"way","osm_id":297868385,"building":"yes","source_height_m":null,"source_levels":null,"display_height_m":14.0,"height_basis":"visual_fallback"},"geometry":{"type":"Polygon","coordinates":[[[139.76932,35.669963],[139.769396,35.669908],[139.76925,35.669774],[139.769173,35.66983],[139.76932,35.669963]]]}},{"type":"Feature","properties":{"osm_type":"way","osm_id":297868395,"building":"yes","source_height_m":null,"source_levels":null,"display_height_m":14.0,"height_basis":"visual_fallback"},"geometry":{"type":"Polygon","coordinates":[[[139.770463,35.669558],[139.77055,35.66963],[139.770738,35.669481],[139.77065,35.669409],[139.770463,35.669558]]]}},{"type":"Feature","properties":{"osm_type":"way","osm_id":297868399,"building":"yes","source_height_m":null,"source_levels":null,"display_height_m":26.0,"height_basis":"visual_fallback"},"geometry":{"type":"Polygon","coordinates":[[[139.770355,35.668201],[139.770384,35.668228],[139.770475,35.668166],[139.770445,35.668138],[139.770355,35.668201]]]}},{"type":"Feature","properties":{"osm_type":"way","osm_id":297868401,"building":"yes","source_height_m":null,"source_levels":null,"display_height_m":17.0,"height_basis":"visual_fallback"},"geometry":{"type":"Polygon","coordinates":[[[139.770131,35.668315],[139.770271,35.668428],[139.770378,35.66834],[139.770239,35.668227],[139.770131,35.668315]]]}},{"type":"Feature","properties":{"osm_type":"way","osm_id":297868431,"building":"yes","source_height_m":null,"source_levels":null,"display_height_m":17.0,"height_basis":"visual_fallback"},"geometry":{"type":"Polygon","coordinates":[[[139.771948,35.669616],[139.771895,35.669571],[139.771845,35.669609],[139.771898,35.669654],[139.771948,35.669616]]]}},{"type":"Feature","properties":{"osm_type":"way","osm_id":297868435,"building":"yes","source_height_m":null,"source_levels":null,"display_height_m":14.0,"height_basis":"visual_fallback"},"geometry":{"type":"Polygon","coordinates":[[[139.770343,35.668198],[139.770436,35.668129],[139.77041,35.668114],[139.770377,35.668112],[139.770305,35.668162],[139.770343,35.668198]]]}},{"type":"Feature","properties":{"osm_type":"way","osm_id":297868436,"building":"yes","source_height_m":null,"source_levels":null,"display_height_m":17.0,"height_basis":"visual_fallback"},"geometry":{"type":"Polygon","coordinates":[[[139.771057,35.670012],[139.771239,35.669866],[139.770956,35.669628],[139.770758,35.669784],[139.770996,35.670016],[139.771057,35.670012]]]}},{"type":"Feature","properties":{"osm_type":"way","osm_id":297868438,"building":"yes","source_height_m":null,"source_levels":null,"display_height_m":23.0,"height_basis":"visual_fallback"},"geometry":{"type":"Polygon","coordinates":[[[139.772,35.66901],[139.771912,35.669081],[139.772,35.669153],[139.772,35.66901]]]}},{"type":"Feature","properties":{"osm_type":"way","osm_id":297868440,"building":"yes","source_height_m":null,"source_levels":null,"display_height_m":14.0,"height_basis":"visual_fallback"},"geometry":{"type":"Polygon","coordinates":[[[139.771139,35.668915],[139.771271,35.668809],[139.77116,35.668719],[139.771088,35.668778],[139.771124,35.668807],[139.771065,35.668855],[139.771139,35.668915]]]}},{"type":"Feature","properties":{"osm_type":"way","osm_id":297868443,"building":"yes","source_height_m":null,"source_levels":null,"display_height_m":23.0,"height_basis":"visual_fallback"},"geometry":{"type":"Polygon","coordinates":[[[139.770379,35.668319],[139.770538,35.668209],[139.770489,35.668162],[139.770375,35.668241],[139.770296,35.668166],[139.770251,35.668197],[139.770379,35.668319]]]}},{"type":"Feature","properties":{"osm_type":"way","osm_id":297868444,"building":"school","source_height_m":null,"source_levels":null,"display_height_m":26.0,"height_basis":"visual_fallback"},"geometry":{"type":"Polygon","coordinates":[[[139.770582,35.667967],[139.770996,35.668299],[139.77184,35.667727],[139.771699,35.667606],[139.771019,35.668068],[139.770735,35.667841],[139.770582,35.667967]]]}},{"type":"Feature","properties":{"osm_type":"way","osm_id":297868449,"building":"yes","source_height_m":null,"source_levels":null,"display_height_m":26.0,"height_basis":"visual_fallback"},"geometry":{"type":"Polygon","coordinates":[[[139.772,35.669718],[139.772,35.6696],[139.771933,35.669636],[139.772,35.669718]]]}},{"type":"Feature","properties":{"osm_type":"way","osm_id":297868451,"building":"yes","source_height_m":null,"source_levels":null,"display_height_m":17.0,"height_basis":"visual_fallback"},"geometry":{"type":"Polygon","coordinates":[[[139.769565,35.669936],[139.769687,35.670037],[139.769736,35.669998],[139.769693,35.669962],[139.76985,35.669837],[139.769771,35.669772],[139.769565,35.669936]]]}},{"type":"Feature","properties":{"osm_type":"way","osm_id":297868453,"building":"yes","source_height_m":null,"source_levels":null,"display_height_m":23.0,"height_basis":"visual_fallback"},"geometry":{"type":"Polygon","coordinates":[[[139.769559,35.669929],[139.769761,35.669768],[139.769708,35.669724],[139.7696,35.66981],[139.769576,35.66979],[139.769482,35.669866],[139.769559,35.669929]]]}},{"type":"Feature","properties":{"osm_type":"way","osm_id":297868461,"building":"yes","source_height_m":null,"source_levels":null,"display_height_m":17.0,"height_basis":"visual_fallback"},"geometry":{"type":"Polygon","coordinates":[[[139.7718,35.669758],[139.771881,35.669835],[139.771997,35.669755],[139.771965,35.669723],[139.771942,35.669739],[139.771894,35.669693],[139.7718,35.669758]]]}},{"type":"Feature","properties":{"osm_type":"way","osm_id":297868462,"building":"yes","source_height_m":null,"source_levels":null,"display_height_m":20.0,"height_basis":"visual_fallback"},"geometry":{"type":"Polygon","coordinates":[[[139.771171,35.670173],[139.771463,35.670457],[139.771608,35.670359],[139.771448,35.670204],[139.771491,35.670174],[139.771359,35.670046],[139.771171,35.670173]]]}},{"type":"Feature","properties":{"osm_type":"way","osm_id":297868466,"building":"yes","source_height_m":null,"source_levels":null,"display_height_m":17.0,"height_basis":"visual_fallback"},"geometry":{"type":"Polygon","coordinates":[[[139.771601,35.668797],[139.77186,35.669012],[139.771971,35.668924],[139.772,35.668948],[139.772,35.66874],[139.771841,35.668607],[139.771601,35.668797]]]}},{"type":"Feature","properties":{"osm_type":"way","osm_id":297868468,"building":"yes","source_height_m":null,"source_levels":null,"display_height_m":23.0,"height_basis":"visual_fallback"},"geometry":{"type":"Polygon","coordinates":[[[139.768956,35.670023],[139.768907,35.670022],[139.768836,35.670074],[139.768928,35.670156],[139.768863,35.670204],[139.769185,35.670491],[139.769345,35.670372],[139.768956,35.670023]]]}},{"type":"Feature","properties":{"osm_type":"way","osm_id":297868476,"building":"yes","source_height_m":null,"source_levels":null,"display_height_m":17.0,"height_basis":"visual_fallback"},"geometry":{"type":"Polygon","coordinates":[[[139.770507,35.668658],[139.770251,35.668437],[139.770204,35.668473],[139.77017,35.668444],[139.770114,35.668487],[139.770331,35.668674],[139.770298,35.668698],[139.770372,35.668762],[139.770507,35.668658]]]}},{"type":"Feature","properties":{"osm_type":"way","osm_id":297868478,"building":"yes","source_height_m":null,"source_levels":null,"display_height_m":23.0,"height_basis":"visual_fallback"},"geometry":{"type":"Polygon","coordinates":[[[139.769324,35.669721],[139.76946,35.669845],[139.769611,35.669736],[139.769629,35.669753],[139.769689,35.669709],[139.769561,35.669593],[139.769513,35.669627],[139.769486,35.669603],[139.769324,35.669721]]]}},{"type":"Feature","properties":{"osm_type":"way","osm_id":297868486,"building":"yes","source_height_m":null,"source_levels":null,"display_height_m":17.0,"height_basis":"visual_fallback"},"geometry":{"type":"Polygon","coordinates":[[[139.769802,35.670133],[139.770234,35.67049],[139.770281,35.670452],[139.770323,35.670486],[139.770427,35.670403],[139.770386,35.670368],[139.770423,35.670338],[139.769992,35.669981],[139.769802,35.670133]]]}},{"type":"Feature","properties":{"osm_type":"way","osm_id":297868488,"building":"yes","source_height_m":null,"source_levels":null,"display_height_m":23.0,"height_basis":"visual_fallback"},"geometry":{"type":"Polygon","coordinates":[[[139.771408,35.668624],[139.771593,35.668779],[139.771923,35.668517],[139.771962,35.66855],[139.772,35.66852],[139.772,35.668282],[139.77196,35.668249],[139.771708,35.668449],[139.771669,35.668417],[139.771408,35.668624]]]}},{"type":"Feature","properties":{"osm_type":"way","osm_id":297882286,"building":"yes","source_height_m":null,"source_levels":null,"display_height_m":17.0,"height_basis":"visual_fallback"},"geometry":{"type":"Polygon","coordinates":[[[139.769166,35.666257],[139.769258,35.66618],[139.769184,35.666122],[139.769248,35.666068],[139.769129,35.665974],[139.769037,35.666051],[139.769087,35.66609],[139.76905,35.666121],[139.769076,35.666141],[139.769048,35.666164],[139.769166,35.666257]]]}},{"type":"Feature","properties":{"osm_type":"way","osm_id":297882287,"building":"yes","source_height_m":null,"source_levels":11.0,"display_height_m":35.2,"height_basis":"osm_levels_x_3.2m"},"geometry":{"type":"Polygon","coordinates":[[[139.767748,35.671282],[139.767591,35.671092],[139.767603,35.671085],[139.767558,35.67103],[139.7674,35.671115],[139.76741,35.671127],[139.76736,35.671155],[139.767394,35.671196],[139.767363,35.671212],[139.767499,35.671377],[139.767582,35.671332],[139.767604,35.67136],[139.767748,35.671282]]]}},{"type":"Feature","properties":{"osm_type":"way","osm_id":297882288,"building":"yes","source_height_m":null,"source_levels":null,"display_height_m":23.0,"height_basis":"visual_fallback"},"geometry":{"type":"Polygon","coordinates":[[[139.770452,35.670865],[139.770767,35.670644],[139.770628,35.670511],[139.770561,35.670502],[139.77052,35.670525],[139.770496,35.670572],[139.770523,35.670597],[139.770366,35.670707],[139.77034,35.670682],[139.770293,35.670715],[139.770452,35.670865]]]}},{"type":"Feature","properties":{"osm_type":"way","osm_id":297882289,"building":"yes","source_height_m":null,"source_levels":null,"display_height_m":26.0,"height_basis":"visual_fallback"},"geometry":{"type":"Polygon","coordinates":[[[139.768594,35.670251],[139.768534,35.67029],[139.768584,35.670341],[139.768521,35.670382],[139.768555,35.670417],[139.768637,35.670364],[139.768679,35.670406],[139.768744,35.670364],[139.768704,35.670323],[139.76868,35.670338],[139.768594,35.670251]]]}},{"type":"Feature","properties":{"osm_type":"way","osm_id":297882290,"building":"yes","source_height_m":null,"source_levels":null,"display_height_m":14.0,"height_basis":"visual_fallback"},"geometry":{"type":"Polygon","coordinates":[[[139.767782,35.671572],[139.767869,35.671678],[139.76804,35.671587],[139.767949,35.671481],[139.767782,35.671572]]]}},{"type":"Feature","properties":{"osm_type":"way","osm_id":297882291,"building":"yes","source_height_m":null,"source_levels":null,"display_height_m":17.0,"height_basis":"visual_fallback"},"geometry":{"type":"Polygon","coordinates":[[[139.768776,35.67044],[139.768801,35.670424],[139.768754,35.670376],[139.768729,35.670392],[139.768776,35.67044]]]}},{"type":"Feature","properties":{"osm_type":"way","osm_id":297882292,"building":"yes","source_height_m":null,"source_levels":null,"display_height_m":20.0,"height_basis":"visual_fallback"},"geometry":{"type":"Polygon","coordinates":[[[139.76909,35.666448],[139.769164,35.666385],[139.769051,35.666296],[139.768976,35.666359],[139.76909,35.666448]]]}},{"type":"Feature","properties":{"osm_type":"way","osm_id":297882293,"building":"yes","source_height_m":null,"source_levels":null,"display_height_m":23.0,"height_basis":"visual_fallback"},"geometry":{"type":"Polygon","coordinates":[[[139.76861,35.669892],[139.768561,35.669848],[139.768544,35.669861],[139.768593,35.669904],[139.76861,35.669892]]]}},{"type":"Feature","properties":{"osm_type":"way","osm_id":297882294,"building":"yes","source_height_m":null,"source_levels":null,"display_height_m":26.0,"height_basis":"visual_fallback"},"geometry":{"type":"Polygon","coordinates":[[[139.768518,35.667382],[139.768577,35.667425],[139.768681,35.66733],[139.768622,35.667287],[139.768518,35.667382]]]}},{"type":"Feature","properties":{"osm_type":"way","osm_id":297882295,"building":"yes","source_height_m":null,"source_levels":null,"display_height_m":14.0,"height_basis":"visual_fallback"},"geometry":{"type":"Polygon","coordinates":[[[139.76881,35.669485],[139.768712,35.669561],[139.768722,35.669569],[139.768729,35.669575],[139.768745,35.669589],[139.768842,35.669513],[139.76881,35.669485]]]}},{"type":"Feature","properties":{"osm_type":"way","osm_id":297882296,"building":"yes","source_height_m":null,"source_levels":null,"display_height_m":17.0,"height_basis":"visual_fallback"},"geometry":{"type":"Polygon","coordinates":[[[139.768516,35.670374],[139.768569,35.670339],[139.768528,35.670298],[139.768475,35.670333],[139.768516,35.670374]]]}},{"type":"Feature","properties":{"osm_type":"way","osm_id":297882297,"building":"yes","source_height_m":null,"source_levels":null,"display_height_m":20.0,"height_basis":"visual_fallback"},"geometry":{"type":"Polygon","coordinates":[[[139.76888,35.670738],[139.768961,35.670685],[139.768935,35.670659],[139.768854,35.670712],[139.76888,35.670738]]]}},{"type":"Feature","properties":{"osm_type":"way","osm_id":297882298,"building":"yes","source_height_m":null,"source_levels":null,"display_height_m":23.0,"height_basis":"visual_fallback"},"geometry":{"type":"Polygon","coordinates":[[[139.768443,35.667376],[139.768573,35.667258],[139.768461,35.667176],[139.768331,35.667294],[139.768443,35.667376]]]}},{"type":"Feature","properties":{"osm_type":"way","osm_id":297882299,"building":"yes","source_height_m":null,"source_levels":null,"display_height_m":26.0,"height_basis":"visual_fallback"},"geometry":{"type":"Polygon","coordinates":[[[139.769335,35.666664],[139.769412,35.6666],[139.76938,35.666575],[139.769303,35.666639],[139.769335,35.666664]]]}},{"type":"Feature","properties":{"osm_type":"way","osm_id":297882300,"building":"yes","source_height_m":null,"source_levels":null,"display_height_m":14.0,"height_basis":"visual_fallback"},"geometry":{"type":"Polygon","coordinates":[[[139.768898,35.66973],[139.768968,35.669789],[139.769001,35.669763],[139.768931,35.669704],[139.768898,35.66973]]]}},{"type":"Feature","properties":{"osm_type":"way","osm_id":297882301,"building":"yes","source_height_m":null,"source_levels":null,"display_height_m":17.0,"height_basis":"visual_fallback"},"geometry":{"type":"Polygon","coordinates":[[[139.767353,35.668506],[139.76755,35.668356],[139.767506,35.668318],[139.76731,35.668469],[139.767353,35.668506]]]}},{"type":"Feature","properties":{"osm_type":"way","osm_id":297882302,"building":"yes","source_height_m":null,"source_levels":null,"display_height_m":20.0,"height_basis":"visual_fallback"},"geometry":{"type":"Polygon","coordinates":[[[139.7688,35.670534],[139.768839,35.670509],[139.768796,35.670465],[139.768756,35.670491],[139.7688,35.670534]]]}},{"type":"Feature","properties":{"osm_type":"way","osm_id":297882303,"building":"yes","source_height_m":null,"source_levels":null,"display_height_m":23.0,"height_basis":"visual_fallback"},"geometry":{"type":"Polygon","coordinates":[[[139.768753,35.670868],[139.768784,35.670897],[139.768865,35.670839],[139.768833,35.67081],[139.768753,35.670868]]]}},{"type":"Feature","properties":{"osm_type":"way","osm_id":297882304,"building":"yes","source_height_m":null,"source_levels":null,"display_height_m":26.0,"height_basis":"visual_fallback"},"geometry":{"type":"Polygon","coordinates":[[[139.768353,35.670237],[139.768409,35.670195],[139.76833,35.670125],[139.768274,35.670166],[139.768353,35.670237]]]}},{"type":"Feature","properties":{"osm_type":"way","osm_id":297882305,"building":"yes","source_height_m":null,"source_levels":null,"display_height_m":14.0,"height_basis":"visual_fallback"},"geometry":{"type":"Polygon","coordinates":[[[139.769515,35.666588],[139.769593,35.666522],[139.769571,35.666504],[139.769492,35.66657],[139.769515,35.666588]]]}},{"type":"Feature","properties":{"osm_type":"way","osm_id":297882306,"building":"yes","source_height_m":null,"source_levels":null,"display_height_m":17.0,"height_basis":"visual_fallback"},"geometry":{"type":"Polygon","coordinates":[[[139.768758,35.667304],[139.769121,35.667595],[139.769487,35.667293],[139.769489,35.667264],[139.769144,35.666987],[139.768758,35.667304]]]}},{"type":"Feature","properties":{"osm_type":"way","osm_id":297882307,"building":"yes","source_height_m":null,"source_levels":null,"display_height_m":20.0,"height_basis":"visual_fallback"},"geometry":{"type":"Polygon","coordinates":[[[139.769726,35.66809],[139.769795,35.668148],[139.76983,35.66812],[139.769761,35.668062],[139.769726,35.66809]]]}},{"type":"Feature","properties":{"osm_type":"way","osm_id":297882308,"building":"yes","source_height_m":null,"source_levels":null,"display_height_m":23.0,"height_basis":"visual_fallback"},"geometry":{"type":"Polygon","coordinates":[[[139.768899,35.670618],[139.768925,35.670601],[139.768881,35.670556],[139.768855,35.670573],[139.768899,35.670618]]]}},{"type":"Feature","properties":{"osm_type":"way","osm_id":297882309,"building":"yes","source_height_m":null,"source_levels":null,"display_height_m":26.0,"height_basis":"visual_fallback"},"geometry":{"type":"Polygon","coordinates":[[[139.769565,35.666314],[139.769473,35.666391],[139.769507,35.666417],[139.769598,35.66634],[139.769565,35.666314]]]}},{"type":"Feature","properties":{"osm_type":"way","osm_id":297882310,"building":"yes","source_height_m":null,"source_levels":null,"display_height_m":14.0,"height_basis":"visual_fallback"},"geometry":{"type":"Polygon","coordinates":[[[139.768539,35.669433],[139.76856,35.669452],[139.768634,35.669395],[139.768612,35.669376],[139.768539,35.669433]]]}},{"type":"Feature","properties":{"osm_type":"way","osm_id":297882311,"building":"yes","source_height_m":null,"source_levels":null,"display_height_m":17.0,"height_basis":"visual_fallback"},"geometry":{"type":"Polygon","coordinates":[[[139.768841,35.670314],[139.768793,35.670265],[139.768722,35.670312],[139.76877,35.67036],[139.768841,35.670314]]]}},{"type":"Feature","properties":{"osm_type":"way","osm_id":297882312,"building":"yes","source_height_m":null,"source_levels":null,"display_height_m":20.0,"height_basis":"visual_fallback"},"geometry":{"type":"Polygon","coordinates":[[[139.769024,35.670881],[139.769044,35.670901],[139.769132,35.670844],[139.769112,35.670823],[139.769024,35.670881]]]}},{"type":"Feature","properties":{"osm_type":"way","osm_id":297882313,"building":"yes","source_height_m":null,"source_levels":null,"display_height_m":23.0,"height_basis":"visual_fallback"},"geometry":{"type":"Polygon","coordinates":[[[139.767886,35.670161],[139.767927,35.670201],[139.768013,35.670144],[139.767973,35.670103],[139.767886,35.670161]]]}},{"type":"Feature","properties":{"osm_type":"way","osm_id":297882314,"building":"yes","source_height_m":null,"source_levels":null,"display_height_m":26.0,"height_basis":"visual_fallback"},"geometry":{"type":"Polygon","coordinates":[[[139.769137,35.666819],[139.769209,35.666875],[139.769311,35.666789],[139.76924,35.666732],[139.769137,35.666819]]]}},{"type":"Feature","properties":{"osm_type":"way","osm_id":297882316,"building":"yes","source_height_m":null,"source_levels":null,"display_height_m":17.0,"height_basis":"visual_fallback"},"geometry":{"type":"Polygon","coordinates":[[[139.768868,35.669554],[139.768785,35.669618],[139.768826,35.669653],[139.768909,35.669588],[139.768868,35.669554]]]}},{"type":"Feature","properties":{"osm_type":"way","osm_id":297882317,"building":"yes","source_height_m":null,"source_levels":null,"display_height_m":20.0,"height_basis":"visual_fallback"},"geometry":{"type":"Polygon","coordinates":[[[139.768824,35.670681],[139.76889,35.670638],[139.768872,35.670619],[139.768806,35.670662],[139.768824,35.670681]]]}},{"type":"Feature","properties":{"osm_type":"way","osm_id":297882318,"building":"yes","source_height_m":null,"source_levels":null,"display_height_m":23.0,"height_basis":"visual_fallback"},"geometry":{"type":"Polygon","coordinates":[[[139.768528,35.670647],[139.76858,35.670695],[139.768671,35.670629],[139.76862,35.670582],[139.768528,35.670647]]]}},{"type":"Feature","properties":{"osm_type":"way","osm_id":297882319,"building":"yes","source_height_m":null,"source_levels":null,"display_height_m":26.0,"height_basis":"visual_fallback"},"geometry":{"type":"Polygon","coordinates":[[[139.768799,35.667228],[139.768854,35.667178],[139.768776,35.667121],[139.768721,35.667171],[139.768799,35.667228]]]}},{"type":"Feature","properties":{"osm_type":"way","osm_id":297882320,"building":"yes","source_height_m":null,"source_levels":null,"display_height_m":14.0,"height_basis":"visual_fallback"},"geometry":{"type":"Polygon","coordinates":[[[139.769637,35.6667],[139.769759,35.666598],[139.76968,35.666536],[139.769558,35.666638],[139.769637,35.6667]]]}},{"type":"Feature","properties":{"osm_type":"way","osm_id":297882321,"building":"yes","source_height_m":null,"source_levels":null,"display_height_m":17.0,"height_basis":"visual_fallback"},"geometry":{"type":"Polygon","coordinates":[[[139.768813,35.67097],[139.768897,35.671048],[139.769009,35.670968],[139.768926,35.67089],[139.768813,35.67097]]]}},{"type":"Feature","properties":{"osm_type":"way","osm_id":297882322,"building":"yes","source_height_m":null,"source_levels":null,"display_height_m":20.0,"height_basis":"visual_fallback"},"geometry":{"type":"Polygon","coordinates":[[[139.769807,35.66802],[139.769993,35.668176],[139.770213,35.668004],[139.770026,35.667847],[139.769807,35.66802]]]}},{"type":"Feature","properties":{"osm_type":"way","osm_id":297882323,"building":"yes","source_height_m":null,"source_levels":null,"display_height_m":23.0,"height_basis":"visual_fallback"},"geometry":{"type":"Polygon","coordinates":[[[139.769336,35.666122],[139.769275,35.666173],[139.769431,35.666295],[139.769491,35.666244],[139.769336,35.666122]]]}},{"type":"Feature","properties":{"osm_type":"way","osm_id":297882324,"building":"yes","source_height_m":null,"source_levels":null,"display_height_m":26.0,"height_basis":"visual_fallback"},"geometry":{"type":"Polygon","coordinates":[[[139.768406,35.669188],[139.768513,35.669281],[139.768609,35.669209],[139.768502,35.669115],[139.768406,35.669188]]]}},{"type":"Feature","properties":{"osm_type":"way","osm_id":297882325,"building":"yes","source_height_m":null,"source_levels":null,"display_height_m":14.0,"height_basis":"visual_fallback"},"geometry":{"type":"Polygon","coordinates":[[[139.768659,35.670017],[139.768512,35.669882],[139.76842,35.669949],[139.768504,35.670026],[139.768464,35.670056],[139.768526,35.670113],[139.768659,35.670017]]]}},{"type":"Feature","properties":{"osm_type":"way","osm_id":297882326,"building":"yes","source_height_m":null,"source_levels":null,"display_height_m":17.0,"height_basis":"visual_fallback"},"geometry":{"type":"Polygon","coordinates":[[[139.768688,35.670491],[139.768714,35.670474],[139.768678,35.670438],[139.768652,35.670455],[139.768688,35.670491]]]}},{"type":"Feature","properties":{"osm_type":"way","osm_id":297882327,"building":"yes","source_height_m":null,"source_levels":null,"display_height_m":20.0,"height_basis":"visual_fallback"},"geometry":{"type":"Polygon","coordinates":[[[139.769045,35.67073],[139.768931,35.670804],[139.768946,35.670819],[139.76906,35.670745],[139.769045,35.67073]]]}},{"type":"Feature","properties":{"osm_type":"way","osm_id":297882328,"building":"yes","source_height_m":null,"source_levels":null,"display_height_m":23.0,"height_basis":"visual_fallback"},"geometry":{"type":"Polygon","coordinates":[[[139.768678,35.669838],[139.768635,35.669799],[139.768607,35.66982],[139.76865,35.669859],[139.768678,35.669838]]]}},{"type":"Feature","properties":{"osm_type":"way","osm_id":297882329,"building":"yes","source_height_m":null,"source_levels":null,"display_height_m":26.0,"height_basis":"visual_fallback"},"geometry":{"type":"Polygon","coordinates":[[[139.768797,35.666527],[139.769006,35.666692],[139.76915,35.666571],[139.76894,35.666407],[139.768797,35.666527]]]}},{"type":"Feature","properties":{"osm_type":"way","osm_id":297882330,"building":"yes","source_height_m":null,"source_levels":null,"display_height_m":14.0,"height_basis":"visual_fallback"},"geometry":{"type":"Polygon","coordinates":[[[139.768644,35.669506],[139.768698,35.669552],[139.768743,35.669517],[139.768689,35.669471],[139.768644,35.669506]]]}},{"type":"Feature","properties":{"osm_type":"way","osm_id":297882331,"building":"yes","source_height_m":null,"source_levels":null,"display_height_m":17.0,"height_basis":"visual_fallback"},"geometry":{"type":"Polygon","coordinates":[[[139.76814,35.667681],[139.768205,35.667734],[139.76834,35.667623],[139.768277,35.667573],[139.76814,35.667681]]]}},{"type":"Feature","properties":{"osm_type":"way","osm_id":297882332,"building":"yes","source_height_m":null,"source_levels":null,"display_height_m":20.0,"height_basis":"visual_fallback"},"geometry":{"type":"Polygon","coordinates":[[[139.769174,35.67086],[139.769214,35.670834],[139.769175,35.670795],[139.769135,35.670821],[139.769174,35.67086]]]}},{"type":"Feature","properties":{"osm_type":"way","osm_id":297882333,"building":"yes","source_height_m":null,"source_levels":null,"display_height_m":23.0,"height_basis":"visual_fallback"},"geometry":{"type":"Polygon","coordinates":[[[139.768385,35.667427],[139.768404,35.66741],[139.76833,35.667356],[139.768311,35.667373],[139.768385,35.667427]]]}},{"type":"Feature","properties":{"osm_type":"way","osm_id":297882334,"building":"yes","source_height_m":null,"source_levels":null,"display_height_m":26.0,"height_basis":"visual_fallback"},"geometry":{"type":"Polygon","coordinates":[[[139.769506,35.666795],[139.769573,35.666738],[139.769498,35.666679],[139.769431,35.666736],[139.769506,35.666795]]]}},{"type":"Feature","properties":{"osm_type":"way","osm_id":297882335,"building":"yes","source_height_m":null,"source_levels":null,"display_height_m":14.0,"height_basis":"visual_fallback"},"geometry":{"type":"Polygon","coordinates":[[[139.767254,35.668404],[139.767303,35.668447],[139.767509,35.668289],[139.76746,35.668246],[139.767254,35.668404]]]}},{"type":"Feature","properties":{"osm_type":"way","osm_id":297882336,"building":"yes","source_height_m":null,"source_levels":null,"display_height_m":17.0,"height_basis":"visual_fallback"},"geometry":{"type":"Polygon","coordinates":[[[139.768633,35.67074],[139.768684,35.670787],[139.768765,35.67073],[139.768714,35.670683],[139.768633,35.67074]]]}},{"type":"Feature","properties":{"osm_type":"way","osm_id":297882337,"building":"yes","source_height_m":null,"source_levels":null,"display_height_m":20.0,"height_basis":"visual_fallback"},"geometry":{"type":"Polygon","coordinates":[[[139.768805,35.670543],[139.768759,35.670496],[139.768692,35.67054],[139.768738,35.670587],[139.768805,35.670543]]]}},{"type":"Feature","properties":{"osm_type":"way","osm_id":297882339,"building":"yes","source_height_m":null,"source_levels":null,"display_height_m":26.0,"height_basis":"visual_fallback"},"geometry":{"type":"Polygon","coordinates":[[[139.768869,35.667014],[139.768977,35.667093],[139.769121,35.666962],[139.769013,35.666884],[139.768869,35.667014]]]}},{"type":"Feature","properties":{"osm_type":"way","osm_id":297882340,"building":"yes","source_height_m":null,"source_levels":null,"display_height_m":14.0,"height_basis":"visual_fallback"},"geometry":{"type":"Polygon","coordinates":[[[139.769927,35.66772],[139.769862,35.667772],[139.769917,35.667818],[139.769982,35.667767],[139.769927,35.66772]]]}},{"type":"Feature","properties":{"osm_type":"way","osm_id":297882341,"building":"yes","source_height_m":null,"source_levels":null,"display_height_m":17.0,"height_basis":"visual_fallback"},"geometry":{"type":"Polygon","coordinates":[[[139.769009,35.670588],[139.769032,35.670611],[139.769102,35.670566],[139.769079,35.670542],[139.769009,35.670588]]]}},{"type":"Feature","properties":{"osm_type":"way","osm_id":297882342,"building":"yes","source_height_m":null,"source_levels":null,"display_height_m":20.0,"height_basis":"visual_fallback"},"geometry":{"type":"Polygon","coordinates":[[[139.769259,35.670722],[139.769222,35.670685],[139.76915,35.670732],[139.769187,35.670769],[139.769259,35.670722]]]}},{"type":"Feature","properties":{"osm_type":"way","osm_id":297882343,"building":"yes","source_height_m":null,"source_levels":null,"display_height_m":23.0,"height_basis":"visual_fallback"},"geometry":{"type":"Polygon","coordinates":[[[139.768418,35.669326],[139.768446,35.66935],[139.768502,35.669308],[139.768474,35.669284],[139.768418,35.669326]]]}},{"type":"Feature","properties":{"osm_type":"way","osm_id":297882344,"building":"yes","source_height_m":null,"source_levels":null,"display_height_m":26.0,"height_basis":"visual_fallback"},"geometry":{"type":"Polygon","coordinates":[[[139.768613,35.669909],[139.768695,35.669981],[139.768718,35.669964],[139.768636,35.669892],[139.768613,35.669909]]]}},{"type":"Feature","properties":{"osm_type":"way","osm_id":297882345,"building":"yes","source_height_m":null,"source_levels":null,"display_height_m":14.0,"height_basis":"visual_fallback"},"geometry":{"type":"Polygon","coordinates":[[[139.769464,35.666381],[139.769544,35.666314],[139.769484,35.666267],[139.769404,35.666334],[139.769464,35.666381]]]}},{"type":"Feature","properties":{"osm_type":"way","osm_id":297882346,"building":"yes","source_height_m":null,"source_levels":null,"display_height_m":17.0,"height_basis":"visual_fallback"},"geometry":{"type":"Polygon","coordinates":[[[139.769093,35.670782],[139.768992,35.670848],[139.769019,35.670875],[139.769119,35.670809],[139.769093,35.670782]]]}},{"type":"Feature","properties":{"osm_type":"way","osm_id":297882347,"building":"yes","source_height_m":null,"source_levels":null,"display_height_m":20.0,"height_basis":"visual_fallback"},"geometry":{"type":"Polygon","coordinates":[[[139.768452,35.67078],[139.768564,35.67071],[139.768521,35.670664],[139.768408,35.670733],[139.768452,35.67078]]]}},{"type":"Feature","properties":{"osm_type":"way","osm_id":297882349,"building":"yes","source_height_m":null,"source_levels":null,"display_height_m":26.0,"height_basis":"visual_fallback"},"geometry":{"type":"Polygon","coordinates":[[[139.768461,35.670457],[139.768486,35.67044],[139.76842,35.670379],[139.768396,35.670397],[139.768461,35.670457]]]}},{"type":"Feature","properties":{"osm_type":"way","osm_id":297882350,"building":"yes","source_height_m":null,"source_levels":null,"display_height_m":14.0,"height_basis":"visual_fallback"},"geometry":{"type":"Polygon","coordinates":[[[139.768915,35.670656],[139.768902,35.670642],[139.768833,35.670688],[139.768846,35.670701],[139.768915,35.670656]]]}},{"type":"Feature","properties":{"osm_type":"way","osm_id":297882351,"building":"yes","source_height_m":null,"source_levels":null,"display_height_m":17.0,"height_basis":"visual_fallback"},"geometry":{"type":"Polygon","coordinates":[[[139.768629,35.667212],[139.768736,35.66729],[139.76879,35.667242],[139.768682,35.667163],[139.768629,35.667212]]]}},{"type":"Feature","properties":{"osm_type":"way","osm_id":297882352,"building":"yes","source_height_m":null,"source_levels":null,"display_height_m":20.0,"height_basis":"visual_fallback"},"geometry":{"type":"Polygon","coordinates":[[[139.767784,35.668206],[139.767374,35.668518],[139.767666,35.668773],[139.767713,35.668785],[139.768045,35.668518],[139.768044,35.668418],[139.767784,35.668206]]]}},{"type":"Feature","properties":{"osm_type":"way","osm_id":297882353,"building":"yes","source_height_m":null,"source_levels":null,"display_height_m":23.0,"height_basis":"visual_fallback"},"geometry":{"type":"Polygon","coordinates":[[[139.768806,35.670459],[139.768839,35.670492],[139.768943,35.670425],[139.76891,35.670391],[139.768806,35.670459]]]}},{"type":"Feature","properties":{"osm_type":"way","osm_id":297882354,"building":"yes","source_height_m":null,"source_levels":null,"display_height_m":26.0,"height_basis":"visual_fallback"},"geometry":{"type":"Polygon","coordinates":[[[139.769328,35.671098],[139.769306,35.671113],[139.769341,35.671147],[139.769362,35.671133],[139.769328,35.671098]]]}},{"type":"Feature","properties":{"osm_type":"way","osm_id":297882359,"building":"yes","source_height_m":null,"source_levels":null,"display_height_m":26.0,"height_basis":"visual_fallback"},"geometry":{"type":"Polygon","coordinates":[[[139.768871,35.670848],[139.768763,35.670925],[139.768808,35.670966],[139.768916,35.670889],[139.768871,35.670848]]]}},{"type":"Feature","properties":{"osm_type":"way","osm_id":297882361,"building":"yes","source_height_m":null,"source_levels":null,"display_height_m":17.0,"height_basis":"visual_fallback"},"geometry":{"type":"Polygon","coordinates":[[[139.769268,35.666168],[139.769332,35.666114],[139.76927,35.666066],[139.769206,35.666119],[139.769268,35.666168]]]}},{"type":"Feature","properties":{"osm_type":"way","osm_id":297882363,"building":"yes","source_height_m":null,"source_levels":null,"display_height_m":23.0,"height_basis":"visual_fallback"},"geometry":{"type":"Polygon","coordinates":[[[139.769448,35.666518],[139.769525,35.666454],[139.769501,35.666435],[139.769425,35.6665],[139.769448,35.666518]]]}},{"type":"Feature","properties":{"osm_type":"way","osm_id":297882364,"building":"yes","source_height_m":null,"source_levels":null,"display_height_m":26.0,"height_basis":"visual_fallback"},"geometry":{"type":"Polygon","coordinates":[[[139.769076,35.670662],[139.76903,35.670692],[139.769096,35.670759],[139.769142,35.670729],[139.769076,35.670662]]]}},{"type":"Feature","properties":{"osm_type":"way","osm_id":297882365,"building":"yes","source_height_m":null,"source_levels":null,"display_height_m":14.0,"height_basis":"visual_fallback"},"geometry":{"type":"Polygon","coordinates":[[[139.769037,35.666288],[139.76891,35.666189],[139.768839,35.666249],[139.768965,35.666349],[139.769037,35.666288]]]}},{"type":"Feature","properties":{"osm_type":"way","osm_id":297882366,"building":"yes","source_height_m":null,"source_levels":null,"display_height_m":17.0,"height_basis":"visual_fallback"},"geometry":{"type":"Polygon","coordinates":[[[139.768346,35.670676],[139.768468,35.6706],[139.768436,35.670566],[139.768314,35.670642],[139.768346,35.670676]]]}},{"type":"Feature","properties":{"osm_type":"way","osm_id":297882367,"building":"yes","source_height_m":null,"source_levels":null,"display_height_m":20.0,"height_basis":"visual_fallback"},"geometry":{"type":"Polygon","coordinates":[[[139.769142,35.670847],[139.76905,35.670906],[139.769093,35.670949],[139.769185,35.67089],[139.769142,35.670847]]]}},{"type":"Feature","properties":{"osm_type":"way","osm_id":297882369,"building":"yes","source_height_m":null,"source_levels":null,"display_height_m":26.0,"height_basis":"visual_fallback"},"geometry":{"type":"Polygon","coordinates":[[[139.768868,35.670607],[139.768842,35.67058],[139.768773,35.670625],[139.768799,35.670651],[139.768868,35.670607]]]}},{"type":"Feature","properties":{"osm_type":"way","osm_id":297882370,"building":"yes","source_height_m":null,"source_levels":null,"display_height_m":14.0,"height_basis":"visual_fallback"},"geometry":{"type":"Polygon","coordinates":[[[139.769139,35.671011],[139.769243,35.670944],[139.769217,35.670917],[139.769113,35.670985],[139.769139,35.671011]]]}},{"type":"Feature","properties":{"osm_type":"way","osm_id":297882372,"building":"yes","source_height_m":null,"source_levels":null,"display_height_m":20.0,"height_basis":"visual_fallback"},"geometry":{"type":"Polygon","coordinates":[[[139.768676,35.670636],[139.768587,35.670699],[139.768624,35.670733],[139.768713,35.67067],[139.768676,35.670636]]]}},{"type":"Feature","properties":{"osm_type":"way","osm_id":297882373,"building":"yes","source_height_m":null,"source_levels":null,"display_height_m":23.0,"height_basis":"visual_fallback"},"geometry":{"type":"Polygon","coordinates":[[[139.768787,35.667102],[139.768874,35.667166],[139.7689,35.667142],[139.768813,35.667079],[139.768787,35.667102]]]}},{"type":"Feature","properties":{"osm_type":"way","osm_id":297882374,"building":"yes","source_height_m":null,"source_levels":null,"display_height_m":26.0,"height_basis":"visual_fallback"},"geometry":{"type":"Polygon","coordinates":[[[139.767272,35.67099],[139.767198,35.670919],[139.767116,35.670976],[139.767191,35.671047],[139.767272,35.67099]]]}},{"type":"Feature","properties":{"osm_type":"way","osm_id":297882375,"building":"yes","source_height_m":null,"source_levels":null,"display_height_m":14.0,"height_basis":"visual_fallback"},"geometry":{"type":"Polygon","coordinates":[[[139.769836,35.667769],[139.76991,35.667711],[139.76985,35.667661],[139.769776,35.667719],[139.769836,35.667769]]]}},{"type":"Feature","properties":{"osm_type":"way","osm_id":297882377,"building":"yes","source_height_m":null,"source_levels":null,"display_height_m":20.0,"height_basis":"visual_fallback"},"geometry":{"type":"Polygon","coordinates":[[[139.769388,35.66632],[139.769249,35.66621],[139.769166,35.666279],[139.769306,35.666389],[139.769388,35.66632]]]}},{"type":"Feature","properties":{"osm_type":"way","osm_id":297882378,"building":"yes","source_height_m":null,"source_levels":null,"display_height_m":23.0,"height_basis":"visual_fallback"},"geometry":{"type":"Polygon","coordinates":[[[139.768474,35.669267],[139.768391,35.669195],[139.768327,35.669243],[139.76841,35.669315],[139.768474,35.669267]]]}},{"type":"Feature","properties":{"osm_type":"way","osm_id":297882379,"building":"yes","source_height_m":null,"source_levels":null,"display_height_m":26.0,"height_basis":"visual_fallback"},"geometry":{"type":"Polygon","coordinates":[[[139.768963,35.670819],[139.768984,35.67084],[139.769082,35.670776],[139.769061,35.670755],[139.768963,35.670819]]]}},{"type":"Feature","properties":{"osm_type":"way","osm_id":297882380,"building":"yes","source_height_m":null,"source_levels":null,"display_height_m":14.0,"height_basis":"visual_fallback"},"geometry":{"type":"Polygon","coordinates":[[[139.769172,35.670788],[139.769132,35.670747],[139.769105,35.670765],[139.769145,35.670806],[139.769172,35.670788]]]}},{"type":"Feature","properties":{"osm_type":"way","osm_id":297882381,"building":"yes","source_height_m":null,"source_levels":null,"display_height_m":17.0,"height_basis":"visual_fallback"},"geometry":{"type":"Polygon","coordinates":[[[139.769295,35.671174],[139.76933,35.671151],[139.769302,35.671123],[139.769267,35.671145],[139.769295,35.671174]]]}},{"type":"Feature","properties":{"osm_type":"way","osm_id":297882382,"building":"yes","source_height_m":null,"source_levels":null,"display_height_m":20.0,"height_basis":"visual_fallback"},"geometry":{"type":"Polygon","coordinates":[[[139.768284,35.670472],[139.768341,35.670525],[139.768434,35.670459],[139.768377,35.670406],[139.768284,35.670472]]]}},{"type":"Feature","properties":{"osm_type":"way","osm_id":297882383,"building":"yes","source_height_m":null,"source_levels":null,"display_height_m":23.0,"height_basis":"visual_fallback"},"geometry":{"type":"Polygon","coordinates":[[[139.768339,35.66735],[139.76841,35.667402],[139.768429,35.667384],[139.768358,35.667333],[139.768339,35.66735]]]}},{"type":"Feature","properties":{"osm_type":"way","osm_id":297882384,"building":"yes","source_height_m":null,"source_levels":null,"display_height_m":26.0,"height_basis":"visual_fallback"},"geometry":{"type":"Polygon","coordinates":[[[139.766714,35.670384],[139.766863,35.670525],[139.766975,35.670447],[139.766827,35.670305],[139.766714,35.670384]]]}},{"type":"Feature","properties":{"osm_type":"way","osm_id":297882385,"building":"yes","source_height_m":null,"source_levels":null,"display_height_m":14.0,"height_basis":"visual_fallback"},"geometry":{"type":"Polygon","coordinates":[[[139.769317,35.671025],[139.769396,35.671105],[139.769415,35.671092],[139.769337,35.671013],[139.769317,35.671025]]]}},{"type":"Feature","properties":{"osm_type":"way","osm_id":297882386,"building":"yes","source_height_m":null,"source_levels":null,"display_height_m":17.0,"height_basis":"visual_fallback"},"geometry":{"type":"Polygon","coordinates":[[[139.768771,35.670745],[139.768682,35.670809],[139.768706,35.670831],[139.768795,35.670768],[139.768771,35.670745]]]}},{"type":"Feature","properties":{"osm_type":"way","osm_id":297882387,"building":"yes","source_height_m":null,"source_levels":null,"display_height_m":20.0,"height_basis":"visual_fallback"},"geometry":{"type":"Polygon","coordinates":[[[139.768231,35.671474],[139.768145,35.671523],[139.768197,35.671582],[139.768283,35.671533],[139.768231,35.671474]]]}},{"type":"Feature","properties":{"osm_type":"way","osm_id":297882388,"building":"yes","source_height_m":null,"source_levels":null,"display_height_m":23.0,"height_basis":"visual_fallback"},"geometry":{"type":"Polygon","coordinates":[[[139.769006,35.666129],[139.769038,35.666103],[139.769006,35.666078],[139.768974,35.666104],[139.769006,35.666129]]]}},{"type":"Feature","properties":{"osm_type":"way","osm_id":297882390,"building":"yes","source_height_m":null,"source_levels":null,"display_height_m":14.0,"height_basis":"visual_fallback"},"geometry":{"type":"Polygon","coordinates":[[[139.769685,35.667996],[139.769629,35.667949],[139.769588,35.667982],[139.769644,35.668029],[139.769685,35.667996]]]}},{"type":"Feature","properties":{"osm_type":"way","osm_id":297882392,"building":"yes","source_height_m":null,"source_levels":null,"display_height_m":20.0,"height_basis":"visual_fallback"},"geometry":{"type":"Polygon","coordinates":[[[139.769149,35.670716],[139.769214,35.670673],[139.769145,35.670604],[139.76908,35.670646],[139.769149,35.670716]]]}},{"type":"Feature","properties":{"osm_type":"way","osm_id":297882393,"building":"yes","source_height_m":null,"source_levels":null,"display_height_m":23.0,"height_basis":"visual_fallback"},"geometry":{"type":"Polygon","coordinates":[[[139.768517,35.669314],[139.768457,35.66936],[139.768535,35.669428],[139.768595,35.669382],[139.768517,35.669314]]]}},{"type":"Feature","properties":{"osm_type":"way","osm_id":297882394,"building":"yes","source_height_m":null,"source_levels":null,"display_height_m":26.0,"height_basis":"visual_fallback"},"geometry":{"type":"Polygon","coordinates":[[[139.768925,35.671314],[139.768983,35.671372],[139.769014,35.671374],[139.769066,35.671341],[139.768994,35.671269],[139.768925,35.671314]]]}},{"type":"Feature","properties":{"osm_type":"way","osm_id":297882395,"building":"yes","source_height_m":null,"source_levels":null,"display_height_m":14.0,"height_basis":"visual_fallback"},"geometry":{"type":"Polygon","coordinates":[[[139.768512,35.670659],[139.768468,35.670612],[139.768354,35.670682],[139.768399,35.670729],[139.768512,35.670659]]]}},{"type":"Feature","properties":{"osm_type":"way","osm_id":297882396,"building":"yes","source_height_m":null,"source_levels":null,"display_height_m":17.0,"height_basis":"visual_fallback"},"geometry":{"type":"Polygon","coordinates":[[[139.76996,35.666239],[139.769697,35.666032],[139.769531,35.666171],[139.769795,35.666378],[139.76996,35.666239]]]}},{"type":"Feature","properties":{"osm_type":"way","osm_id":297882397,"building":"yes","source_height_m":null,"source_levels":null,"display_height_m":20.0,"height_basis":"visual_fallback"},"geometry":{"type":"Polygon","coordinates":[[[139.768526,35.670508],[139.768447,35.670564],[139.768529,35.67064],[139.768608,35.670584],[139.768526,35.670508]]]}},{"type":"Feature","properties":{"osm_type":"way","osm_id":297882398,"building":"yes","source_height_m":null,"source_levels":null,"display_height_m":23.0,"height_basis":"visual_fallback"},"geometry":{"type":"Polygon","coordinates":[[[139.768203,35.671589],[139.768308,35.67171],[139.768426,35.671642],[139.768322,35.671522],[139.768203,35.671589]]]}},{"type":"Feature","properties":{"osm_type":"way","osm_id":297882399,"building":"yes","source_height_m":null,"source_levels":null,"display_height_m":26.0,"height_basis":"visual_fallback"},"geometry":{"type":"Polygon","coordinates":[[[139.767045,35.670535],[139.766929,35.670616],[139.767038,35.670719],[139.767154,35.670638],[139.767045,35.670535]]]}},{"type":"Feature","properties":{"osm_type":"way","osm_id":297882401,"building":"yes","source_height_m":null,"source_levels":null,"display_height_m":17.0,"height_basis":"visual_fallback"},"geometry":{"type":"Polygon","coordinates":[[[139.768257,35.669198],[139.76831,35.669244],[139.768494,35.669105],[139.768441,35.669059],[139.768257,35.669198]]]}},{"type":"Feature","properties":{"osm_type":"way","osm_id":297882402,"building":"yes","source_height_m":null,"source_levels":null,"display_height_m":20.0,"height_basis":"visual_fallback"},"geometry":{"type":"Polygon","coordinates":[[[139.768931,35.67079],[139.769016,35.670735],[139.768997,35.670715],[139.768912,35.67077],[139.768931,35.67079]]]}},{"type":"Feature","properties":{"osm_type":"way","osm_id":297882403,"building":"yes","source_height_m":null,"source_levels":null,"display_height_m":23.0,"height_basis":"visual_fallback"},"geometry":{"type":"Polygon","coordinates":[[[139.769073,35.67122],[139.769138,35.671287],[139.769174,35.671264],[139.769109,35.671197],[139.769073,35.67122]]]}},{"type":"Feature","properties":{"osm_type":"way","osm_id":297882404,"building":"yes","source_height_m":null,"source_levels":null,"display_height_m":26.0,"height_basis":"visual_fallback"},"geometry":{"type":"Polygon","coordinates":[[[139.768288,35.671533],[139.768428,35.671451],[139.768378,35.671394],[139.768237,35.671476],[139.768288,35.671533]]]}},{"type":"Feature","properties":{"osm_type":"way","osm_id":297882405,"building":"yes","source_height_m":null,"source_levels":null,"display_height_m":14.0,"height_basis":"visual_fallback"},"geometry":{"type":"Polygon","coordinates":[[[139.770773,35.671041],[139.77081,35.67108],[139.770908,35.671018],[139.770872,35.670979],[139.770773,35.671041]]]}},{"type":"Feature","properties":{"osm_type":"way","osm_id":297882406,"building":"yes","source_height_m":null,"source_levels":null,"display_height_m":17.0,"height_basis":"visual_fallback"},"geometry":{"type":"Polygon","coordinates":[[[139.769239,35.670907],[139.769426,35.671096],[139.769567,35.671004],[139.769381,35.670815],[139.769239,35.670907]]]}},{"type":"Feature","properties":{"osm_type":"way","osm_id":297882408,"building":"yes","source_height_m":null,"source_levels":null,"display_height_m":23.0,"height_basis":"visual_fallback"},"geometry":{"type":"Polygon","coordinates":[[[139.767106,35.670966],[139.767193,35.670905],[139.767124,35.670839],[139.767036,35.6709],[139.767106,35.670966]]]}},{"type":"Feature","properties":{"osm_type":"way","osm_id":297882409,"building":"yes","source_height_m":null,"source_levels":null,"display_height_m":26.0,"height_basis":"visual_fallback"},"geometry":{"type":"Polygon","coordinates":[[[139.769222,35.669525],[139.769274,35.669569],[139.769315,35.669538],[139.769263,35.669494],[139.769222,35.669525]]]}},{"type":"Feature","properties":{"osm_type":"way","osm_id":297882410,"building":"yes","source_height_m":null,"source_levels":null,"display_height_m":14.0,"height_basis":"visual_fallback"},"geometry":{"type":"Polygon","coordinates":[[[139.769241,35.670821],[139.769302,35.670782],[139.769256,35.670736],[139.769196,35.670775],[139.769241,35.670821]]]}},{"type":"Feature","properties":{"osm_type":"way","osm_id":297882411,"building":"yes","source_height_m":null,"source_levels":null,"display_height_m":17.0,"height_basis":"visual_fallback"},"geometry":{"type":"Polygon","coordinates":[[[139.767773,35.671086],[139.767888,35.671219],[139.767967,35.67117],[139.76785,35.67104],[139.767773,35.671086]]]}},{"type":"Feature","properties":{"osm_type":"way","osm_id":297882413,"building":"yes","source_height_m":null,"source_levels":null,"display_height_m":23.0,"height_basis":"visual_fallback"},"geometry":{"type":"Polygon","coordinates":[[[139.767783,35.671594],[139.767677,35.671649],[139.767881,35.671909],[139.767987,35.671854],[139.767783,35.671594]]]}},{"type":"Feature","properties":{"osm_type":"way","osm_id":297882414,"building":"yes","source_height_m":null,"source_levels":null,"display_height_m":26.0,"height_basis":"visual_fallback"},"geometry":{"type":"Polygon","coordinates":[[[139.769071,35.669492],[139.769247,35.669347],[139.76922,35.669326],[139.769044,35.66947],[139.769071,35.669492]]]}},{"type":"Feature","properties":{"osm_type":"way","osm_id":297882415,"building":"yes","source_height_m":null,"source_levels":null,"display_height_m":14.0,"height_basis":"visual_fallback"},"geometry":{"type":"Polygon","coordinates":[[[139.769989,35.666863],[139.770272,35.666624],[139.770276,35.666475],[139.770159,35.666384],[139.769782,35.666702],[139.769989,35.666863]]]}},{"type":"Feature","properties":{"osm_type":"way","osm_id":297882416,"building":"yes","source_height_m":null,"source_levels":null,"display_height_m":17.0,"height_basis":"visual_fallback"},"geometry":{"type":"Polygon","coordinates":[[[139.768166,35.671738],[139.768134,35.671698],[139.767955,35.671794],[139.767988,35.671834],[139.768166,35.671738]]]}},{"type":"Feature","properties":{"osm_type":"way","osm_id":297882417,"building":"yes","source_height_m":null,"source_levels":null,"display_height_m":20.0,"height_basis":"visual_fallback"},"geometry":{"type":"Polygon","coordinates":[[[139.769261,35.671133],[139.769297,35.67111],[139.769287,35.671101],[139.769252,35.671124],[139.769261,35.671133]]]}},{"type":"Feature","properties":{"osm_type":"way","osm_id":297882418,"building":"yes","source_height_m":null,"source_levels":null,"display_height_m":23.0,"height_basis":"visual_fallback"},"geometry":{"type":"Polygon","coordinates":[[[139.766877,35.670531],[139.766943,35.670594],[139.767036,35.670529],[139.766969,35.670466],[139.766877,35.670531]]]}},{"type":"Feature","properties":{"osm_type":"way","osm_id":297882419,"building":"yes","source_height_m":null,"source_levels":null,"display_height_m":26.0,"height_basis":"visual_fallback"},"geometry":{"type":"Polygon","coordinates":[[[139.769014,35.669761],[139.769049,35.669734],[139.768975,35.669672],[139.768941,35.669699],[139.769014,35.669761]]]}},{"type":"Feature","properties":{"osm_type":"way","osm_id":297882420,"building":"yes","source_height_m":null,"source_levels":null,"display_height_m":14.0,"height_basis":"visual_fallback"},"geometry":{"type":"Polygon","coordinates":[[[139.769397,35.671115],[139.769354,35.671071],[139.76933,35.671087],[139.769373,35.671131],[139.769397,35.671115]]]}},{"type":"Feature","properties":{"osm_type":"way","osm_id":297882421,"building":"yes","source_height_m":null,"source_levels":null,"display_height_m":17.0,"height_basis":"visual_fallback"},"geometry":{"type":"Polygon","coordinates":[[[139.768111,35.671259],[139.768132,35.671246],[139.768142,35.671256],[139.768213,35.671214],[139.768158,35.671154],[139.768066,35.67121],[139.768111,35.671259]]]}},{"type":"Feature","properties":{"osm_type":"way","osm_id":297882422,"building":"yes","source_height_m":null,"source_levels":null,"display_height_m":20.0,"height_basis":"visual_fallback"},"geometry":{"type":"Polygon","coordinates":[[[139.769556,35.666501],[139.76953,35.66648],[139.769464,35.666536],[139.76949,35.666556],[139.769556,35.666501]]]}},{"type":"Feature","properties":{"osm_type":"way","osm_id":297882423,"building":"yes","source_height_m":null,"source_levels":null,"display_height_m":23.0,"height_basis":"visual_fallback"},"geometry":{"type":"Polygon","coordinates":[[[139.769298,35.669441],[139.769365,35.669499],[139.76937,35.66944],[139.769339,35.669409],[139.769298,35.669441]]]}},{"type":"Feature","properties":{"osm_type":"way","osm_id":297882425,"building":"yes","source_height_m":null,"source_levels":null,"display_height_m":14.0,"height_basis":"visual_fallback"},"geometry":{"type":"Polygon","coordinates":[[[139.76802,35.667008],[139.768303,35.667214],[139.768424,35.66711],[139.768146,35.666898],[139.76802,35.667008]]]}},{"type":"Feature","properties":{"osm_type":"way","osm_id":297882427,"building":"yes","source_height_m":null,"source_levels":null,"display_height_m":20.0,"height_basis":"visual_fallback"},"geometry":{"type":"Polygon","coordinates":[[[139.769121,35.669524],[139.76916,35.669556],[139.769277,35.66946],[139.769238,35.669429],[139.769121,35.669524]]]}},{"type":"Feature","properties":{"osm_type":"way","osm_id":297882428,"building":"yes","source_height_m":null,"source_levels":null,"display_height_m":23.0,"height_basis":"visual_fallback"},"geometry":{"type":"Polygon","coordinates":[[[139.769076,35.671334],[139.769123,35.671303],[139.769051,35.671231],[139.769005,35.671261],[139.769076,35.671334]]]}},{"type":"Feature","properties":{"osm_type":"way","osm_id":297882429,"building":"yes","source_height_m":null,"source_levels":null,"display_height_m":26.0,"height_basis":"visual_fallback"},"geometry":{"type":"Polygon","coordinates":[[[139.768698,35.670301],[139.768767,35.670257],[139.768689,35.670177],[139.76862,35.670222],[139.768698,35.670301]]]}},{"type":"Feature","properties":{"osm_type":"way","osm_id":297882430,"building":"yes","source_height_m":null,"source_levels":null,"display_height_m":14.0,"height_basis":"visual_fallback"},"geometry":{"type":"Polygon","coordinates":[[[139.769496,35.666166],[139.769682,35.66601],[139.769641,35.665979],[139.769456,35.666134],[139.769496,35.666166]]]}},{"type":"Feature","properties":{"osm_type":"way","osm_id":297882431,"building":"yes","source_height_m":null,"source_levels":null,"display_height_m":17.0,"height_basis":"visual_fallback"},"geometry":{"type":"Polygon","coordinates":[[[139.768319,35.670116],[139.768262,35.670065],[139.768185,35.670121],[139.768243,35.670172],[139.768319,35.670116]]]}},{"type":"Feature","properties":{"osm_type":"way","osm_id":297882432,"building":"yes","source_height_m":null,"source_levels":null,"display_height_m":20.0,"height_basis":"visual_fallback"},"geometry":{"type":"Polygon","coordinates":[[[139.768822,35.669664],[139.76885,35.669688],[139.768936,35.669621],[139.768908,35.669597],[139.768822,35.669664]]]}},{"type":"Feature","properties":{"osm_type":"way","osm_id":297882433,"building":"yes","source_height_m":null,"source_levels":null,"display_height_m":23.0,"height_basis":"visual_fallback"},"geometry":{"type":"Polygon","coordinates":[[[139.76922,35.671081],[139.769304,35.671027],[139.769242,35.670963],[139.769158,35.671018],[139.76922,35.671081]]]}},{"type":"Feature","properties":{"osm_type":"way","osm_id":297882434,"building":"commercial","source_height_m":null,"source_levels":null,"display_height_m":26.0,"height_basis":"visual_fallback"},"geometry":{"type":"Polygon","coordinates":[[[139.768315,35.671722],[139.768376,35.671786],[139.768405,35.671785],[139.768589,35.67167],[139.768591,35.671626],[139.768459,35.671486],[139.768353,35.671552],[139.76844,35.671644],[139.768315,35.671722]]]}},{"type":"Feature","properties":{"osm_type":"way","osm_id":297882435,"building":"hotel","source_height_m":null,"source_levels":null,"display_height_m":14.0,"height_basis":"visual_fallback"},"geometry":{"type":"Polygon","coordinates":[[[139.767053,35.670735],[139.767301,35.670981],[139.767435,35.670892],[139.767188,35.670645],[139.767053,35.670735]]]}},{"type":"Feature","properties":{"osm_type":"way","osm_id":297882436,"building":"yes","source_height_m":null,"source_levels":null,"display_height_m":17.0,"height_basis":"visual_fallback"},"geometry":{"type":"Polygon","coordinates":[[[139.769099,35.669696],[139.769153,35.669654],[139.769073,35.669587],[139.76902,35.669629],[139.769099,35.669696]]]}},{"type":"Feature","properties":{"osm_type":"way","osm_id":297882437,"building":"yes","source_height_m":null,"source_levels":null,"display_height_m":20.0,"height_basis":"visual_fallback"},"geometry":{"type":"Polygon","coordinates":[[[139.767768,35.671064],[139.767793,35.671068],[139.767968,35.670961],[139.767972,35.670942],[139.767869,35.670831],[139.767829,35.670826],[139.767666,35.670926],[139.767663,35.670951],[139.767768,35.671064]]]}},{"type":"Feature","properties":{"osm_type":"way","osm_id":297882439,"building":"yes","source_height_m":null,"source_levels":null,"display_height_m":26.0,"height_basis":"visual_fallback"},"geometry":{"type":"Polygon","coordinates":[[[139.768722,35.670474],[139.768762,35.670448],[139.768716,35.670402],[139.768676,35.670428],[139.768722,35.670474]]]}},{"type":"Feature","properties":{"osm_type":"way","osm_id":297882441,"building":"yes","source_height_m":null,"source_levels":null,"display_height_m":17.0,"height_basis":"visual_fallback"},"geometry":{"type":"Polygon","coordinates":[[[139.768595,35.669825],[139.768573,35.669841],[139.768618,35.669881],[139.76864,35.669866],[139.768595,35.669825]]]}},{"type":"Feature","properties":{"osm_type":"way","osm_id":297882442,"building":"yes","source_height_m":null,"source_levels":null,"display_height_m":20.0,"height_basis":"visual_fallback"},"geometry":{"type":"Polygon","coordinates":[[[139.768753,35.669508],[139.768796,35.669474],[139.768745,35.669431],[139.768702,35.669464],[139.768753,35.669508]]]}},{"type":"Feature","properties":{"osm_type":"way","osm_id":297882443,"building":"yes","source_height_m":null,"source_levels":null,"display_height_m":23.0,"height_basis":"visual_fallback"},"geometry":{"type":"Polygon","coordinates":[[[139.769183,35.671256],[139.769241,35.671218],[139.769171,35.671147],[139.769113,35.671185],[139.769183,35.671256]]]}},{"type":"Feature","properties":{"osm_type":"way","osm_id":297882444,"building":"yes","source_height_m":null,"source_levels":null,"display_height_m":26.0,"height_basis":"visual_fallback"},"geometry":{"type":"Polygon","coordinates":[[[139.768047,35.671938],[139.7681,35.672001],[139.768126,35.671987],[139.768073,35.671924],[139.768047,35.671938]]]}},{"type":"Feature","properties":{"osm_type":"way","osm_id":297882446,"building":"yes","source_height_m":null,"source_levels":null,"display_height_m":17.0,"height_basis":"visual_fallback"},"geometry":{"type":"Polygon","coordinates":[[[139.769474,35.666675],[139.769413,35.666627],[139.769349,35.66668],[139.769411,35.666728],[139.769474,35.666675]]]}},{"type":"Feature","properties":{"osm_type":"way","osm_id":297882447,"building":"yes","source_height_m":40.0,"source_levels":12.0,"display_height_m":40.0,"height_basis":"osm_height"},"geometry":{"type":"Polygon","coordinates":[[[139.768129,35.671499],[139.768349,35.671371],[139.768221,35.671225],[139.768001,35.671352],[139.768129,35.671499]]]}},{"type":"Feature","properties":{"osm_type":"way","osm_id":297882448,"building":"yes","source_height_m":null,"source_levels":null,"display_height_m":23.0,"height_basis":"visual_fallback"},"geometry":{"type":"Polygon","coordinates":[[[139.769634,35.666543],[139.769617,35.66653],[139.769535,35.666599],[139.769552,35.666612],[139.769634,35.666543]]]}},{"type":"Feature","properties":{"osm_type":"way","osm_id":297882449,"building":"yes","source_height_m":null,"source_levels":null,"display_height_m":26.0,"height_basis":"visual_fallback"},"geometry":{"type":"Polygon","coordinates":[[[139.769323,35.669536],[139.769359,35.669508],[139.769298,35.669456],[139.769262,35.669485],[139.769323,35.669536]]]}},{"type":"Feature","properties":{"osm_type":"way","osm_id":297882450,"building":"yes","source_height_m":null,"source_levels":null,"display_height_m":14.0,"height_basis":"visual_fallback"},"geometry":{"type":"Polygon","coordinates":[[[139.768988,35.670642],[139.76895,35.670604],[139.768923,35.670622],[139.76896,35.670659],[139.768988,35.670642]]]}},{"type":"Feature","properties":{"osm_type":"way","osm_id":297882451,"building":"yes","source_height_m":null,"source_levels":null,"display_height_m":17.0,"height_basis":"visual_fallback"},"geometry":{"type":"Polygon","coordinates":[[[139.768723,35.669959],[139.768789,35.66991],[139.768705,35.669835],[139.768638,35.669884],[139.768723,35.669959]]]}},{"type":"Feature","properties":{"osm_type":"way","osm_id":297882452,"building":"yes","source_height_m":null,"source_levels":null,"display_height_m":20.0,"height_basis":"visual_fallback"},"geometry":{"type":"Polygon","coordinates":[[[139.767954,35.667411],[139.768219,35.667172],[139.768009,35.667025],[139.767886,35.667129],[139.767954,35.667411]]]}},{"type":"Feature","properties":{"osm_type":"way","osm_id":297882454,"building":"yes","source_height_m":null,"source_levels":null,"display_height_m":26.0,"height_basis":"visual_fallback"},"geometry":{"type":"Polygon","coordinates":[[[139.768763,35.670373],[139.768803,35.670414],[139.768878,35.670366],[139.768837,35.670324],[139.768763,35.670373]]]}},{"type":"Feature","properties":{"osm_type":"way","osm_id":297882455,"building":"yes","source_height_m":null,"source_levels":null,"display_height_m":14.0,"height_basis":"visual_fallback"},"geometry":{"type":"Polygon","coordinates":[[[139.767887,35.671916],[139.768007,35.672058],[139.768101,35.672005],[139.767981,35.671864],[139.767887,35.671916]]]}},{"type":"Feature","properties":{"osm_type":"way","osm_id":297882456,"building":"yes","source_height_m":null,"source_levels":null,"display_height_m":17.0,"height_basis":"visual_fallback"},"geometry":{"type":"Polygon","coordinates":[[[139.769086,35.669493],[139.769117,35.669518],[139.769153,35.669488],[139.769123,35.669463],[139.769086,35.669493]]]}},{"type":"Feature","properties":{"osm_type":"way","osm_id":297882457,"building":"yes","source_height_m":null,"source_levels":null,"display_height_m":20.0,"height_basis":"visual_fallback"},"geometry":{"type":"Polygon","coordinates":[[[139.76987,35.666455],[139.77005,35.666304],[139.769997,35.666262],[139.769817,35.666413],[139.76987,35.666455]]]}},{"type":"Feature","properties":{"osm_type":"way","osm_id":297882458,"building":"yes","source_height_m":null,"source_levels":null,"display_height_m":23.0,"height_basis":"visual_fallback"},"geometry":{"type":"Polygon","coordinates":[[[139.768532,35.669871],[139.76852,35.66988],[139.768574,35.669928],[139.768586,35.669919],[139.768532,35.669871]]]}},{"type":"Feature","properties":{"osm_type":"way","osm_id":297882459,"building":"yes","source_height_m":null,"source_levels":null,"display_height_m":26.0,"height_basis":"visual_fallback"},"geometry":{"type":"Polygon","coordinates":[[[139.769146,35.666595],[139.769012,35.666708],[139.769134,35.666804],[139.769268,35.666691],[139.769146,35.666595]]]}},{"type":"Feature","properties":{"osm_type":"way","osm_id":297882460,"building":"yes","source_height_m":null,"source_levels":null,"display_height_m":14.0,"height_basis":"visual_fallback"},"geometry":{"type":"Polygon","coordinates":[[[139.768757,35.669587],[139.768769,35.669598],[139.768782,35.669609],[139.768864,35.669545],[139.768839,35.669523],[139.768757,35.669587]]]}},{"type":"Feature","properties":{"osm_type":"way","osm_id":297882461,"building":"yes","source_height_m":null,"source_levels":null,"display_height_m":17.0,"height_basis":"visual_fallback"},"geometry":{"type":"Polygon","coordinates":[[[139.767948,35.671793],[139.768127,35.671697],[139.768072,35.67163],[139.767893,35.671725],[139.767948,35.671793]]]}},{"type":"Feature","properties":{"osm_type":"way","osm_id":297882462,"building":"yes","source_height_m":null,"source_levels":null,"display_height_m":20.0,"height_basis":"visual_fallback"},"geometry":{"type":"Polygon","coordinates":[[[139.768635,35.670374],[139.768567,35.670418],[139.768612,35.670463],[139.768679,35.670419],[139.768635,35.670374]]]}},{"type":"Feature","properties":{"osm_type":"way","osm_id":297882463,"building":"yes","source_height_m":null,"source_levels":null,"display_height_m":23.0,"height_basis":"visual_fallback"},"geometry":{"type":"Polygon","coordinates":[[[139.769283,35.666711],[139.769339,35.666755],[139.769375,35.666725],[139.769319,35.666681],[139.769283,35.666711]]]}},{"type":"Feature","properties":{"osm_type":"way","osm_id":297882464,"building":"yes","source_height_m":null,"source_levels":null,"display_height_m":26.0,"height_basis":"visual_fallback"},"geometry":{"type":"Polygon","coordinates":[[[139.768985,35.669666],[139.769056,35.669726],[139.76909,35.6697],[139.769019,35.66964],[139.768985,35.669666]]]}},{"type":"Feature","properties":{"osm_type":"way","osm_id":297882465,"building":"yes","source_height_m":null,"source_levels":null,"display_height_m":14.0,"height_basis":"visual_fallback"},"geometry":{"type":"Polygon","coordinates":[[[139.768952,35.670429],[139.768843,35.6705],[139.768874,35.670531],[139.768983,35.67046],[139.768952,35.670429]]]}},{"type":"Feature","properties":{"osm_type":"way","osm_id":297882466,"building":"yes","source_height_m":null,"source_levels":null,"display_height_m":17.0,"height_basis":"visual_fallback"},"geometry":{"type":"Polygon","coordinates":[[[139.768669,35.670514],[139.768688,35.670502],[139.768645,35.670458],[139.768626,35.67047],[139.768669,35.670514]]]}},{"type":"Feature","properties":{"osm_type":"way","osm_id":297882467,"building":"yes","source_height_m":null,"source_levels":null,"display_height_m":20.0,"height_basis":"visual_fallback"},"geometry":{"type":"Polygon","coordinates":[[[139.768825,35.666263],[139.768644,35.666415],[139.768782,35.666524],[139.768963,35.666372],[139.768825,35.666263]]]}},{"type":"Feature","properties":{"osm_type":"way","osm_id":297882468,"building":"yes","source_height_m":null,"source_levels":null,"display_height_m":23.0,"height_basis":"visual_fallback"},"geometry":{"type":"Polygon","coordinates":[[[139.769033,35.669442],[139.769206,35.6693],[139.769051,35.669176],[139.768878,35.669317],[139.769033,35.669442]]]}},{"type":"Feature","properties":{"osm_type":"way","osm_id":297882469,"building":"yes","source_height_m":null,"source_levels":null,"display_height_m":26.0,"height_basis":"visual_fallback"},"geometry":{"type":"Polygon","coordinates":[[[139.769227,35.666873],[139.769318,35.666945],[139.769488,35.666802],[139.769397,35.66673],[139.769227,35.666873]]]}},{"type":"Feature","properties":{"osm_type":"way","osm_id":297882470,"building":"yes","source_height_m":null,"source_levels":null,"display_height_m":14.0,"height_basis":"visual_fallback"},"geometry":{"type":"Polygon","coordinates":[[[139.76818,35.670127],[139.76814,35.670157],[139.768192,35.670203],[139.768231,35.670173],[139.76818,35.670127]]]}},{"type":"Feature","properties":{"osm_type":"way","osm_id":297882471,"building":"yes","source_height_m":null,"source_levels":null,"display_height_m":17.0,"height_basis":"visual_fallback"},"geometry":{"type":"Polygon","coordinates":[[[139.76877,35.670618],[139.768875,35.670549],[139.768853,35.670527],[139.768748,35.670595],[139.76877,35.670618]]]}},{"type":"Feature","properties":{"osm_type":"way","osm_id":297882472,"building":"yes","source_height_m":null,"source_levels":null,"display_height_m":20.0,"height_basis":"visual_fallback"},"geometry":{"type":"Polygon","coordinates":[[[139.768914,35.667135],[139.768961,35.667093],[139.768888,35.66704],[139.768841,35.667082],[139.768914,35.667135]]]}},{"type":"Feature","properties":{"osm_type":"way","osm_id":297882473,"building":"yes","source_height_m":null,"source_levels":null,"display_height_m":23.0,"height_basis":"visual_fallback"},"geometry":{"type":"Polygon","coordinates":[[[139.769225,35.669612],[139.769269,35.669578],[139.769207,35.669525],[139.769164,35.669559],[139.769225,35.669612]]]}},{"type":"Feature","properties":{"osm_type":"way","osm_id":297882474,"building":"yes","source_height_m":null,"source_levels":null,"display_height_m":26.0,"height_basis":"visual_fallback"},"geometry":{"type":"Polygon","coordinates":[[[139.768655,35.670006],[139.768682,35.669987],[139.768605,35.669918],[139.768578,35.669938],[139.768655,35.670006]]]}},{"type":"Feature","properties":{"osm_type":"way","osm_id":297882475,"building":"yes","source_height_m":null,"source_levels":null,"display_height_m":14.0,"height_basis":"visual_fallback"},"geometry":{"type":"Polygon","coordinates":[[[139.769318,35.666404],[139.769419,35.666483],[139.769482,35.66643],[139.769381,35.666351],[139.769318,35.666404]]]}},{"type":"Feature","properties":{"osm_type":"way","osm_id":297882477,"building":"yes","source_height_m":null,"source_levels":null,"display_height_m":20.0,"height_basis":"visual_fallback"},"geometry":{"type":"Polygon","coordinates":[[[139.768644,35.669798],[139.768685,35.669835],[139.768721,35.669808],[139.768817,35.669894],[139.768859,35.669863],[139.768721,35.669741],[139.768644,35.669798]]]}},{"type":"Feature","properties":{"osm_type":"way","osm_id":297882478,"building":"yes","source_height_m":null,"source_levels":null,"display_height_m":23.0,"height_basis":"visual_fallback"},"geometry":{"type":"Polygon","coordinates":[[[139.768878,35.670538],[139.768914,35.670575],[139.768961,35.670544],[139.769001,35.670583],[139.769075,35.670535],[139.769,35.670459],[139.768878,35.670538]]]}},{"type":"Feature","properties":{"osm_type":"way","osm_id":297882480,"building":"yes","source_height_m":null,"source_levels":null,"display_height_m":14.0,"height_basis":"visual_fallback"},"geometry":{"type":"Polygon","coordinates":[[[139.768625,35.669509],[139.768747,35.669415],[139.768672,35.669351],[139.76865,35.669368],[139.768688,35.6694],[139.768588,35.669478],[139.768625,35.669509]]]}},{"type":"Feature","properties":{"osm_type":"way","osm_id":297882481,"building":"yes","source_height_m":null,"source_levels":null,"display_height_m":17.0,"height_basis":"visual_fallback"},"geometry":{"type":"Polygon","coordinates":[[[139.769619,35.665972],[139.769427,35.665821],[139.769386,35.665856],[139.769326,35.665808],[139.769202,35.665912],[139.769454,35.66611],[139.769619,35.665972]]]}},{"type":"Feature","properties":{"osm_type":"way","osm_id":297882482,"building":"yes","source_height_m":null,"source_levels":null,"display_height_m":20.0,"height_basis":"visual_fallback"},"geometry":{"type":"Polygon","coordinates":[[[139.768278,35.670055],[139.768338,35.670108],[139.768367,35.670086],[139.768455,35.670164],[139.768519,35.670117],[139.768372,35.669986],[139.768278,35.670055]]]}},{"type":"Feature","properties":{"osm_type":"way","osm_id":297882484,"building":"yes","source_height_m":null,"source_levels":null,"display_height_m":26.0,"height_basis":"visual_fallback"},"geometry":{"type":"Polygon","coordinates":[[[139.76858,35.67093],[139.768702,35.670854],[139.768635,35.670782],[139.768532,35.670845],[139.768549,35.670862],[139.768529,35.670875],[139.76858,35.67093]]]}},{"type":"Feature","properties":{"osm_type":"way","osm_id":297882485,"building":"yes","source_height_m":null,"source_levels":null,"display_height_m":14.0,"height_basis":"visual_fallback"},"geometry":{"type":"Polygon","coordinates":[[[139.768578,35.669457],[139.768586,35.669463],[139.768592,35.669469],[139.768663,35.669414],[139.768656,35.669409],[139.768649,35.669402],[139.768578,35.669457]]]}},{"type":"Feature","properties":{"osm_type":"way","osm_id":297882486,"building":"yes","source_height_m":null,"source_levels":null,"display_height_m":17.0,"height_basis":"visual_fallback"},"geometry":{"type":"Polygon","coordinates":[[[139.770559,35.670863],[139.770736,35.67105],[139.770867,35.670968],[139.770901,35.671003],[139.771045,35.670913],[139.770833,35.670691],[139.770559,35.670863]]]}},{"type":"Feature","properties":{"osm_type":"way","osm_id":297882487,"building":"yes","source_height_m":null,"source_levels":null,"display_height_m":20.0,"height_basis":"visual_fallback"},"geometry":{"type":"Polygon","coordinates":[[[139.768512,35.670861],[139.768527,35.670851],[139.768512,35.670835],[139.768609,35.670775],[139.768571,35.670733],[139.768458,35.670803],[139.768512,35.670861]]]}},{"type":"Feature","properties":{"osm_type":"way","osm_id":297882488,"building":"yes","source_height_m":null,"source_levels":null,"display_height_m":23.0,"height_basis":"visual_fallback"},"geometry":{"type":"Polygon","coordinates":[[[139.768306,35.670629],[139.768529,35.67049],[139.768491,35.670449],[139.768338,35.670544],[139.768276,35.670481],[139.768234,35.670549],[139.768306,35.670629]]]}},{"type":"Feature","properties":{"osm_type":"way","osm_id":297882489,"building":"yes","source_height_m":null,"source_levels":null,"display_height_m":26.0,"height_basis":"visual_fallback"},"geometry":{"type":"Polygon","coordinates":[[[139.769807,35.666531],[139.769655,35.666411],[139.769581,35.666473],[139.769645,35.666524],[139.769662,35.66651],[139.769749,35.666579],[139.769807,35.666531]]]}},{"type":"Feature","properties":{"osm_type":"way","osm_id":297882491,"building":"yes","source_height_m":null,"source_levels":null,"display_height_m":17.0,"height_basis":"visual_fallback"},"geometry":{"type":"Polygon","coordinates":[[[139.769147,35.669448],[139.769181,35.669475],[139.769252,35.669416],[139.769281,35.669439],[139.769328,35.6694],[139.769266,35.669351],[139.769147,35.669448]]]}},{"type":"Feature","properties":{"osm_type":"way","osm_id":297882492,"building":"yes","source_height_m":null,"source_levels":null,"display_height_m":20.0,"height_basis":"visual_fallback"},"geometry":{"type":"Polygon","coordinates":[[[139.768786,35.671165],[139.768869,35.671111],[139.768833,35.671074],[139.768873,35.671048],[139.7688,35.670975],[139.768677,35.671055],[139.768786,35.671165]]]}},{"type":"Feature","properties":{"osm_type":"way","osm_id":297882493,"building":"yes","source_height_m":null,"source_levels":null,"display_height_m":23.0,"height_basis":"visual_fallback"},"geometry":{"type":"Polygon","coordinates":[[[139.767484,35.671395],[139.76767,35.671621],[139.767928,35.671481],[139.767764,35.67128],[139.767596,35.671371],[139.767575,35.671345],[139.767484,35.671395]]]}},{"type":"Feature","properties":{"osm_type":"way","osm_id":297882495,"building":"yes","source_height_m":null,"source_levels":null,"display_height_m":14.0,"height_basis":"visual_fallback"},"geometry":{"type":"Polygon","coordinates":[[[139.768856,35.669691],[139.768891,35.669721],[139.769062,35.669588],[139.769001,35.669536],[139.768938,35.669585],[139.768964,35.669607],[139.768856,35.669691]]]}},{"type":"Feature","properties":{"osm_type":"way","osm_id":297882496,"building":"commercial","source_height_m":null,"source_levels":null,"display_height_m":17.0,"height_basis":"visual_fallback"},"geometry":{"type":"Polygon","coordinates":[[[139.767991,35.670275],[139.7681,35.670392],[139.768136,35.670396],[139.768286,35.670285],[139.768209,35.670213],[139.768189,35.670228],[139.768129,35.670172],[139.767991,35.670275]]]}},{"type":"Feature","properties":{"osm_type":"way","osm_id":297882497,"building":"yes","source_height_m":null,"source_levels":null,"display_height_m":20.0,"height_basis":"visual_fallback"},"geometry":{"type":"Polygon","coordinates":[[[139.768207,35.670202],[139.768291,35.670276],[139.768333,35.670244],[139.768277,35.670195],[139.768263,35.670206],[139.768235,35.670181],[139.768207,35.670202]]]}},{"type":"Feature","properties":{"osm_type":"way","osm_id":297882498,"building":"yes","source_height_m":null,"source_levels":13.0,"display_height_m":41.6,"height_basis":"osm_levels_x_3.2m"},"geometry":{"type":"Polygon","coordinates":[[[139.766551,35.670796],[139.766634,35.67074],[139.766657,35.670763],[139.76674,35.670707],[139.76656,35.670532],[139.76638,35.670558],[139.766415,35.670664],[139.766551,35.670796]]]}},{"type":"Feature","properties":{"osm_type":"way","osm_id":297882499,"building":"yes","source_height_m":null,"source_levels":null,"display_height_m":26.0,"height_basis":"visual_fallback"},"geometry":{"type":"Polygon","coordinates":[[[139.766581,35.666957],[139.76703,35.667288],[139.767353,35.666999],[139.767295,35.666711],[139.767029,35.666488],[139.766595,35.666877],[139.766637,35.666908],[139.766581,35.666957]]]}},{"type":"Feature","properties":{"osm_type":"way","osm_id":297882500,"building":"yes","source_height_m":null,"source_levels":null,"display_height_m":14.0,"height_basis":"visual_fallback"},"geometry":{"type":"Polygon","coordinates":[[[139.769239,35.671111],[139.769245,35.671117],[139.769292,35.671086],[139.7693,35.671095],[139.769345,35.671065],[139.769318,35.671037],[139.769226,35.671098],[139.769239,35.671111]]]}},{"type":"Feature","properties":{"osm_type":"way","osm_id":297882501,"building":"commercial","source_height_m":null,"source_levels":null,"display_height_m":17.0,"height_basis":"visual_fallback"},"geometry":{"type":"Polygon","coordinates":[[[139.768282,35.667726],[139.768331,35.667766],[139.768339,35.66776],[139.768393,35.667806],[139.768355,35.667843],[139.768469,35.667933],[139.768584,35.667951],[139.768628,35.667921],[139.768663,35.667943],[139.769026,35.66764],[139.768695,35.667386],[139.768282,35.667726]]]}},{"type":"Feature","properties":{"osm_type":"way","osm_id":297882502,"building":"yes","source_height_m":52.0,"source_levels":16.0,"display_height_m":52.0,"height_basis":"osm_height"},"geometry":{"type":"Polygon","coordinates":[[[139.769012,35.670978],[139.768871,35.67107],[139.768911,35.67111],[139.7688,35.671181],[139.768894,35.671276],[139.768984,35.671217],[139.769002,35.671236],[139.769162,35.671131],[139.769012,35.670978]]]}},{"type":"Feature","properties":{"osm_type":"way","osm_id":297882505,"building":"yes","source_height_m":null,"source_levels":null,"display_height_m":14.0,"height_basis":"visual_fallback"},"geometry":{"type":"Polygon","coordinates":[[[139.767948,35.667431],[139.76809,35.66753],[139.768039,35.667579],[139.768125,35.667644],[139.768359,35.667445],[139.768191,35.667325],[139.768287,35.667238],[139.768224,35.667191],[139.767948,35.667431]]]}},{"type":"Feature","properties":{"osm_type":"way","osm_id":309517740,"building":"yes","source_height_m":null,"source_levels":null,"display_height_m":14.0,"height_basis":"visual_fallback"},"geometry":{"type":"Polygon","coordinates":[[[139.769752,35.673416],[139.769799,35.673389],[139.769745,35.673326],[139.769847,35.673269],[139.769834,35.673254],[139.769972,35.673177],[139.769929,35.673127],[139.76969,35.673261],[139.769674,35.673243],[139.769626,35.673269],[139.769752,35.673416]]]}},{"type":"Feature","properties":{"osm_type":"way","osm_id":309517741,"building":"yes","source_height_m":null,"source_levels":null,"display_height_m":17.0,"height_basis":"visual_fallback"},"geometry":{"type":"Polygon","coordinates":[[[139.76917,35.672298],[139.769108,35.672224],[139.769014,35.672276],[139.76898,35.672235],[139.768804,35.672331],[139.76888,35.672423],[139.768958,35.67238],[139.768949,35.672369],[139.768997,35.672343],[139.769026,35.672377],[139.76917,35.672298]]]}},{"type":"Feature","properties":{"osm_type":"way","osm_id":309517745,"building":"yes","source_height_m":null,"source_levels":null,"display_height_m":14.0,"height_basis":"visual_fallback"},"geometry":{"type":"Polygon","coordinates":[[[139.770836,35.67221],[139.77092,35.672178],[139.770889,35.672125],[139.770806,35.672157],[139.770836,35.67221]]]}},{"type":"Feature","properties":{"osm_type":"way","osm_id":309517750,"building":"yes","source_height_m":null,"source_levels":null,"display_height_m":14.0,"height_basis":"visual_fallback"},"geometry":{"type":"Polygon","coordinates":[[[139.769515,35.672897],[139.769455,35.67293],[139.769554,35.673046],[139.769614,35.673012],[139.769515,35.672897]]]}},{"type":"Feature","properties":{"osm_type":"way","osm_id":309517752,"building":"yes","source_height_m":null,"source_levels":null,"display_height_m":20.0,"height_basis":"visual_fallback"},"geometry":{"type":"Polygon","coordinates":[[[139.76861,35.672303],[139.768442,35.672394],[139.768535,35.672506],[139.768702,35.672414],[139.76861,35.672303]]]}},{"type":"Feature","properties":{"osm_type":"way","osm_id":309517754,"building":"yes","source_height_m":null,"source_levels":null,"display_height_m":26.0,"height_basis":"visual_fallback"},"geometry":{"type":"Polygon","coordinates":[[[139.769462,35.67318],[139.769534,35.673255],[139.769737,35.673125],[139.769665,35.673051],[139.769462,35.67318]]]}},{"type":"Feature","properties":{"osm_type":"way","osm_id":309517760,"building":"yes","source_height_m":null,"source_levels":null,"display_height_m":14.0,"height_basis":"visual_fallback"},"geometry":{"type":"Polygon","coordinates":[[[139.769624,35.673381],[139.769641,35.673398],[139.769691,35.673367],[139.769673,35.673349],[139.769624,35.673381]]]}},{"type":"Feature","properties":{"osm_type":"way","osm_id":309517765,"building":"yes","source_height_m":null,"source_levels":null,"display_height_m":14.0,"height_basis":"visual_fallback"},"geometry":{"type":"Polygon","coordinates":[[[139.769345,35.672477],[139.769326,35.672453],[139.769259,35.67249],[139.769278,35.672514],[139.769345,35.672477]]]}},{"type":"Feature","properties":{"osm_type":"way","osm_id":309517767,"building":"yes","source_height_m":null,"source_levels":null,"display_height_m":20.0,"height_basis":"visual_fallback"},"geometry":{"type":"Polygon","coordinates":[[[139.769778,35.672967],[139.769733,35.672915],[139.769617,35.672981],[139.769661,35.673033],[139.769778,35.672967]]]}},{"type":"Feature","properties":{"osm_type":"way","osm_id":309517769,"building":"yes","source_height_m":null,"source_levels":null,"display_height_m":26.0,"height_basis":"visual_fallback"},"geometry":{"type":"Polygon","coordinates":[[[139.77105,35.67179],[139.771089,35.671768],[139.771056,35.671728],[139.771016,35.671749],[139.77105,35.67179]]]}},{"type":"Feature","properties":{"osm_type":"way","osm_id":309517774,"building":"yes","source_height_m":null,"source_levels":null,"display_height_m":26.0,"height_basis":"visual_fallback"},"geometry":{"type":"Polygon","coordinates":[[[139.768599,35.672574],[139.768639,35.672622],[139.768798,35.672535],[139.768758,35.672487],[139.768599,35.672574]]]}},{"type":"Feature","properties":{"osm_type":"way","osm_id":309517775,"building":"yes","source_height_m":null,"source_levels":null,"display_height_m":14.0,"height_basis":"visual_fallback"},"geometry":{"type":"Polygon","coordinates":[[[139.769147,35.672621],[139.769062,35.672667],[139.769101,35.672714],[139.769185,35.672668],[139.769147,35.672621]]]}},{"type":"Feature","properties":{"osm_type":"way","osm_id":309517777,"building":"yes","source_height_m":null,"source_levels":null,"display_height_m":20.0,"height_basis":"visual_fallback"},"geometry":{"type":"Polygon","coordinates":[[[139.769655,35.673325],[139.7696,35.67336],[139.769615,35.673375],[139.769669,35.67334],[139.769655,35.673325]]]}},{"type":"Feature","properties":{"osm_type":"way","osm_id":309517778,"building":"yes","source_height_m":null,"source_levels":null,"display_height_m":23.0,"height_basis":"visual_fallback"},"geometry":{"type":"Polygon","coordinates":[[[139.769498,35.674098],[139.769586,35.674047],[139.769519,35.673976],[139.769435,35.674027],[139.769498,35.674098]]]}},{"type":"Feature","properties":{"osm_type":"way","osm_id":309517779,"building":"yes","source_height_m":null,"source_levels":null,"display_height_m":26.0,"height_basis":"visual_fallback"},"geometry":{"type":"Polygon","coordinates":[[[139.770188,35.673763],[139.770164,35.673732],[139.770091,35.673769],[139.770115,35.6738],[139.770188,35.673763]]]}},{"type":"Feature","properties":{"osm_type":"way","osm_id":309517791,"building":"yes","source_height_m":null,"source_levels":null,"display_height_m":17.0,"height_basis":"visual_fallback"},"geometry":{"type":"Polygon","coordinates":[[[139.769036,35.67263],[139.769055,35.672652],[139.769137,35.672608],[139.769118,35.672585],[139.769036,35.67263]]]}},{"type":"Feature","properties":{"osm_type":"way","osm_id":309517793,"building":"yes","source_height_m":null,"source_levels":null,"display_height_m":23.0,"height_basis":"visual_fallback"},"geometry":{"type":"Polygon","coordinates":[[[139.769296,35.673743],[139.768871,35.67327],[139.768736,35.67335],[139.769161,35.673823],[139.769296,35.673743]]]}},{"type":"Feature","properties":{"osm_type":"way","osm_id":309517794,"building":"yes","source_height_m":null,"source_levels":null,"display_height_m":26.0,"height_basis":"visual_fallback"},"geometry":{"type":"Polygon","coordinates":[[[139.769517,35.67302],[139.769402,35.6729],[139.769289,35.672972],[139.769404,35.673091],[139.769517,35.67302]]]}},{"type":"Feature","properties":{"osm_type":"way","osm_id":309517795,"building":"yes","source_height_m":null,"source_levels":null,"display_height_m":14.0,"height_basis":"visual_fallback"},"geometry":{"type":"Polygon","coordinates":[[[139.769643,35.673202],[139.769534,35.673271],[139.769558,35.673296],[139.769667,35.673227],[139.769643,35.673202]]]}},{"type":"Feature","properties":{"osm_type":"way","osm_id":309517798,"building":"yes","source_height_m":null,"source_levels":null,"display_height_m":23.0,"height_basis":"visual_fallback"},"geometry":{"type":"Polygon","coordinates":[[[139.770232,35.673467],[139.770103,35.673545],[139.770122,35.673565],[139.770094,35.673583],[139.770235,35.673741],[139.770261,35.673725],[139.770282,35.67375],[139.770417,35.673661],[139.770232,35.673467]]]}},{"type":"Feature","properties":{"osm_type":"way","osm_id":309517803,"building":"yes","source_height_m":null,"source_levels":null,"display_height_m":23.0,"height_basis":"visual_fallback"},"geometry":{"type":"Polygon","coordinates":[[[139.769612,35.672974],[139.769732,35.672906],[139.76969,35.672858],[139.76957,35.672925],[139.769612,35.672974]]]}},{"type":"Feature","properties":{"osm_type":"way","osm_id":309517804,"building":"yes","source_height_m":null,"source_levels":null,"display_height_m":26.0,"height_basis":"visual_fallback"},"geometry":{"type":"Polygon","coordinates":[[[139.769403,35.673103],[139.769441,35.673142],[139.769534,35.673083],[139.769496,35.673044],[139.769403,35.673103]]]}},{"type":"Feature","properties":{"osm_type":"way","osm_id":309517807,"building":"yes","source_height_m":null,"source_levels":null,"display_height_m":20.0,"height_basis":"visual_fallback"},"geometry":{"type":"Polygon","coordinates":[[[139.769289,35.672521],[139.76932,35.672558],[139.769385,35.672522],[139.769355,35.672485],[139.769289,35.672521]]]}},{"type":"Feature","properties":{"osm_type":"way","osm_id":309517809,"building":"yes","source_height_m":null,"source_levels":null,"display_height_m":26.0,"height_basis":"visual_fallback"},"geometry":{"type":"Polygon","coordinates":[[[139.769752,35.673128],[139.76986,35.673068],[139.76978,35.672975],[139.769673,35.673035],[139.769752,35.673128]]]}},{"type":"Feature","properties":{"osm_type":"way","osm_id":309517811,"building":"yes","source_height_m":null,"source_levels":10.0,"display_height_m":32.0,"height_basis":"osm_levels_x_3.2m"},"geometry":{"type":"Polygon","coordinates":[[[139.76922,35.67235],[139.76919,35.672314],[139.76902,35.672407],[139.76905,35.672443],[139.76922,35.67235]]]}},{"type":"Feature","properties":{"osm_type":"way","osm_id":309517812,"building":"yes","source_height_m":null,"source_levels":null,"display_height_m":20.0,"height_basis":"visual_fallback"},"geometry":{"type":"Polygon","coordinates":[[[139.770006,35.673483],[139.770168,35.673395],[139.770137,35.673361],[139.769956,35.673429],[139.770006,35.673483]]]}},{"type":"Feature","properties":{"osm_type":"way","osm_id":309517814,"building":"yes","source_height_m":null,"source_levels":null,"display_height_m":26.0,"height_basis":"visual_fallback"},"geometry":{"type":"Polygon","coordinates":[[[139.768826,35.672077],[139.768665,35.672165],[139.768758,35.672277],[139.768919,35.672189],[139.768826,35.672077]]]}},{"type":"Feature","properties":{"osm_type":"way","osm_id":309517821,"building":"yes","source_height_m":null,"source_levels":null,"display_height_m":17.0,"height_basis":"visual_fallback"},"geometry":{"type":"Polygon","coordinates":[[[139.769165,35.672621],[139.769213,35.672595],[139.769173,35.672547],[139.769125,35.672573],[139.769165,35.672621]]]}},{"type":"Feature","properties":{"osm_type":"way","osm_id":309517822,"building":"yes","source_height_m":null,"source_levels":null,"display_height_m":20.0,"height_basis":"visual_fallback"},"geometry":{"type":"Polygon","coordinates":[[[139.77006,35.673941],[139.770197,35.673868],[139.77017,35.673835],[139.770034,35.673908],[139.77006,35.673941]]]}},{"type":"Feature","properties":{"osm_type":"way","osm_id":309517825,"building":"yes","source_height_m":null,"source_levels":null,"display_height_m":14.0,"height_basis":"visual_fallback"},"geometry":{"type":"Polygon","coordinates":[[[139.769999,35.673678],[139.769967,35.673637],[139.769868,35.67369],[139.7699,35.67373],[139.769999,35.673678]]]}},{"type":"Feature","properties":{"osm_type":"way","osm_id":309517826,"building":"yes","source_height_m":null,"source_levels":null,"display_height_m":17.0,"height_basis":"visual_fallback"},"geometry":{"type":"Polygon","coordinates":[[[139.769062,35.672457],[139.769118,35.672524],[139.76917,35.672496],[139.769115,35.672429],[139.769062,35.672457]]]}},{"type":"Feature","properties":{"osm_type":"way","osm_id":309517831,"building":"yes","source_height_m":null,"source_levels":null,"display_height_m":17.0,"height_basis":"visual_fallback"},"geometry":{"type":"Polygon","coordinates":[[[139.769921,35.673121],[139.769882,35.673076],[139.769665,35.673199],[139.769703,35.673244],[139.769921,35.673121]]]}},{"type":"Feature","properties":{"osm_type":"way","osm_id":309517834,"building":"yes","source_height_m":null,"source_levels":null,"display_height_m":26.0,"height_basis":"visual_fallback"},"geometry":{"type":"Polygon","coordinates":[[[139.770918,35.671821],[139.771027,35.671926],[139.771109,35.67187],[139.770999,35.671765],[139.770918,35.671821]]]}},{"type":"Feature","properties":{"osm_type":"way","osm_id":309517835,"building":"yes","source_height_m":null,"source_levels":null,"display_height_m":14.0,"height_basis":"visual_fallback"},"geometry":{"type":"Polygon","coordinates":[[[139.768894,35.672445],[139.768944,35.672506],[139.769038,35.672455],[139.768988,35.672394],[139.768894,35.672445]]]}},{"type":"Feature","properties":{"osm_type":"way","osm_id":309517847,"building":"yes","source_height_m":null,"source_levels":null,"display_height_m":20.0,"height_basis":"visual_fallback"},"geometry":{"type":"Polygon","coordinates":[[[139.76933,35.672922],[139.7693,35.672891],[139.769252,35.672921],[139.769283,35.672953],[139.76933,35.672922]]]}},{"type":"Feature","properties":{"osm_type":"way","osm_id":309517850,"building":"yes","source_height_m":null,"source_levels":null,"display_height_m":14.0,"height_basis":"visual_fallback"},"geometry":{"type":"Polygon","coordinates":[[[139.768758,35.672285],[139.76879,35.672324],[139.768969,35.672226],[139.768937,35.672188],[139.768758,35.672285]]]}},{"type":"Feature","properties":{"osm_type":"way","osm_id":309517851,"building":"yes","source_height_m":null,"source_levels":null,"display_height_m":17.0,"height_basis":"visual_fallback"},"geometry":{"type":"Polygon","coordinates":[[[139.770732,35.671941],[139.770836,35.67204],[139.770863,35.672021],[139.77076,35.671922],[139.770732,35.671941]]]}},{"type":"Feature","properties":{"osm_type":"way","osm_id":309517853,"building":"yes","source_height_m":null,"source_levels":null,"display_height_m":23.0,"height_basis":"visual_fallback"},"geometry":{"type":"Polygon","coordinates":[[[139.769443,35.674144],[139.769484,35.67412],[139.769351,35.673973],[139.76931,35.673997],[139.769443,35.674144]]]}},{"type":"Feature","properties":{"osm_type":"way","osm_id":309517860,"building":"yes","source_height_m":null,"source_levels":null,"display_height_m":14.0,"height_basis":"visual_fallback"},"geometry":{"type":"Polygon","coordinates":[[[139.769182,35.672484],[139.769289,35.672426],[139.769231,35.672356],[139.769125,35.672415],[139.769182,35.672484]]]}},{"type":"Feature","properties":{"osm_type":"way","osm_id":309517861,"building":"yes","source_height_m":null,"source_levels":null,"display_height_m":17.0,"height_basis":"visual_fallback"},"geometry":{"type":"Polygon","coordinates":[[[139.76968,35.673387],[139.769714,35.673422],[139.769734,35.673409],[139.7697,35.673374],[139.76968,35.673387]]]}},{"type":"Feature","properties":{"osm_type":"way","osm_id":309517864,"building":"yes","source_height_m":null,"source_levels":null,"display_height_m":26.0,"height_basis":"visual_fallback"},"geometry":{"type":"Polygon","coordinates":[[[139.770071,35.673558],[139.770233,35.673463],[139.770179,35.673403],[139.770017,35.673498],[139.770071,35.673558]]]}},{"type":"Feature","properties":{"osm_type":"way","osm_id":309517866,"building":"yes","source_height_m":null,"source_levels":null,"display_height_m":17.0,"height_basis":"visual_fallback"},"geometry":{"type":"Polygon","coordinates":[[[139.769013,35.672257],[139.769098,35.672205],[139.768925,35.67202],[139.768841,35.672072],[139.769013,35.672257]]]}},{"type":"Feature","properties":{"osm_type":"way","osm_id":309517868,"building":"yes","source_height_m":null,"source_levels":null,"display_height_m":23.0,"height_basis":"visual_fallback"},"geometry":{"type":"Polygon","coordinates":[[[139.771145,35.672464],[139.771445,35.672306],[139.771247,35.672057],[139.770947,35.672215],[139.771145,35.672464]]]}},{"type":"Feature","properties":{"osm_type":"way","osm_id":309517869,"building":"commercial","source_height_m":null,"source_levels":10.0,"display_height_m":32.0,"height_basis":"osm_levels_x_3.2m"},"geometry":{"type":"Polygon","coordinates":[[[139.768534,35.672209],[139.768367,35.672301],[139.768435,35.672383],[139.768602,35.672291],[139.768534,35.672209]]]}},{"type":"Feature","properties":{"osm_type":"way","osm_id":309517871,"building":"yes","source_height_m":null,"source_levels":null,"display_height_m":17.0,"height_basis":"visual_fallback"},"geometry":{"type":"Polygon","coordinates":[[[139.769,35.67259],[139.769096,35.672537],[139.769043,35.672472],[139.768946,35.672525],[139.769,35.67259]]]}},{"type":"Feature","properties":{"osm_type":"way","osm_id":309517877,"building":"yes","source_height_m":null,"source_levels":null,"display_height_m":20.0,"height_basis":"visual_fallback"},"geometry":{"type":"Polygon","coordinates":[[[139.770972,35.671947],[139.771004,35.671925],[139.770904,35.671829],[139.770872,35.671852],[139.770972,35.671947]]]}},{"type":"Feature","properties":{"osm_type":"way","osm_id":309517878,"building":"yes","source_height_m":null,"source_levels":null,"display_height_m":23.0,"height_basis":"visual_fallback"},"geometry":{"type":"Polygon","coordinates":[[[139.770084,35.673771],[139.769973,35.673829],[139.77,35.673862],[139.77011,35.673805],[139.770084,35.673771]]]}},{"type":"Feature","properties":{"osm_type":"way","osm_id":309517881,"building":"yes","source_height_m":null,"source_levels":null,"display_height_m":17.0,"height_basis":"visual_fallback"},"geometry":{"type":"Polygon","coordinates":[[[139.768714,35.67243],[139.768553,35.672519],[139.768595,35.672568],[139.768755,35.67248],[139.768714,35.67243]]]}},{"type":"Feature","properties":{"osm_type":"way","osm_id":309517883,"building":"yes","source_height_m":null,"source_levels":null,"display_height_m":23.0,"height_basis":"visual_fallback"},"geometry":{"type":"Polygon","coordinates":[[[139.770833,35.671979],[139.770874,35.671952],[139.77082,35.671898],[139.770779,35.671926],[139.770833,35.671979]]]}},{"type":"Feature","properties":{"osm_type":"way","osm_id":309517888,"building":"yes","source_height_m":null,"source_levels":null,"display_height_m":23.0,"height_basis":"visual_fallback"},"geometry":{"type":"Polygon","coordinates":[[[139.769559,35.673307],[139.7696,35.673349],[139.769649,35.673317],[139.769608,35.673275],[139.769559,35.673307]]]}},{"type":"Feature","properties":{"osm_type":"way","osm_id":309517890,"building":"yes","source_height_m":null,"source_levels":null,"display_height_m":14.0,"height_basis":"visual_fallback"},"geometry":{"type":"Polygon","coordinates":[[[139.77003,35.6739],[139.770224,35.673797],[139.770198,35.673765],[139.770004,35.673868],[139.77003,35.6739]]]}},{"type":"Feature","properties":{"osm_type":"way","osm_id":309517892,"building":"yes","source_height_m":null,"source_levels":null,"display_height_m":20.0,"height_basis":"visual_fallback"},"geometry":{"type":"Polygon","coordinates":[[[139.769635,35.673411],[139.769661,35.673452],[139.7697,35.673435],[139.769674,35.673394],[139.769635,35.673411]]]}},{"type":"Feature","properties":{"osm_type":"way","osm_id":309517895,"building":"yes","source_height_m":null,"source_levels":null,"display_height_m":14.0,"height_basis":"visual_fallback"},"geometry":{"type":"Polygon","coordinates":[[[139.770274,35.673777],[139.770372,35.673888],[139.770535,35.673831],[139.770545,35.673798],[139.770425,35.67367],[139.770353,35.673712],[139.770364,35.673724],[139.770274,35.673777]]]}},{"type":"Feature","properties":{"osm_type":"way","osm_id":309517896,"building":"yes","source_height_m":null,"source_levels":null,"display_height_m":17.0,"height_basis":"visual_fallback"},"geometry":{"type":"Polygon","coordinates":[[[139.769971,35.673822],[139.770152,35.673725],[139.770016,35.673557],[139.769949,35.673593],[139.770015,35.673675],[139.769901,35.673736],[139.769971,35.673822]]]}},{"type":"Feature","properties":{"osm_type":"way","osm_id":309517900,"building":"yes","source_height_m":null,"source_levels":null,"display_height_m":14.0,"height_basis":"visual_fallback"},"geometry":{"type":"Polygon","coordinates":[[[139.771097,35.671842],[139.771169,35.671804],[139.771094,35.671711],[139.77107,35.671724],[139.771106,35.671769],[139.771058,35.671795],[139.771097,35.671842]]]}},{"type":"Feature","properties":{"osm_type":"way","osm_id":309517901,"building":"yes","source_height_m":null,"source_levels":null,"display_height_m":17.0,"height_basis":"visual_fallback"},"geometry":{"type":"Polygon","coordinates":[[[139.77087,35.67186],[139.770823,35.671893],[139.770889,35.671956],[139.770843,35.671987],[139.770876,35.672018],[139.770968,35.671954],[139.77087,35.67186]]]}},{"type":"Feature","properties":{"osm_type":"way","osm_id":309517903,"building":"hotel","source_height_m":null,"source_levels":null,"display_height_m":23.0,"height_basis":"visual_fallback"},"geometry":{"type":"Polygon","coordinates":[[[139.769216,35.673823],[139.769329,35.673944],[139.769338,35.673953],[139.769358,35.673941],[139.769426,35.674013],[139.769471,35.673985],[139.769457,35.673971],[139.769495,35.673948],[139.769334,35.673777],[139.769298,35.673799],[139.769282,35.673782],[139.769216,35.673823]]]}},{"type":"Feature","properties":{"osm_type":"way","osm_id":309517904,"building":"yes","source_height_m":null,"source_levels":null,"display_height_m":26.0,"height_basis":"visual_fallback"},"geometry":{"type":"Polygon","coordinates":[[[139.769312,35.672879],[139.769348,35.672916],[139.769401,35.672882],[139.769438,35.67292],[139.769502,35.672878],[139.76943,35.672804],[139.769312,35.672879]]]}},{"type":"Feature","properties":{"osm_type":"way","osm_id":309517905,"building":"yes","source_height_m":null,"source_levels":null,"display_height_m":14.0,"height_basis":"visual_fallback"},"geometry":{"type":"Polygon","coordinates":[[[139.772,35.67275],[139.772,35.672657],[139.771979,35.67266],[139.772,35.67275]]]}},{"type":"Feature","properties":{"osm_type":"way","osm_id":309517906,"building":"yes","source_height_m":null,"source_levels":null,"display_height_m":17.0,"height_basis":"visual_fallback"},"geometry":{"type":"Polygon","coordinates":[[[139.770321,35.673906],[139.770236,35.673801],[139.77018,35.67383],[139.77021,35.673867],[139.770061,35.673945],[139.77008,35.673967],[139.77012,35.673977],[139.770321,35.673906]]]}},{"type":"Feature","properties":{"osm_type":"way","osm_id":309517908,"building":"yes","source_height_m":null,"source_levels":null,"display_height_m":23.0,"height_basis":"visual_fallback"},"geometry":{"type":"Polygon","coordinates":[[[139.769828,35.673393],[139.770081,35.673294],[139.769983,35.673183],[139.769853,35.67325],[139.769868,35.673269],[139.769813,35.673297],[139.769832,35.673321],[139.76979,35.673343],[139.769828,35.673393]]]}},{"type":"Feature","properties":{"osm_type":"way","osm_id":309517909,"building":"yes","source_height_m":null,"source_levels":null,"display_height_m":26.0,"height_basis":"visual_fallback"},"geometry":{"type":"Polygon","coordinates":[[[139.768104,35.672186],[139.768441,35.672607],[139.768552,35.672546],[139.768348,35.672301],[139.76853,35.672201],[139.76842,35.672069],[139.768231,35.672174],[139.768201,35.672133],[139.768104,35.672186]]]}},{"type":"Feature","properties":{"osm_type":"way","osm_id":309517910,"building":"yes","source_height_m":null,"source_levels":null,"display_height_m":14.0,"height_basis":"visual_fallback"},"geometry":{"type":"Polygon","coordinates":[[[139.769557,35.674261],[139.769712,35.674182],[139.769628,35.674078],[139.769598,35.674095],[139.769574,35.674068],[139.769516,35.674103],[139.769534,35.674123],[139.769468,35.674159],[139.769557,35.674261]]]}},{"type":"Feature","properties":{"osm_type":"way","osm_id":309519395,"building":"yes","source_height_m":null,"source_levels":null,"display_height_m":14.0,"height_basis":"visual_fallback"},"geometry":{"type":"Polygon","coordinates":[[[139.769919,35.671347],[139.769684,35.6711],[139.769572,35.67117],[139.769639,35.671241],[139.769555,35.671293],[139.769584,35.671323],[139.769668,35.671271],[139.769759,35.671367],[139.769636,35.671444],[139.769684,35.671494],[139.769919,35.671347]]]}},{"type":"Feature","properties":{"osm_type":"way","osm_id":309519396,"building":"yes","source_height_m":null,"source_levels":null,"display_height_m":17.0,"height_basis":"visual_fallback"},"geometry":{"type":"Polygon","coordinates":[[[139.769975,35.671543],[139.770062,35.671485],[139.770039,35.671462],[139.769952,35.671521],[139.769975,35.671543]]]}},{"type":"Feature","properties":{"osm_type":"way","osm_id":309519397,"building":"yes","source_height_m":null,"source_levels":null,"display_height_m":20.0,"height_basis":"visual_fallback"},"geometry":{"type":"Polygon","coordinates":[[[139.768668,35.671921],[139.768644,35.671895],[139.768615,35.671913],[139.768639,35.671939],[139.768668,35.671921]]]}},{"type":"Feature","properties":{"osm_type":"way","osm_id":309519398,"building":"yes","source_height_m":null,"source_levels":null,"display_height_m":23.0,"height_basis":"visual_fallback"},"geometry":{"type":"Polygon","coordinates":[[[139.770131,35.671222],[139.770227,35.671151],[139.770173,35.671104],[139.770078,35.671174],[139.770131,35.671222]]]}},{"type":"Feature","properties":{"osm_type":"way","osm_id":309519399,"building":"yes","source_height_m":null,"source_levels":null,"display_height_m":26.0,"height_basis":"visual_fallback"},"geometry":{"type":"Polygon","coordinates":[[[139.769885,35.672067],[139.769925,35.672106],[139.770021,35.672042],[139.769981,35.672002],[139.769885,35.672067]]]}},{"type":"Feature","properties":{"osm_type":"way","osm_id":309519400,"building":"yes","source_height_m":null,"source_levels":null,"display_height_m":14.0,"height_basis":"visual_fallback"},"geometry":{"type":"Polygon","coordinates":[[[139.769837,35.670426],[139.769868,35.670401],[139.769825,35.670366],[139.769795,35.670391],[139.769837,35.670426]]]}},{"type":"Feature","properties":{"osm_type":"way","osm_id":309519401,"building":"yes","source_height_m":null,"source_levels":null,"display_height_m":17.0,"height_basis":"visual_fallback"},"geometry":{"type":"Polygon","coordinates":[[[139.769332,35.670178],[139.76938,35.670219],[139.769452,35.670164],[139.769404,35.670122],[139.769332,35.670178]]]}},{"type":"Feature","properties":{"osm_type":"way","osm_id":309519403,"building":"yes","source_height_m":null,"source_levels":null,"display_height_m":23.0,"height_basis":"visual_fallback"},"geometry":{"type":"Polygon","coordinates":[[[139.769762,35.670323],[139.769719,35.670285],[139.769688,35.670309],[139.769731,35.670346],[139.769762,35.670323]]]}},{"type":"Feature","properties":{"osm_type":"way","osm_id":309519404,"building":"yes","source_height_m":null,"source_levels":null,"display_height_m":26.0,"height_basis":"visual_fallback"},"geometry":{"type":"Polygon","coordinates":[[[139.770596,35.671344],[139.770681,35.671286],[139.770646,35.671253],[139.770561,35.67131],[139.770596,35.671344]]]}},{"type":"Feature","properties":{"osm_type":"way","osm_id":309519405,"building":"yes","source_height_m":null,"source_levels":null,"display_height_m":14.0,"height_basis":"visual_fallback"},"geometry":{"type":"Polygon","coordinates":[[[139.770406,35.671309],[139.770309,35.671374],[139.77034,35.671403],[139.770436,35.671338],[139.770406,35.671309]]]}},{"type":"Feature","properties":{"osm_type":"way","osm_id":309519406,"building":"yes","source_height_m":null,"source_levels":null,"display_height_m":17.0,"height_basis":"visual_fallback"},"geometry":{"type":"Polygon","coordinates":[[[139.76938,35.670547],[139.769445,35.670602],[139.769542,35.670528],[139.769477,35.670473],[139.76938,35.670547]]]}},{"type":"Feature","properties":{"osm_type":"way","osm_id":309519407,"building":"yes","source_height_m":null,"source_levels":null,"display_height_m":20.0,"height_basis":"visual_fallback"},"geometry":{"type":"Polygon","coordinates":[[[139.770831,35.673001],[139.770868,35.672989],[139.770805,35.67292],[139.770773,35.672939],[139.770831,35.673001]]]}},{"type":"Feature","properties":{"osm_type":"way","osm_id":309519408,"building":"yes","source_height_m":null,"source_levels":null,"display_height_m":23.0,"height_basis":"visual_fallback"},"geometry":{"type":"Polygon","coordinates":[[[139.76975,35.670417],[139.769797,35.670457],[139.76983,35.670432],[139.769784,35.670392],[139.76975,35.670417]]]}},{"type":"Feature","properties":{"osm_type":"way","osm_id":309519409,"building":"yes","source_height_m":null,"source_levels":null,"display_height_m":26.0,"height_basis":"visual_fallback"},"geometry":{"type":"Polygon","coordinates":[[[139.770803,35.671383],[139.770749,35.67133],[139.770654,35.671394],[139.770708,35.671447],[139.770803,35.671383]]]}},{"type":"Feature","properties":{"osm_type":"way","osm_id":309519410,"building":"yes","source_height_m":null,"source_levels":null,"display_height_m":14.0,"height_basis":"visual_fallback"},"geometry":{"type":"Polygon","coordinates":[[[139.770049,35.670464],[139.769975,35.670521],[139.770005,35.670547],[139.77008,35.67049],[139.770049,35.670464]]]}},{"type":"Feature","properties":{"osm_type":"way","osm_id":309519411,"building":"yes","source_height_m":null,"source_levels":null,"display_height_m":17.0,"height_basis":"visual_fallback"},"geometry":{"type":"Polygon","coordinates":[[[139.769543,35.670621],[139.769595,35.670581],[139.769575,35.670565],[139.769524,35.670605],[139.769543,35.670621]]]}},{"type":"Feature","properties":{"osm_type":"way","osm_id":309519412,"building":"yes","source_height_m":null,"source_levels":null,"display_height_m":20.0,"height_basis":"visual_fallback"},"geometry":{"type":"Polygon","coordinates":[[[139.769524,35.67121],[139.769566,35.671254],[139.769603,35.67123],[139.769562,35.671187],[139.769524,35.67121]]]}},{"type":"Feature","properties":{"osm_type":"way","osm_id":309519413,"building":"yes","source_height_m":null,"source_levels":null,"display_height_m":23.0,"height_basis":"visual_fallback"},"geometry":{"type":"Polygon","coordinates":[[[139.770066,35.671499],[139.769985,35.671553],[139.770002,35.67157],[139.770083,35.671516],[139.770066,35.671499]]]}},{"type":"Feature","properties":{"osm_type":"way","osm_id":309519414,"building":"yes","source_height_m":null,"source_levels":null,"display_height_m":26.0,"height_basis":"visual_fallback"},"geometry":{"type":"Polygon","coordinates":[[[139.769883,35.670487],[139.769918,35.67046],[139.769866,35.670415],[139.769831,35.670442],[139.769883,35.670487]]]}},{"type":"Feature","properties":{"osm_type":"way","osm_id":309519415,"building":"yes","source_height_m":null,"source_levels":null,"display_height_m":14.0,"height_basis":"visual_fallback"},"geometry":{"type":"Polygon","coordinates":[[[139.770469,35.67291],[139.770392,35.672954],[139.770498,35.673075],[139.770575,35.673031],[139.770469,35.67291]]]}},{"type":"Feature","properties":{"osm_type":"way","osm_id":309519416,"building":"yes","source_height_m":null,"source_levels":null,"display_height_m":17.0,"height_basis":"visual_fallback"},"geometry":{"type":"Polygon","coordinates":[[[139.768609,35.671923],[139.768575,35.671943],[139.768599,35.671968],[139.768632,35.671948],[139.768609,35.671923]]]}},{"type":"Feature","properties":{"osm_type":"way","osm_id":309519417,"building":"yes","source_height_m":null,"source_levels":null,"display_height_m":20.0,"height_basis":"visual_fallback"},"geometry":{"type":"Polygon","coordinates":[[[139.770163,35.671102],[139.770088,35.671036],[139.770004,35.671098],[139.77008,35.671164],[139.770163,35.671102]]]}},{"type":"Feature","properties":{"osm_type":"way","osm_id":309519418,"building":"yes","source_height_m":null,"source_levels":null,"display_height_m":23.0,"height_basis":"visual_fallback"},"geometry":{"type":"Polygon","coordinates":[[[139.76938,35.671397],[139.769299,35.67145],[139.769339,35.67149],[139.76942,35.671437],[139.76938,35.671397]]]}},{"type":"Feature","properties":{"osm_type":"way","osm_id":309519419,"building":"yes","source_height_m":null,"source_levels":null,"display_height_m":26.0,"height_basis":"visual_fallback"},"geometry":{"type":"Polygon","coordinates":[[[139.769453,35.670752],[139.769523,35.670698],[139.769401,35.670593],[139.769331,35.670647],[139.769453,35.670752]]]}},{"type":"Feature","properties":{"osm_type":"way","osm_id":309519421,"building":"yes","source_height_m":null,"source_levels":null,"display_height_m":17.0,"height_basis":"visual_fallback"},"geometry":{"type":"Polygon","coordinates":[[[139.770109,35.671955],[139.770162,35.672007],[139.770314,35.671904],[139.770262,35.671852],[139.770109,35.671955]]]}},{"type":"Feature","properties":{"osm_type":"way","osm_id":309519423,"building":"yes","source_height_m":null,"source_levels":null,"display_height_m":23.0,"height_basis":"visual_fallback"},"geometry":{"type":"Polygon","coordinates":[[[139.770184,35.670779],[139.770342,35.670933],[139.770439,35.670868],[139.770281,35.670714],[139.770184,35.670779]]]}},{"type":"Feature","properties":{"osm_type":"way","osm_id":309519425,"building":"yes","source_height_m":null,"source_levels":null,"display_height_m":14.0,"height_basis":"visual_fallback"},"geometry":{"type":"Polygon","coordinates":[[[139.770684,35.671244],[139.770755,35.671313],[139.7708,35.671283],[139.770729,35.671214],[139.770684,35.671244]]]}},{"type":"Feature","properties":{"osm_type":"way","osm_id":309519426,"building":"yes","source_height_m":null,"source_levels":null,"display_height_m":17.0,"height_basis":"visual_fallback"},"geometry":{"type":"Polygon","coordinates":[[[139.770373,35.671449],[139.770404,35.671479],[139.770516,35.671403],[139.770485,35.671374],[139.770373,35.671449]]]}},{"type":"Feature","properties":{"osm_type":"way","osm_id":309519427,"building":"yes","source_height_m":null,"source_levels":null,"display_height_m":20.0,"height_basis":"visual_fallback"},"geometry":{"type":"Polygon","coordinates":[[[139.769706,35.670729],[139.769815,35.670823],[139.769855,35.670793],[139.769745,35.670699],[139.769706,35.670729]]]}},{"type":"Feature","properties":{"osm_type":"way","osm_id":309519428,"building":"yes","source_height_m":null,"source_levels":null,"display_height_m":23.0,"height_basis":"visual_fallback"},"geometry":{"type":"Polygon","coordinates":[[[139.769821,35.671661],[139.76988,35.671621],[139.769849,35.671591],[139.76979,35.671631],[139.769821,35.671661]]]}},{"type":"Feature","properties":{"osm_type":"way","osm_id":309519429,"building":"yes","source_height_m":null,"source_levels":null,"display_height_m":26.0,"height_basis":"visual_fallback"},"geometry":{"type":"Polygon","coordinates":[[[139.770037,35.670532],[139.77006,35.670552],[139.770112,35.670513],[139.770088,35.670492],[139.770037,35.670532]]]}},{"type":"Feature","properties":{"osm_type":"way","osm_id":309519430,"building":"yes","source_height_m":null,"source_levels":null,"display_height_m":14.0,"height_basis":"visual_fallback"},"geometry":{"type":"Polygon","coordinates":[[[139.769989,35.671115],[139.769876,35.671198],[139.770011,35.671318],[139.770123,35.671234],[139.769989,35.671115]]]}},{"type":"Feature","properties":{"osm_type":"way","osm_id":309519431,"building":"yes","source_height_m":null,"source_levels":null,"display_height_m":17.0,"height_basis":"visual_fallback"},"geometry":{"type":"Polygon","coordinates":[[[139.769393,35.67001],[139.76946,35.669958],[139.769408,35.669913],[139.76934,35.669965],[139.769393,35.67001]]]}},{"type":"Feature","properties":{"osm_type":"way","osm_id":309519432,"building":"yes","source_height_m":null,"source_levels":null,"display_height_m":20.0,"height_basis":"visual_fallback"},"geometry":{"type":"Polygon","coordinates":[[[139.770967,35.671111],[139.771052,35.671053],[139.771009,35.671011],[139.770924,35.671069],[139.770967,35.671111]]]}},{"type":"Feature","properties":{"osm_type":"way","osm_id":309519433,"building":"yes","source_height_m":null,"source_levels":null,"display_height_m":23.0,"height_basis":"visual_fallback"},"geometry":{"type":"Polygon","coordinates":[[[139.769869,35.670397],[139.769932,35.670349],[139.769892,35.670315],[139.769829,35.670363],[139.769869,35.670397]]]}},{"type":"Feature","properties":{"osm_type":"way","osm_id":309519434,"building":"yes","source_height_m":null,"source_levels":null,"display_height_m":26.0,"height_basis":"visual_fallback"},"geometry":{"type":"Polygon","coordinates":[[[139.770507,35.673082],[139.770543,35.673123],[139.770625,35.673076],[139.770589,35.673035],[139.770507,35.673082]]]}},{"type":"Feature","properties":{"osm_type":"way","osm_id":309519435,"building":"yes","source_height_m":null,"source_levels":null,"display_height_m":14.0,"height_basis":"visual_fallback"},"geometry":{"type":"Polygon","coordinates":[[[139.769345,35.671494],[139.769367,35.671516],[139.769454,35.671461],[139.769431,35.671441],[139.769345,35.671494]]]}},{"type":"Feature","properties":{"osm_type":"way","osm_id":309519436,"building":"yes","source_height_m":null,"source_levels":null,"display_height_m":17.0,"height_basis":"visual_fallback"},"geometry":{"type":"Polygon","coordinates":[[[139.76977,35.670029],[139.769711,35.670075],[139.769733,35.670094],[139.769792,35.670048],[139.76977,35.670029]]]}},{"type":"Feature","properties":{"osm_type":"way","osm_id":309519437,"building":"yes","source_height_m":null,"source_levels":null,"display_height_m":20.0,"height_basis":"visual_fallback"},"geometry":{"type":"Polygon","coordinates":[[[139.770654,35.671563],[139.770501,35.671667],[139.770532,35.671697],[139.770685,35.671594],[139.770654,35.671563]]]}},{"type":"Feature","properties":{"osm_type":"way","osm_id":309519438,"building":"yes","source_height_m":null,"source_levels":null,"display_height_m":23.0,"height_basis":"visual_fallback"},"geometry":{"type":"Polygon","coordinates":[[[139.769302,35.67065],[139.769392,35.670581],[139.769367,35.670559],[139.769277,35.670629],[139.769302,35.67065]]]}},{"type":"Feature","properties":{"osm_type":"way","osm_id":309519439,"building":"yes","source_height_m":null,"source_levels":null,"display_height_m":26.0,"height_basis":"visual_fallback"},"geometry":{"type":"Polygon","coordinates":[[[139.768325,35.672095],[139.768291,35.672059],[139.768248,35.672086],[139.768282,35.672122],[139.768325,35.672095]]]}},{"type":"Feature","properties":{"osm_type":"way","osm_id":309519440,"building":"yes","source_height_m":null,"source_levels":null,"display_height_m":14.0,"height_basis":"visual_fallback"},"geometry":{"type":"Polygon","coordinates":[[[139.770271,35.671441],[139.770326,35.671404],[139.770235,35.671315],[139.77018,35.671352],[139.770271,35.671441]]]}},{"type":"Feature","properties":{"osm_type":"way","osm_id":309519441,"building":"yes","source_height_m":null,"source_levels":null,"display_height_m":17.0,"height_basis":"visual_fallback"},"geometry":{"type":"Polygon","coordinates":[[[139.769958,35.670573],[139.769986,35.670552],[139.769932,35.670505],[139.769904,35.670527],[139.769958,35.670573]]]}},{"type":"Feature","properties":{"osm_type":"way","osm_id":309519443,"building":"yes","source_height_m":null,"source_levels":null,"display_height_m":23.0,"height_basis":"visual_fallback"},"geometry":{"type":"Polygon","coordinates":[[[139.770481,35.670888],[139.770531,35.670937],[139.770567,35.670912],[139.770517,35.670864],[139.770481,35.670888]]]}},{"type":"Feature","properties":{"osm_type":"way","osm_id":309519444,"building":"yes","source_height_m":null,"source_levels":null,"display_height_m":26.0,"height_basis":"visual_fallback"},"geometry":{"type":"Polygon","coordinates":[[[139.770226,35.671639],[139.770166,35.671579],[139.770076,35.67164],[139.770137,35.671699],[139.770226,35.671639]]]}},{"type":"Feature","properties":{"osm_type":"way","osm_id":309519445,"building":"yes","source_height_m":null,"source_levels":null,"display_height_m":14.0,"height_basis":"visual_fallback"},"geometry":{"type":"Polygon","coordinates":[[[139.769808,35.670826],[139.769716,35.670747],[139.769681,35.670775],[139.769772,35.670853],[139.769808,35.670826]]]}},{"type":"Feature","properties":{"osm_type":"way","osm_id":309519446,"building":"yes","source_height_m":null,"source_levels":null,"display_height_m":17.0,"height_basis":"visual_fallback"},"geometry":{"type":"Polygon","coordinates":[[[139.769873,35.67159],[139.769946,35.671662],[139.769992,35.671631],[139.769918,35.671559],[139.769873,35.67159]]]}},{"type":"Feature","properties":{"osm_type":"way","osm_id":309519447,"building":"yes","source_height_m":null,"source_levels":null,"display_height_m":20.0,"height_basis":"visual_fallback"},"geometry":{"type":"Polygon","coordinates":[[[139.770313,35.671639],[139.770337,35.671662],[139.770409,35.671614],[139.770386,35.67159],[139.770313,35.671639]]]}},{"type":"Feature","properties":{"osm_type":"way","osm_id":309519448,"building":"yes","source_height_m":null,"source_levels":null,"display_height_m":23.0,"height_basis":"visual_fallback"},"geometry":{"type":"Polygon","coordinates":[[[139.768615,35.672111],[139.76864,35.672137],[139.768721,35.672087],[139.768697,35.672061],[139.768615,35.672111]]]}},{"type":"Feature","properties":{"osm_type":"way","osm_id":309519449,"building":"yes","source_height_m":null,"source_levels":null,"display_height_m":26.0,"height_basis":"visual_fallback"},"geometry":{"type":"Polygon","coordinates":[[[139.76974,35.671929],[139.769763,35.671914],[139.769735,35.671886],[139.769712,35.671901],[139.76974,35.671929]]]}},{"type":"Feature","properties":{"osm_type":"way","osm_id":309519450,"building":"yes","source_height_m":null,"source_levels":null,"display_height_m":14.0,"height_basis":"visual_fallback"},"geometry":{"type":"Polygon","coordinates":[[[139.771026,35.671001],[139.771052,35.671036],[139.771148,35.670987],[139.771121,35.670952],[139.771026,35.671001]]]}},{"type":"Feature","properties":{"osm_type":"way","osm_id":309519451,"building":"yes","source_height_m":null,"source_levels":null,"display_height_m":17.0,"height_basis":"visual_fallback"},"geometry":{"type":"Polygon","coordinates":[[[139.768566,35.671937],[139.768605,35.671912],[139.768566,35.671871],[139.768527,35.671895],[139.768566,35.671937]]]}},{"type":"Feature","properties":{"osm_type":"way","osm_id":309519452,"building":"yes","source_height_m":null,"source_levels":null,"display_height_m":20.0,"height_basis":"visual_fallback"},"geometry":{"type":"Polygon","coordinates":[[[139.770039,35.671561],[139.770065,35.671586],[139.770123,35.671546],[139.770098,35.671521],[139.770039,35.671561]]]}},{"type":"Feature","properties":{"osm_type":"way","osm_id":309519453,"building":"yes","source_height_m":null,"source_levels":null,"display_height_m":23.0,"height_basis":"visual_fallback"},"geometry":{"type":"Polygon","coordinates":[[[139.769611,35.670848],[139.769541,35.670787],[139.769487,35.670828],[139.769558,35.670889],[139.769611,35.670848]]]}},{"type":"Feature","properties":{"osm_type":"way","osm_id":309519454,"building":"yes","source_height_m":null,"source_levels":null,"display_height_m":26.0,"height_basis":"visual_fallback"},"geometry":{"type":"Polygon","coordinates":[[[139.770557,35.67299],[139.770626,35.672951],[139.770604,35.672926],[139.770536,35.672966],[139.770557,35.67299]]]}},{"type":"Feature","properties":{"osm_type":"way","osm_id":309519455,"building":"yes","source_height_m":null,"source_levels":null,"display_height_m":14.0,"height_basis":"visual_fallback"},"geometry":{"type":"Polygon","coordinates":[[[139.76973,35.670267],[139.76979,35.670219],[139.769763,35.670196],[139.769702,35.670244],[139.76973,35.670267]]]}},{"type":"Feature","properties":{"osm_type":"way","osm_id":309519456,"building":"yes","source_height_m":null,"source_levels":null,"display_height_m":17.0,"height_basis":"visual_fallback"},"geometry":{"type":"Polygon","coordinates":[[[139.769901,35.670533],[139.769809,35.670603],[139.769856,35.670643],[139.769947,35.670573],[139.769901,35.670533]]]}},{"type":"Feature","properties":{"osm_type":"way","osm_id":309519457,"building":"yes","source_height_m":null,"source_levels":null,"display_height_m":20.0,"height_basis":"visual_fallback"},"geometry":{"type":"Polygon","coordinates":[[[139.768239,35.672085],[139.768197,35.672111],[139.768228,35.672144],[139.76827,35.672119],[139.768239,35.672085]]]}},{"type":"Feature","properties":{"osm_type":"way","osm_id":309519458,"building":"yes","source_height_m":null,"source_levels":null,"display_height_m":23.0,"height_basis":"visual_fallback"},"geometry":{"type":"Polygon","coordinates":[[[139.769478,35.670173],[139.769382,35.670247],[139.769449,35.670305],[139.769545,35.670231],[139.769478,35.670173]]]}},{"type":"Feature","properties":{"osm_type":"way","osm_id":309519459,"building":"yes","source_height_m":null,"source_levels":null,"display_height_m":26.0,"height_basis":"visual_fallback"},"geometry":{"type":"Polygon","coordinates":[[[139.769962,35.670513],[139.769987,35.670494],[139.769966,35.670476],[139.769941,35.670495],[139.769962,35.670513]]]}},{"type":"Feature","properties":{"osm_type":"way","osm_id":309519460,"building":"yes","source_height_m":null,"source_levels":null,"display_height_m":14.0,"height_basis":"visual_fallback"},"geometry":{"type":"Polygon","coordinates":[[[139.770842,35.672955],[139.77087,35.672984],[139.770932,35.672963],[139.770889,35.672924],[139.770842,35.672955]]]}},{"type":"Feature","properties":{"osm_type":"way","osm_id":309519461,"building":"yes","source_height_m":null,"source_levels":null,"display_height_m":17.0,"height_basis":"visual_fallback"},"geometry":{"type":"Polygon","coordinates":[[[139.769607,35.671434],[139.769695,35.671378],[139.769649,35.67133],[139.769561,35.671385],[139.769607,35.671434]]]}},{"type":"Feature","properties":{"osm_type":"way","osm_id":309519462,"building":"yes","source_height_m":null,"source_levels":null,"display_height_m":20.0,"height_basis":"visual_fallback"},"geometry":{"type":"Polygon","coordinates":[[[139.77004,35.671669],[139.769912,35.671755],[139.770078,35.671917],[139.770206,35.67183],[139.77004,35.671669]]]}},{"type":"Feature","properties":{"osm_type":"way","osm_id":309519463,"building":"yes","source_height_m":null,"source_levels":null,"display_height_m":23.0,"height_basis":"visual_fallback"},"geometry":{"type":"Polygon","coordinates":[[[139.769673,35.670482],[139.769722,35.670522],[139.769795,35.670462],[139.769746,35.670422],[139.769673,35.670482]]]}},{"type":"Feature","properties":{"osm_type":"way","osm_id":309519464,"building":"yes","source_height_m":null,"source_levels":null,"display_height_m":26.0,"height_basis":"visual_fallback"},"geometry":{"type":"Polygon","coordinates":[[[139.768636,35.671819],[139.768684,35.67187],[139.768751,35.671829],[139.768703,35.671778],[139.768636,35.671819]]]}},{"type":"Feature","properties":{"osm_type":"way","osm_id":309519465,"building":"yes","source_height_m":null,"source_levels":null,"display_height_m":14.0,"height_basis":"visual_fallback"},"geometry":{"type":"Polygon","coordinates":[[[139.770621,35.671392],[139.77072,35.671325],[139.770689,35.671295],[139.77059,35.671362],[139.770621,35.671392]]]}},{"type":"Feature","properties":{"osm_type":"way","osm_id":309519466,"building":"yes","source_height_m":null,"source_levels":null,"display_height_m":17.0,"height_basis":"visual_fallback"},"geometry":{"type":"Polygon","coordinates":[[[139.770425,35.67159],[139.770487,35.671651],[139.770647,35.671543],[139.770585,35.671482],[139.770425,35.67159]]]}},{"type":"Feature","properties":{"osm_type":"way","osm_id":309519467,"building":"yes","source_height_m":null,"source_levels":null,"display_height_m":20.0,"height_basis":"visual_fallback"},"geometry":{"type":"Polygon","coordinates":[[[139.770133,35.670509],[139.770097,35.670537],[139.770158,35.670589],[139.770194,35.670561],[139.770133,35.670509]]]}},{"type":"Feature","properties":{"osm_type":"way","osm_id":309519468,"building":"yes","source_height_m":null,"source_levels":null,"display_height_m":23.0,"height_basis":"visual_fallback"},"geometry":{"type":"Polygon","coordinates":[[[139.768695,35.67201],[139.768649,35.671962],[139.768553,35.672021],[139.768598,35.67207],[139.768695,35.67201]]]}},{"type":"Feature","properties":{"osm_type":"way","osm_id":309519469,"building":"yes","source_height_m":null,"source_levels":null,"display_height_m":26.0,"height_basis":"visual_fallback"},"geometry":{"type":"Polygon","coordinates":[[[139.769229,35.671485],[139.769274,35.671454],[139.769232,35.671415],[139.769187,35.671446],[139.769229,35.671485]]]}},{"type":"Feature","properties":{"osm_type":"way","osm_id":309519470,"building":"yes","source_height_m":null,"source_levels":null,"display_height_m":14.0,"height_basis":"visual_fallback"},"geometry":{"type":"Polygon","coordinates":[[[139.769743,35.671937],[139.769782,35.671975],[139.769879,35.67191],[139.76984,35.671872],[139.769743,35.671937]]]}},{"type":"Feature","properties":{"osm_type":"way","osm_id":309519471,"building":"yes","source_height_m":null,"source_levels":null,"display_height_m":17.0,"height_basis":"visual_fallback"},"geometry":{"type":"Polygon","coordinates":[[[139.768788,35.67197],[139.76883,35.672016],[139.768888,35.67198],[139.768846,35.671934],[139.768788,35.67197]]]}},{"type":"Feature","properties":{"osm_type":"way","osm_id":309519472,"building":"yes","source_height_m":null,"source_levels":null,"display_height_m":20.0,"height_basis":"visual_fallback"},"geometry":{"type":"Polygon","coordinates":[[[139.769802,35.671121],[139.769846,35.671092],[139.769783,35.671031],[139.76974,35.67106],[139.769802,35.671121]]]}},{"type":"Feature","properties":{"osm_type":"way","osm_id":309519473,"building":"yes","source_height_m":null,"source_levels":null,"display_height_m":23.0,"height_basis":"visual_fallback"},"geometry":{"type":"Polygon","coordinates":[[[139.770182,35.671506],[139.770218,35.671481],[139.770179,35.671443],[139.770143,35.671467],[139.770182,35.671506]]]}},{"type":"Feature","properties":{"osm_type":"way","osm_id":309519475,"building":"yes","source_height_m":null,"source_levels":null,"display_height_m":14.0,"height_basis":"visual_fallback"},"geometry":{"type":"Polygon","coordinates":[[[139.770326,35.671893],[139.770407,35.671838],[139.77034,35.671774],[139.77026,35.671828],[139.770326,35.671893]]]}},{"type":"Feature","properties":{"osm_type":"way","osm_id":309519477,"building":"yes","source_height_m":null,"source_levels":null,"display_height_m":20.0,"height_basis":"visual_fallback"},"geometry":{"type":"Polygon","coordinates":[[[139.770814,35.671277],[139.770862,35.671244],[139.770779,35.671163],[139.77073,35.671195],[139.770814,35.671277]]]}},{"type":"Feature","properties":{"osm_type":"way","osm_id":309519478,"building":"yes","source_height_m":null,"source_levels":null,"display_height_m":23.0,"height_basis":"visual_fallback"},"geometry":{"type":"Polygon","coordinates":[[[139.770522,35.671416],[139.770407,35.671493],[139.770455,35.67154],[139.770569,35.671463],[139.770522,35.671416]]]}},{"type":"Feature","properties":{"osm_type":"way","osm_id":309519480,"building":"yes","source_height_m":null,"source_levels":null,"display_height_m":14.0,"height_basis":"visual_fallback"},"geometry":{"type":"Polygon","coordinates":[[[139.769442,35.669986],[139.769482,35.670021],[139.769513,35.669997],[139.769473,35.669962],[139.769442,35.669986]]]}},{"type":"Feature","properties":{"osm_type":"way","osm_id":309519481,"building":"yes","source_height_m":null,"source_levels":null,"display_height_m":17.0,"height_basis":"visual_fallback"},"geometry":{"type":"Polygon","coordinates":[[[139.770149,35.670597],[139.770092,35.670547],[139.770045,35.670583],[139.770103,35.670632],[139.770149,35.670597]]]}},{"type":"Feature","properties":{"osm_type":"way","osm_id":309519482,"building":"yes","source_height_m":null,"source_levels":null,"display_height_m":20.0,"height_basis":"visual_fallback"},"geometry":{"type":"Polygon","coordinates":[[[139.769871,35.670404],[139.769934,35.670457],[139.769948,35.670446],[139.769886,35.670393],[139.769871,35.670404]]]}},{"type":"Feature","properties":{"osm_type":"way","osm_id":309519483,"building":"yes","source_height_m":null,"source_levels":null,"display_height_m":23.0,"height_basis":"visual_fallback"},"geometry":{"type":"Polygon","coordinates":[[[139.76841,35.672047],[139.768367,35.672001],[139.768341,35.672017],[139.768384,35.672063],[139.76841,35.672047]]]}},{"type":"Feature","properties":{"osm_type":"way","osm_id":309519484,"building":"yes","source_height_m":null,"source_levels":null,"display_height_m":26.0,"height_basis":"visual_fallback"},"geometry":{"type":"Polygon","coordinates":[[[139.770735,35.671133],[139.77078,35.671103],[139.770679,35.671001],[139.770633,35.671031],[139.770735,35.671133]]]}},{"type":"Feature","properties":{"osm_type":"way","osm_id":309519485,"building":"yes","source_height_m":null,"source_levels":null,"display_height_m":14.0,"height_basis":"visual_fallback"},"geometry":{"type":"Polygon","coordinates":[[[139.769459,35.67147],[139.769369,35.671525],[139.769424,35.671581],[139.769515,35.671524],[139.769459,35.67147]]]}},{"type":"Feature","properties":{"osm_type":"way","osm_id":309519486,"building":"yes","source_height_m":null,"source_levels":null,"display_height_m":17.0,"height_basis":"visual_fallback"},"geometry":{"type":"Polygon","coordinates":[[[139.77053,35.671731],[139.770482,35.671684],[139.770407,35.671734],[139.770456,35.671781],[139.77053,35.671731]]]}},{"type":"Feature","properties":{"osm_type":"way","osm_id":309519487,"building":"yes","source_height_m":null,"source_levels":null,"display_height_m":20.0,"height_basis":"visual_fallback"},"geometry":{"type":"Polygon","coordinates":[[[139.769461,35.670475],[139.769441,35.670458],[139.769258,35.670599],[139.769278,35.670616],[139.769461,35.670475]]]}},{"type":"Feature","properties":{"osm_type":"way","osm_id":309519488,"building":"yes","source_height_m":null,"source_levels":null,"display_height_m":23.0,"height_basis":"visual_fallback"},"geometry":{"type":"Polygon","coordinates":[[[139.769721,35.671553],[139.769773,35.671608],[139.770036,35.671443],[139.769984,35.671388],[139.769721,35.671553]]]}},{"type":"Feature","properties":{"osm_type":"way","osm_id":309519489,"building":"yes","source_height_m":null,"source_levels":null,"display_height_m":26.0,"height_basis":"visual_fallback"},"geometry":{"type":"Polygon","coordinates":[[[139.769559,35.67038],[139.769653,35.670306],[139.769664,35.670314],[139.769723,35.670267],[139.769696,35.670245],[139.769758,35.670196],[139.769717,35.670161],[139.769502,35.670332],[139.769559,35.67038]]]}},{"type":"Feature","properties":{"osm_type":"way","osm_id":309519490,"building":"yes","source_height_m":null,"source_levels":null,"display_height_m":14.0,"height_basis":"visual_fallback"},"geometry":{"type":"Polygon","coordinates":[[[139.770305,35.671347],[139.770387,35.671292],[139.77035,35.671256],[139.770268,35.671311],[139.770305,35.671347]]]}},{"type":"Feature","properties":{"osm_type":"way","osm_id":309519491,"building":"yes","source_height_m":null,"source_levels":null,"display_height_m":17.0,"height_basis":"visual_fallback"},"geometry":{"type":"Polygon","coordinates":[[[139.769283,35.671706],[139.769432,35.671607],[139.769318,35.671493],[139.76917,35.671593],[139.769283,35.671706]]]}},{"type":"Feature","properties":{"osm_type":"way","osm_id":309519492,"building":"yes","source_height_m":null,"source_levels":null,"display_height_m":20.0,"height_basis":"visual_fallback"},"geometry":{"type":"Polygon","coordinates":[[[139.770574,35.670922],[139.77053,35.670952],[139.770612,35.671033],[139.770656,35.671003],[139.770574,35.670922]]]}},{"type":"Feature","properties":{"osm_type":"way","osm_id":309519493,"building":"yes","source_height_m":null,"source_levels":null,"display_height_m":23.0,"height_basis":"visual_fallback"},"geometry":{"type":"Polygon","coordinates":[[[139.770456,35.671546],[139.77037,35.671463],[139.770326,35.671493],[139.770412,35.671576],[139.770456,35.671546]]]}},{"type":"Feature","properties":{"osm_type":"way","osm_id":309519494,"building":"yes","source_height_m":null,"source_levels":null,"display_height_m":26.0,"height_basis":"visual_fallback"},"geometry":{"type":"Polygon","coordinates":[[[139.769568,35.67134],[139.769477,35.671244],[139.769434,35.671271],[139.769526,35.671367],[139.769568,35.67134]]]}},{"type":"Feature","properties":{"osm_type":"way","osm_id":309519495,"building":"yes","source_height_m":null,"source_levels":null,"display_height_m":14.0,"height_basis":"visual_fallback"},"geometry":{"type":"Polygon","coordinates":[[[139.770016,35.671627],[139.770032,35.671616],[139.769953,35.671539],[139.769937,35.67155],[139.770016,35.671627]]]}},{"type":"Feature","properties":{"osm_type":"way","osm_id":309519496,"building":"yes","source_height_m":null,"source_levels":null,"display_height_m":17.0,"height_basis":"visual_fallback"},"geometry":{"type":"Polygon","coordinates":[[[139.768573,35.671865],[139.76861,35.671904],[139.768636,35.671888],[139.768599,35.671848],[139.768573,35.671865]]]}},{"type":"Feature","properties":{"osm_type":"way","osm_id":309519497,"building":"yes","source_height_m":null,"source_levels":null,"display_height_m":20.0,"height_basis":"visual_fallback"},"geometry":{"type":"Polygon","coordinates":[[[139.769474,35.67082],[139.769526,35.67078],[139.76949,35.670749],[139.769438,35.670789],[139.769474,35.67082]]]}},{"type":"Feature","properties":{"osm_type":"way","osm_id":309519498,"building":"yes","source_height_m":null,"source_levels":null,"display_height_m":23.0,"height_basis":"visual_fallback"},"geometry":{"type":"Polygon","coordinates":[[[139.770593,35.672926],[139.770571,35.672901],[139.770516,35.672933],[139.770538,35.672957],[139.770593,35.672926]]]}},{"type":"Feature","properties":{"osm_type":"way","osm_id":309519499,"building":"yes","source_height_m":null,"source_levels":null,"display_height_m":26.0,"height_basis":"visual_fallback"},"geometry":{"type":"Polygon","coordinates":[[[139.769432,35.671584],[139.769492,35.671649],[139.769582,35.671594],[139.76952,35.671528],[139.769432,35.671584]]]}},{"type":"Feature","properties":{"osm_type":"way","osm_id":309519500,"building":"yes","source_height_m":null,"source_levels":null,"display_height_m":14.0,"height_basis":"visual_fallback"},"geometry":{"type":"Polygon","coordinates":[[[139.770259,35.671025],[139.770399,35.671162],[139.77059,35.671033],[139.77045,35.670896],[139.770259,35.671025]]]}},{"type":"Feature","properties":{"osm_type":"way","osm_id":309519501,"building":"yes","source_height_m":null,"source_levels":null,"display_height_m":17.0,"height_basis":"visual_fallback"},"geometry":{"type":"Polygon","coordinates":[[[139.769737,35.670273],[139.769777,35.670307],[139.769816,35.670277],[139.769776,35.670243],[139.769737,35.670273]]]}},{"type":"Feature","properties":{"osm_type":"way","osm_id":309519502,"building":"yes","source_height_m":null,"source_levels":null,"display_height_m":20.0,"height_basis":"visual_fallback"},"geometry":{"type":"Polygon","coordinates":[[[139.770395,35.671716],[139.770464,35.671669],[139.770427,35.671633],[139.770358,35.67168],[139.770395,35.671716]]]}},{"type":"Feature","properties":{"osm_type":"way","osm_id":309519503,"building":"yes","source_height_m":null,"source_levels":null,"display_height_m":23.0,"height_basis":"visual_fallback"},"geometry":{"type":"Polygon","coordinates":[[[139.769237,35.670587],[139.769332,35.670514],[139.769301,35.670488],[139.769206,35.670561],[139.769237,35.670587]]]}},{"type":"Feature","properties":{"osm_type":"way","osm_id":309519504,"building":"yes","source_height_m":null,"source_levels":null,"display_height_m":26.0,"height_basis":"visual_fallback"},"geometry":{"type":"Polygon","coordinates":[[[139.769662,35.670755],[139.769745,35.670691],[139.769656,35.670614],[139.769573,35.670678],[139.769662,35.670755]]]}},{"type":"Feature","properties":{"osm_type":"way","osm_id":309519505,"building":"yes","source_height_m":null,"source_levels":null,"display_height_m":14.0,"height_basis":"visual_fallback"},"geometry":{"type":"Polygon","coordinates":[[[139.769558,35.670215],[139.769597,35.670185],[139.769529,35.670127],[139.769489,35.670157],[139.769558,35.670215]]]}},{"type":"Feature","properties":{"osm_type":"way","osm_id":309519506,"building":"yes","source_height_m":null,"source_levels":null,"display_height_m":17.0,"height_basis":"visual_fallback"},"geometry":{"type":"Polygon","coordinates":[[[139.770005,35.670492],[139.770048,35.670459],[139.770017,35.670432],[139.769973,35.670465],[139.770005,35.670492]]]}},{"type":"Feature","properties":{"osm_type":"way","osm_id":309519507,"building":"yes","source_height_m":null,"source_levels":null,"display_height_m":20.0,"height_basis":"visual_fallback"},"geometry":{"type":"Polygon","coordinates":[[[139.768762,35.671833],[139.768671,35.67189],[139.768681,35.6719],[139.768772,35.671844],[139.768762,35.671833]]]}},{"type":"Feature","properties":{"osm_type":"way","osm_id":309519508,"building":"yes","source_height_m":null,"source_levels":null,"display_height_m":23.0,"height_basis":"visual_fallback"},"geometry":{"type":"Polygon","coordinates":[[[139.769542,35.671285],[139.769562,35.671273],[139.769506,35.671215],[139.769487,35.671227],[139.769542,35.671285]]]}},{"type":"Feature","properties":{"osm_type":"way","osm_id":309519509,"building":"yes","source_height_m":null,"source_levels":null,"display_height_m":26.0,"height_basis":"visual_fallback"},"geometry":{"type":"Polygon","coordinates":[[[139.768542,35.672009],[139.768587,35.671981],[139.768563,35.671956],[139.768518,35.671984],[139.768542,35.672009]]]}},{"type":"Feature","properties":{"osm_type":"way","osm_id":309519510,"building":"yes","source_height_m":null,"source_levels":null,"display_height_m":14.0,"height_basis":"visual_fallback"},"geometry":{"type":"Polygon","coordinates":[[[139.769281,35.671383],[139.769326,35.671427],[139.769384,35.671389],[139.769357,35.671362],[139.769312,35.671362],[139.769281,35.671383]]]}},{"type":"Feature","properties":{"osm_type":"way","osm_id":309519511,"building":"yes","source_height_m":null,"source_levels":null,"display_height_m":17.0,"height_basis":"visual_fallback"},"geometry":{"type":"Polygon","coordinates":[[[139.769886,35.671921],[139.769781,35.671992],[139.76986,35.672069],[139.769964,35.671998],[139.769886,35.671921]]]}},{"type":"Feature","properties":{"osm_type":"way","osm_id":309519512,"building":"yes","source_height_m":null,"source_levels":null,"display_height_m":20.0,"height_basis":"visual_fallback"},"geometry":{"type":"Polygon","coordinates":[[[139.769527,35.670005],[139.769468,35.67005],[139.769494,35.670073],[139.769554,35.670027],[139.769527,35.670005]]]}},{"type":"Feature","properties":{"osm_type":"way","osm_id":309519513,"building":"yes","source_height_m":null,"source_levels":null,"display_height_m":23.0,"height_basis":"visual_fallback"},"geometry":{"type":"Polygon","coordinates":[[[139.770233,35.671013],[139.770322,35.670952],[139.770163,35.670797],[139.770074,35.670857],[139.770233,35.671013]]]}},{"type":"Feature","properties":{"osm_type":"way","osm_id":309519514,"building":"yes","source_height_m":null,"source_levels":null,"display_height_m":26.0,"height_basis":"visual_fallback"},"geometry":{"type":"Polygon","coordinates":[[[139.770326,35.671757],[139.770264,35.671696],[139.770184,35.67175],[139.770247,35.67181],[139.770326,35.671757]]]}},{"type":"Feature","properties":{"osm_type":"way","osm_id":309519516,"building":"yes","source_height_m":null,"source_levels":null,"display_height_m":17.0,"height_basis":"visual_fallback"},"geometry":{"type":"Polygon","coordinates":[[[139.769539,35.670122],[139.769613,35.670186],[139.769684,35.670131],[139.76961,35.670067],[139.769539,35.670122]]]}},{"type":"Feature","properties":{"osm_type":"way","osm_id":309519517,"building":"yes","source_height_m":null,"source_levels":null,"display_height_m":20.0,"height_basis":"visual_fallback"},"geometry":{"type":"Polygon","coordinates":[[[139.769867,35.671715],[139.769926,35.671675],[139.769882,35.671632],[139.769823,35.671672],[139.769867,35.671715]]]}},{"type":"Feature","properties":{"osm_type":"way","osm_id":309519518,"building":"yes","source_height_m":null,"source_levels":null,"display_height_m":23.0,"height_basis":"visual_fallback"},"geometry":{"type":"Polygon","coordinates":[[[139.770545,35.671173],[139.770503,35.671132],[139.77042,35.671188],[139.770462,35.671229],[139.770545,35.671173]]]}},{"type":"Feature","properties":{"osm_type":"way","osm_id":309519519,"building":"yes","source_height_m":null,"source_levels":null,"display_height_m":26.0,"height_basis":"visual_fallback"},"geometry":{"type":"Polygon","coordinates":[[[139.768556,35.671942],[139.768521,35.671905],[139.768481,35.671929],[139.768516,35.671967],[139.768556,35.671942]]]}},{"type":"Feature","properties":{"osm_type":"way","osm_id":309519520,"building":"yes","source_height_m":null,"source_levels":null,"display_height_m":14.0,"height_basis":"visual_fallback"},"geometry":{"type":"Polygon","coordinates":[[[139.769693,35.670054],[139.769707,35.670066],[139.76976,35.670025],[139.769746,35.670014],[139.769693,35.670054]]]}},{"type":"Feature","properties":{"osm_type":"way","osm_id":309519521,"building":"yes","source_height_m":null,"source_levels":null,"display_height_m":17.0,"height_basis":"visual_fallback"},"geometry":{"type":"Polygon","coordinates":[[[139.769952,35.670436],[139.769991,35.670406],[139.769938,35.670361],[139.769899,35.670391],[139.769952,35.670436]]]}},{"type":"Feature","properties":{"osm_type":"way","osm_id":309519522,"building":"yes","source_height_m":null,"source_levels":null,"display_height_m":20.0,"height_basis":"visual_fallback"},"geometry":{"type":"Polygon","coordinates":[[[139.768334,35.672024],[139.768299,35.672046],[139.768336,35.672085],[139.768372,35.672064],[139.768334,35.672024]]]}},{"type":"Feature","properties":{"osm_type":"way","osm_id":309519523,"building":"yes","source_height_m":null,"source_levels":null,"display_height_m":23.0,"height_basis":"visual_fallback"},"geometry":{"type":"Polygon","coordinates":[[[139.76929,35.67007],[139.769239,35.67011],[139.769312,35.670173],[139.769363,35.670133],[139.76929,35.67007]]]}},{"type":"Feature","properties":{"osm_type":"way","osm_id":309519524,"building":"yes","source_height_m":null,"source_levels":null,"display_height_m":26.0,"height_basis":"visual_fallback"},"geometry":{"type":"Polygon","coordinates":[[[139.770713,35.672973],[139.770772,35.673029],[139.770828,35.673003],[139.770765,35.672938],[139.770713,35.672973]]]}},{"type":"Feature","properties":{"osm_type":"way","osm_id":309519525,"building":"yes","source_height_m":null,"source_levels":null,"display_height_m":14.0,"height_basis":"visual_fallback"},"geometry":{"type":"Polygon","coordinates":[[[139.770176,35.671737],[139.77026,35.671681],[139.770232,35.671653],[139.770149,35.671709],[139.770176,35.671737]]]}},{"type":"Feature","properties":{"osm_type":"way","osm_id":309519526,"building":"yes","source_height_m":null,"source_levels":null,"display_height_m":17.0,"height_basis":"visual_fallback"},"geometry":{"type":"Polygon","coordinates":[[[139.769567,35.670393],[139.769623,35.670442],[139.769732,35.670358],[139.769676,35.67031],[139.769567,35.670393]]]}},{"type":"Feature","properties":{"osm_type":"way","osm_id":309519527,"building":"yes","source_height_m":null,"source_levels":null,"display_height_m":20.0,"height_basis":"visual_fallback"},"geometry":{"type":"Polygon","coordinates":[[[139.770863,35.671268],[139.770775,35.671328],[139.770814,35.671366],[139.770902,35.671306],[139.770863,35.671268]]]}},{"type":"Feature","properties":{"osm_type":"way","osm_id":309519528,"building":"yes","source_height_m":null,"source_levels":null,"display_height_m":23.0,"height_basis":"visual_fallback"},"geometry":{"type":"Polygon","coordinates":[[[139.770615,35.67105],[139.770585,35.67107],[139.770683,35.671165],[139.770712,35.671145],[139.770615,35.67105]]]}},{"type":"Feature","properties":{"osm_type":"way","osm_id":309519529,"building":"yes","source_height_m":null,"source_levels":null,"display_height_m":26.0,"height_basis":"visual_fallback"},"geometry":{"type":"Polygon","coordinates":[[[139.770317,35.671504],[139.770232,35.671561],[139.770302,35.67163],[139.770387,35.671572],[139.770317,35.671504]]]}},{"type":"Feature","properties":{"osm_type":"way","osm_id":309519530,"building":"yes","source_height_m":null,"source_levels":null,"display_height_m":14.0,"height_basis":"visual_fallback"},"geometry":{"type":"Polygon","coordinates":[[[139.769767,35.671907],[139.769834,35.671862],[139.769795,35.671824],[139.769728,35.671869],[139.769767,35.671907]]]}},{"type":"Feature","properties":{"osm_type":"way","osm_id":309519531,"building":"yes","source_height_m":null,"source_levels":null,"display_height_m":17.0,"height_basis":"visual_fallback"},"geometry":{"type":"Polygon","coordinates":[[[139.769906,35.671141],[139.770102,35.671004],[139.769983,35.670893],[139.769788,35.67103],[139.769906,35.671141]]]}},{"type":"Feature","properties":{"osm_type":"way","osm_id":309519532,"building":"yes","source_height_m":null,"source_levels":null,"display_height_m":20.0,"height_basis":"visual_fallback"},"geometry":{"type":"Polygon","coordinates":[[[139.769164,35.671582],[139.769312,35.671486],[139.769286,35.671459],[139.769227,35.671497],[139.769186,35.671452],[139.769115,35.671499],[139.76911,35.67153],[139.769164,35.671582]]]}},{"type":"Feature","properties":{"osm_type":"way","osm_id":309519533,"building":"yes","source_height_m":null,"source_levels":null,"display_height_m":23.0,"height_basis":"visual_fallback"},"geometry":{"type":"Polygon","coordinates":[[[139.770662,35.671184],[139.770552,35.671078],[139.770515,35.671103],[139.770577,35.671163],[139.770474,35.671232],[139.770522,35.671279],[139.770662,35.671184]]]}},{"type":"Feature","properties":{"osm_type":"way","osm_id":309519534,"building":"yes","source_height_m":null,"source_levels":null,"display_height_m":26.0,"height_basis":"visual_fallback"},"geometry":{"type":"Polygon","coordinates":[[[139.769469,35.670154],[139.769589,35.670062],[139.76956,35.670037],[139.769489,35.670091],[139.769466,35.670071],[139.769417,35.670109],[139.769469,35.670154]]]}},{"type":"Feature","properties":{"osm_type":"way","osm_id":309519535,"building":"yes","source_height_m":null,"source_levels":null,"display_height_m":14.0,"height_basis":"visual_fallback"},"geometry":{"type":"Polygon","coordinates":[[[139.770017,35.671331],[139.770097,35.671409],[139.770177,35.671354],[139.770165,35.671342],[139.770243,35.67129],[139.770253,35.6713],[139.770343,35.671239],[139.770313,35.67121],[139.770231,35.671266],[139.770183,35.671219],[139.770017,35.671331]]]}},{"type":"Feature","properties":{"osm_type":"way","osm_id":309519536,"building":"yes","source_height_m":null,"source_levels":null,"display_height_m":17.0,"height_basis":"visual_fallback"},"geometry":{"type":"Polygon","coordinates":[[[139.769547,35.670535],[139.769452,35.670608],[139.769465,35.670619],[139.769472,35.670625],[139.769567,35.670552],[139.769561,35.670546],[139.769547,35.670535]]]}},{"type":"Feature","properties":{"osm_type":"way","osm_id":309519537,"building":"yes","source_height_m":null,"source_levels":null,"display_height_m":20.0,"height_basis":"visual_fallback"},"geometry":{"type":"Polygon","coordinates":[[[139.76986,35.670645],[139.769957,35.670728],[139.770082,35.670632],[139.77,35.670561],[139.769916,35.670625],[139.769902,35.670612],[139.76986,35.670645]]]}},{"type":"Feature","properties":{"osm_type":"way","osm_id":309519538,"building":"yes","source_height_m":null,"source_levels":null,"display_height_m":23.0,"height_basis":"visual_fallback"},"geometry":{"type":"Polygon","coordinates":[[[139.769478,35.670633],[139.769542,35.670688],[139.769616,35.670632],[139.769591,35.670611],[139.769541,35.670649],[139.769502,35.670615],[139.769478,35.670633]]]}},{"type":"Feature","properties":{"osm_type":"way","osm_id":309519539,"building":"yes","source_height_m":null,"source_levels":null,"display_height_m":26.0,"height_basis":"visual_fallback"},"geometry":{"type":"Polygon","coordinates":[[[139.769731,35.670526],[139.769775,35.670563],[139.769849,35.670506],[139.769831,35.67049],[139.769847,35.670478],[139.769822,35.670456],[139.769731,35.670526]]]}},{"type":"Feature","properties":{"osm_type":"way","osm_id":309519540,"building":"yes","source_height_m":null,"source_levels":null,"display_height_m":14.0,"height_basis":"visual_fallback"},"geometry":{"type":"Polygon","coordinates":[[[139.770637,35.673063],[139.770681,35.673038],[139.770643,35.672995],[139.770662,35.672984],[139.770635,35.672954],[139.770574,35.67299],[139.770637,35.673063]]]}},{"type":"Feature","properties":{"osm_type":"way","osm_id":309519541,"building":"yes","source_height_m":null,"source_levels":null,"display_height_m":17.0,"height_basis":"visual_fallback"},"geometry":{"type":"Polygon","coordinates":[[[139.769469,35.670043],[139.769429,35.670009],[139.769375,35.67005],[139.769353,35.670031],[139.769313,35.670062],[139.769376,35.670115],[139.769469,35.670043]]]}},{"type":"Feature","properties":{"osm_type":"way","osm_id":309519542,"building":"yes","source_height_m":null,"source_levels":null,"display_height_m":20.0,"height_basis":"visual_fallback"},"geometry":{"type":"Polygon","coordinates":[[[139.770828,35.671134],[139.770855,35.67116],[139.770911,35.671123],[139.770965,35.671176],[139.771,35.671152],[139.770919,35.671073],[139.770828,35.671134]]]}},{"type":"Feature","properties":{"osm_type":"way","osm_id":309519543,"building":"yes","source_height_m":null,"source_levels":null,"display_height_m":23.0,"height_basis":"visual_fallback"},"geometry":{"type":"Polygon","coordinates":[[[139.768655,35.671884],[139.768673,35.671873],[139.768628,35.671824],[139.76861,35.671835],[139.768604,35.671839],[139.768649,35.671888],[139.768655,35.671884]]]}},{"type":"Feature","properties":{"osm_type":"way","osm_id":309519544,"building":"yes","source_height_m":null,"source_levels":null,"display_height_m":26.0,"height_basis":"visual_fallback"},"geometry":{"type":"Polygon","coordinates":[[[139.770108,35.671418],[139.770146,35.671455],[139.770185,35.671428],[139.770222,35.671464],[139.770258,35.671439],[139.770184,35.671367],[139.770108,35.671418]]]}},{"type":"Feature","properties":{"osm_type":"way","osm_id":309519546,"building":"yes","source_height_m":null,"source_levels":null,"display_height_m":17.0,"height_basis":"visual_fallback"},"geometry":{"type":"Polygon","coordinates":[[[139.769625,35.670949],[139.769755,35.670849],[139.769593,35.67071],[139.769541,35.670751],[139.769639,35.670836],[139.769562,35.670895],[139.769625,35.670949]]]}},{"type":"Feature","properties":{"osm_type":"way","osm_id":309519547,"building":"yes","source_height_m":null,"source_levels":null,"display_height_m":20.0,"height_basis":"visual_fallback"},"geometry":{"type":"Polygon","coordinates":[[[139.770379,35.67294],[139.770473,35.672885],[139.770505,35.672922],[139.770575,35.672882],[139.770441,35.672729],[139.770371,35.672769],[139.770399,35.672802],[139.770305,35.672856],[139.770379,35.67294]]]}},{"type":"Feature","properties":{"osm_type":"way","osm_id":309519548,"building":"yes","source_height_m":null,"source_levels":null,"display_height_m":23.0,"height_basis":"visual_fallback"},"geometry":{"type":"Polygon","coordinates":[[[139.768652,35.671942],[139.768716,35.672011],[139.76868,35.672033],[139.768729,35.672085],[139.768784,35.672051],[139.768733,35.671996],[139.768847,35.671926],[139.768785,35.67186],[139.768652,35.671942]]]}},{"type":"Feature","properties":{"osm_type":"way","osm_id":309520007,"building":"yes","source_height_m":null,"source_levels":null,"display_height_m":20.0,"height_basis":"visual_fallback"},"geometry":{"type":"Polygon","coordinates":[[[139.770576,35.672167],[139.770503,35.672095],[139.770469,35.672118],[139.770542,35.67219],[139.770576,35.672167]]]}},{"type":"Feature","properties":{"osm_type":"way","osm_id":309520009,"building":"yes","source_height_m":null,"source_levels":null,"display_height_m":26.0,"height_basis":"visual_fallback"},"geometry":{"type":"Polygon","coordinates":[[[139.77052,35.672251],[139.770549,35.672281],[139.77057,35.672267],[139.770542,35.672237],[139.77052,35.672251]]]}},{"type":"Feature","properties":{"osm_type":"way","osm_id":309520013,"building":"yes","source_height_m":null,"source_levels":null,"display_height_m":23.0,"height_basis":"visual_fallback"},"geometry":{"type":"Polygon","coordinates":[[[139.771807,35.672124],[139.771846,35.672273],[139.772,35.672247],[139.772,35.672206],[139.771972,35.672096],[139.771807,35.672124]]]}},{"type":"Feature","properties":{"osm_type":"way","osm_id":309520014,"building":"yes","source_height_m":null,"source_levels":null,"display_height_m":26.0,"height_basis":"visual_fallback"},"geometry":{"type":"Polygon","coordinates":[[[139.771195,35.672661],[139.771291,35.672615],[139.771274,35.672592],[139.771178,35.672638],[139.771195,35.672661]]]}},{"type":"Feature","properties":{"osm_type":"way","osm_id":309520015,"building":"yes","source_height_m":null,"source_levels":null,"display_height_m":14.0,"height_basis":"visual_fallback"},"geometry":{"type":"Polygon","coordinates":[[[139.771834,35.672501],[139.771818,35.672472],[139.771737,35.672503],[139.771753,35.672531],[139.771834,35.672501]]]}},{"type":"Feature","properties":{"osm_type":"way","osm_id":309520016,"building":"yes","source_height_m":null,"source_levels":null,"display_height_m":17.0,"height_basis":"visual_fallback"},"geometry":{"type":"Polygon","coordinates":[[[139.770461,35.672698],[139.770576,35.672626],[139.770536,35.672584],[139.770421,35.672656],[139.770461,35.672698]]]}},{"type":"Feature","properties":{"osm_type":"way","osm_id":309520018,"building":"yes","source_height_m":null,"source_levels":null,"display_height_m":23.0,"height_basis":"visual_fallback"},"geometry":{"type":"Polygon","coordinates":[[[139.770706,35.672566],[139.770745,35.672602],[139.77083,35.672542],[139.770792,35.672506],[139.770706,35.672566]]]}},{"type":"Feature","properties":{"osm_type":"way","osm_id":309520020,"building":"yes","source_height_m":null,"source_levels":null,"display_height_m":14.0,"height_basis":"visual_fallback"},"geometry":{"type":"Polygon","coordinates":[[[139.770985,35.672855],[139.771009,35.672882],[139.77108,35.672839],[139.771055,35.672812],[139.770985,35.672855]]]}},{"type":"Feature","properties":{"osm_type":"way","osm_id":309520026,"building":"yes","source_height_m":null,"source_levels":null,"display_height_m":17.0,"height_basis":"visual_fallback"},"geometry":{"type":"Polygon","coordinates":[[[139.771544,35.672028],[139.771672,35.671976],[139.771639,35.671872],[139.771487,35.671938],[139.771544,35.672028]]]}},{"type":"Feature","properties":{"osm_type":"way","osm_id":309520029,"building":"yes","source_height_m":null,"source_levels":null,"display_height_m":26.0,"height_basis":"visual_fallback"},"geometry":{"type":"Polygon","coordinates":[[[139.770917,35.67247],[139.770812,35.672371],[139.770733,35.672426],[139.770837,35.672525],[139.770917,35.67247]]]}},{"type":"Feature","properties":{"osm_type":"way","osm_id":309520031,"building":"yes","source_height_m":null,"source_levels":null,"display_height_m":17.0,"height_basis":"visual_fallback"},"geometry":{"type":"Polygon","coordinates":[[[139.770519,35.672094],[139.770584,35.672158],[139.770611,35.67214],[139.770546,35.672076],[139.770519,35.672094]]]}},{"type":"Feature","properties":{"osm_type":"way","osm_id":309520037,"building":"yes","source_height_m":null,"source_levels":null,"display_height_m":20.0,"height_basis":"visual_fallback"},"geometry":{"type":"Polygon","coordinates":[[[139.771929,35.672466],[139.772,35.672452],[139.772,35.672255],[139.771874,35.672279],[139.771929,35.672466]]]}},{"type":"Feature","properties":{"osm_type":"way","osm_id":309520039,"building":"yes","source_height_m":null,"source_levels":null,"display_height_m":26.0,"height_basis":"visual_fallback"},"geometry":{"type":"Polygon","coordinates":[[[139.771031,35.672683],[139.77107,35.672659],[139.771039,35.672624],[139.770999,35.672649],[139.771031,35.672683]]]}},{"type":"Feature","properties":{"osm_type":"way","osm_id":309520040,"building":"yes","source_height_m":null,"source_levels":null,"display_height_m":14.0,"height_basis":"visual_fallback"},"geometry":{"type":"Polygon","coordinates":[[[139.771743,35.672494],[139.771824,35.672464],[139.771809,35.672436],[139.771727,35.672467],[139.771743,35.672494]]]}},{"type":"Feature","properties":{"osm_type":"way","osm_id":309520042,"building":"yes","source_height_m":null,"source_levels":null,"display_height_m":20.0,"height_basis":"visual_fallback"},"geometry":{"type":"Polygon","coordinates":[[[139.770718,35.672272],[139.77075,35.672251],[139.770727,35.672227],[139.770695,35.672249],[139.770718,35.672272]]]}},{"type":"Feature","properties":{"osm_type":"way","osm_id":309520043,"building":"yes","source_height_m":null,"source_levels":null,"display_height_m":23.0,"height_basis":"visual_fallback"},"geometry":{"type":"Polygon","coordinates":[[[139.771883,35.671842],[139.771873,35.671802],[139.77173,35.671827],[139.77174,35.671867],[139.771883,35.671842]]]}},{"type":"Feature","properties":{"osm_type":"way","osm_id":309520045,"building":"yes","source_height_m":null,"source_levels":null,"display_height_m":14.0,"height_basis":"visual_fallback"},"geometry":{"type":"Polygon","coordinates":[[[139.771261,35.672752],[139.771304,35.672811],[139.771355,35.672787],[139.771311,35.672728],[139.771261,35.672752]]]}},{"type":"Feature","properties":{"osm_type":"way","osm_id":309520058,"building":"yes","source_height_m":null,"source_levels":null,"display_height_m":23.0,"height_basis":"visual_fallback"},"geometry":{"type":"Polygon","coordinates":[[[139.770721,35.672219],[139.770679,35.672178],[139.770588,35.672239],[139.77063,35.67228],[139.770721,35.672219]]]}},{"type":"Feature","properties":{"osm_type":"way","osm_id":309520059,"building":"yes","source_height_m":null,"source_levels":null,"display_height_m":26.0,"height_basis":"visual_fallback"},"geometry":{"type":"Polygon","coordinates":[[[139.771706,35.672468],[139.771811,35.672426],[139.771799,35.672368],[139.771676,35.672417],[139.771706,35.672468]]]}},{"type":"Feature","properties":{"osm_type":"way","osm_id":309520060,"building":"yes","source_height_m":null,"source_levels":null,"display_height_m":14.0,"height_basis":"visual_fallback"},"geometry":{"type":"Polygon","coordinates":[[[139.771739,35.672197],[139.771717,35.672157],[139.771652,35.672181],[139.771674,35.672221],[139.771739,35.672197]]]}},{"type":"Feature","properties":{"osm_type":"way","osm_id":309520062,"building":"yes","source_height_m":null,"source_levels":null,"display_height_m":20.0,"height_basis":"visual_fallback"},"geometry":{"type":"Polygon","coordinates":[[[139.770971,35.672072],[139.770997,35.672056],[139.770956,35.672011],[139.77093,35.672028],[139.770971,35.672072]]]}},{"type":"Feature","properties":{"osm_type":"way","osm_id":309520063,"building":"yes","source_height_m":null,"source_levels":null,"display_height_m":23.0,"height_basis":"visual_fallback"},"geometry":{"type":"Polygon","coordinates":[[[139.770879,35.672652],[139.770915,35.672692],[139.77104,35.672616],[139.771004,35.672576],[139.770879,35.672652]]]}},{"type":"Feature","properties":{"osm_type":"way","osm_id":309520064,"building":"yes","source_height_m":null,"source_levels":null,"display_height_m":26.0,"height_basis":"visual_fallback"},"geometry":{"type":"Polygon","coordinates":[[[139.771409,35.6726],[139.771375,35.672545],[139.771339,35.67256],[139.771373,35.672614],[139.771409,35.6726]]]}},{"type":"Feature","properties":{"osm_type":"way","osm_id":309520068,"building":"yes","source_height_m":null,"source_levels":null,"display_height_m":23.0,"height_basis":"visual_fallback"},"geometry":{"type":"Polygon","coordinates":[[[139.77083,35.672553],[139.770743,35.672614],[139.77076,35.67263],[139.770848,35.67257],[139.77083,35.672553]]]}},{"type":"Feature","properties":{"osm_type":"way","osm_id":309520070,"building":"yes","source_height_m":null,"source_levels":null,"display_height_m":14.0,"height_basis":"visual_fallback"},"geometry":{"type":"Polygon","coordinates":[[[139.770577,35.672812],[139.770655,35.67289],[139.770782,35.672811],[139.770702,35.67273],[139.770577,35.672812]]]}},{"type":"Feature","properties":{"osm_type":"way","osm_id":309520071,"building":"yes","source_height_m":null,"source_levels":null,"display_height_m":17.0,"height_basis":"visual_fallback"},"geometry":{"type":"Polygon","coordinates":[[[139.77109,35.67283],[139.771159,35.672788],[139.771105,35.67273],[139.771036,35.672771],[139.77109,35.67283]]]}},{"type":"Feature","properties":{"osm_type":"way","osm_id":309520077,"building":"yes","source_height_m":null,"source_levels":null,"display_height_m":20.0,"height_basis":"visual_fallback"},"geometry":{"type":"Polygon","coordinates":[[[139.771647,35.6722],[139.771568,35.67223],[139.771587,35.672264],[139.771666,35.672235],[139.771647,35.6722]]]}},{"type":"Feature","properties":{"osm_type":"way","osm_id":309520080,"building":"yes","source_height_m":null,"source_levels":null,"display_height_m":14.0,"height_basis":"visual_fallback"},"geometry":{"type":"Polygon","coordinates":[[[139.770624,35.672137],[139.770657,35.672115],[139.770586,35.672045],[139.770553,35.672066],[139.770624,35.672137]]]}},{"type":"Feature","properties":{"osm_type":"way","osm_id":309520083,"building":"yes","source_height_m":null,"source_levels":null,"display_height_m":23.0,"height_basis":"visual_fallback"},"geometry":{"type":"Polygon","coordinates":[[[139.770762,35.672126],[139.770784,35.672154],[139.770863,35.672113],[139.770841,35.672085],[139.770762,35.672126]]]}},{"type":"Feature","properties":{"osm_type":"way","osm_id":309520084,"building":"yes","source_height_m":null,"source_levels":null,"display_height_m":26.0,"height_basis":"visual_fallback"},"geometry":{"type":"Polygon","coordinates":[[[139.771781,35.672623],[139.771866,35.672591],[139.771841,35.672548],[139.771756,35.672579],[139.771781,35.672623]]]}},{"type":"Feature","properties":{"osm_type":"way","osm_id":309520085,"building":"yes","source_height_m":null,"source_levels":null,"display_height_m":14.0,"height_basis":"visual_fallback"},"geometry":{"type":"Polygon","coordinates":[[[139.771106,35.671901],[139.77112,35.671935],[139.771162,35.671923],[139.771148,35.671889],[139.771106,35.671901]]]}},{"type":"Feature","properties":{"osm_type":"way","osm_id":309520086,"building":"yes","source_height_m":null,"source_levels":null,"display_height_m":17.0,"height_basis":"visual_fallback"},"geometry":{"type":"Polygon","coordinates":[[[139.770573,35.672424],[139.770619,35.672468],[139.770704,35.672409],[139.770657,35.672365],[139.770573,35.672424]]]}},{"type":"Feature","properties":{"osm_type":"way","osm_id":309520087,"building":"yes","source_height_m":null,"source_levels":null,"display_height_m":20.0,"height_basis":"visual_fallback"},"geometry":{"type":"Polygon","coordinates":[[[139.771821,35.672115],[139.771951,35.672093],[139.771925,35.671995],[139.771795,35.672017],[139.771821,35.672115]]]}},{"type":"Feature","properties":{"osm_type":"way","osm_id":309520089,"building":"yes","source_height_m":null,"source_levels":null,"display_height_m":26.0,"height_basis":"visual_fallback"},"geometry":{"type":"Polygon","coordinates":[[[139.770739,35.67209],[139.770817,35.672042],[139.770781,35.672002],[139.770702,35.67205],[139.770739,35.67209]]]}},{"type":"Feature","properties":{"osm_type":"way","osm_id":309520091,"building":"yes","source_height_m":null,"source_levels":null,"display_height_m":17.0,"height_basis":"visual_fallback"},"geometry":{"type":"Polygon","coordinates":[[[139.771078,35.672669],[139.770996,35.672719],[139.771031,35.672757],[139.771113,35.672708],[139.771078,35.672669]]]}},{"type":"Feature","properties":{"osm_type":"way","osm_id":309520093,"building":"yes","source_height_m":null,"source_levels":null,"display_height_m":23.0,"height_basis":"visual_fallback"},"geometry":{"type":"Polygon","coordinates":[[[139.771643,35.672364],[139.771677,35.672352],[139.771643,35.672291],[139.771609,35.672303],[139.771643,35.672364]]]}},{"type":"Feature","properties":{"osm_type":"way","osm_id":309520097,"building":"yes","source_height_m":null,"source_levels":null,"display_height_m":20.0,"height_basis":"visual_fallback"},"geometry":{"type":"Polygon","coordinates":[[[139.771098,35.672839],[139.771135,35.672879],[139.771209,35.672834],[139.771172,35.672794],[139.771098,35.672839]]]}},{"type":"Feature","properties":{"osm_type":"way","osm_id":309520099,"building":"yes","source_height_m":null,"source_levels":null,"display_height_m":26.0,"height_basis":"visual_fallback"},"geometry":{"type":"Polygon","coordinates":[[[139.770426,35.672629],[139.77052,35.67257],[139.770444,35.672491],[139.770351,35.672549],[139.770426,35.672629]]]}},{"type":"Feature","properties":{"osm_type":"way","osm_id":309520100,"building":"yes","source_height_m":null,"source_levels":null,"display_height_m":14.0,"height_basis":"visual_fallback"},"geometry":{"type":"Polygon","coordinates":[[[139.77173,35.671816],[139.771869,35.671793],[139.771849,35.671718],[139.771711,35.671742],[139.77173,35.671816]]]}},{"type":"Feature","properties":{"osm_type":"way","osm_id":309520106,"building":"yes","source_height_m":null,"source_levels":null,"display_height_m":17.0,"height_basis":"visual_fallback"},"geometry":{"type":"Polygon","coordinates":[[[139.770479,35.672334],[139.770506,35.67236],[139.770601,35.672295],[139.770574,35.672269],[139.770479,35.672334]]]}},{"type":"Feature","properties":{"osm_type":"way","osm_id":309520110,"building":"yes","source_height_m":null,"source_levels":null,"display_height_m":14.0,"height_basis":"visual_fallback"},"geometry":{"type":"Polygon","coordinates":[[[139.771467,35.672123],[139.771492,35.672163],[139.771571,35.672131],[139.771547,35.672091],[139.771467,35.672123]]]}},{"type":"Feature","properties":{"osm_type":"way","osm_id":309520111,"building":"yes","source_height_m":null,"source_levels":null,"display_height_m":17.0,"height_basis":"visual_fallback"},"geometry":{"type":"Polygon","coordinates":[[[139.771253,35.672752],[139.771305,35.672727],[139.77127,35.67268],[139.771218,35.672705],[139.771253,35.672752]]]}},{"type":"Feature","properties":{"osm_type":"way","osm_id":309520113,"building":"yes","source_height_m":null,"source_levels":null,"display_height_m":23.0,"height_basis":"visual_fallback"},"geometry":{"type":"Polygon","coordinates":[[[139.770563,35.6728],[139.770689,35.672721],[139.770627,35.672656],[139.7705,35.672735],[139.770563,35.6728]]]}},{"type":"Feature","properties":{"osm_type":"way","osm_id":309520122,"building":"yes","source_height_m":null,"source_levels":null,"display_height_m":20.0,"height_basis":"visual_fallback"},"geometry":{"type":"Polygon","coordinates":[[[139.771022,35.672768],[139.770953,35.672809],[139.770985,35.672844],[139.771053,35.672802],[139.771022,35.672768]]]}},{"type":"Feature","properties":{"osm_type":"way","osm_id":309520126,"building":"yes","source_height_m":null,"source_levels":null,"display_height_m":17.0,"height_basis":"visual_fallback"},"geometry":{"type":"Polygon","coordinates":[[[139.770766,35.672637],[139.770801,35.67267],[139.770889,35.672608],[139.770854,35.672575],[139.770766,35.672637]]]}},{"type":"Feature","properties":{"osm_type":"way","osm_id":309520128,"building":"yes","source_height_m":null,"source_levels":null,"display_height_m":23.0,"height_basis":"visual_fallback"},"geometry":{"type":"Polygon","coordinates":[[[139.77058,35.672238],[139.770689,35.672166],[139.770651,35.672129],[139.770543,35.672201],[139.77058,35.672238]]]}},{"type":"Feature","properties":{"osm_type":"way","osm_id":309520130,"building":"yes","source_height_m":null,"source_levels":null,"display_height_m":14.0,"height_basis":"visual_fallback"},"geometry":{"type":"Polygon","coordinates":[[[139.771753,35.671718],[139.771827,35.671706],[139.77181,35.671641],[139.771736,35.671654],[139.771753,35.671718]]]}},{"type":"Feature","properties":{"osm_type":"way","osm_id":309520134,"building":"yes","source_height_m":null,"source_levels":null,"display_height_m":26.0,"height_basis":"visual_fallback"},"geometry":{"type":"Polygon","coordinates":[[[139.770503,35.672365],[139.770519,35.672386],[139.770586,35.67235],[139.77057,35.672329],[139.770503,35.672365]]]}},{"type":"Feature","properties":{"osm_type":"way","osm_id":309520137,"building":"yes","source_height_m":null,"source_levels":null,"display_height_m":20.0,"height_basis":"visual_fallback"},"geometry":{"type":"Polygon","coordinates":[[[139.770179,35.672363],[139.77022,35.672406],[139.77032,35.672342],[139.770279,35.6723],[139.770179,35.672363]]]}},{"type":"Feature","properties":{"osm_type":"way","osm_id":309520138,"building":"yes","source_height_m":null,"source_levels":null,"display_height_m":23.0,"height_basis":"visual_fallback"},"geometry":{"type":"Polygon","coordinates":[[[139.771451,35.672114],[139.771554,35.672072],[139.771541,35.672051],[139.771438,35.672093],[139.771451,35.672114]]]}},{"type":"Feature","properties":{"osm_type":"way","osm_id":309520140,"building":"yes","source_height_m":null,"source_levels":null,"display_height_m":14.0,"height_basis":"visual_fallback"},"geometry":{"type":"Polygon","coordinates":[[[139.771216,35.672691],[139.77128,35.67266],[139.771268,35.672644],[139.771204,35.672675],[139.771216,35.672691]]]}},{"type":"Feature","properties":{"osm_type":"way","osm_id":309520143,"building":"yes","source_height_m":null,"source_levels":null,"display_height_m":23.0,"height_basis":"visual_fallback"},"geometry":{"type":"Polygon","coordinates":[[[139.771008,35.672057],[139.771051,35.67203],[139.771003,35.671978],[139.770959,35.672004],[139.771008,35.672057]]]}},{"type":"Feature","properties":{"osm_type":"way","osm_id":309520144,"building":"yes","source_height_m":null,"source_levels":null,"display_height_m":26.0,"height_basis":"visual_fallback"},"geometry":{"type":"Polygon","coordinates":[[[139.771168,35.671901],[139.771218,35.671877],[139.7712,35.671852],[139.77115,35.671876],[139.771168,35.671901]]]}},{"type":"Feature","properties":{"osm_type":"way","osm_id":309520153,"building":"yes","source_height_m":null,"source_levels":null,"display_height_m":23.0,"height_basis":"visual_fallback"},"geometry":{"type":"Polygon","coordinates":[[[139.770786,35.672302],[139.770756,35.672322],[139.770781,35.672347],[139.770812,35.672327],[139.770786,35.672302]]]}},{"type":"Feature","properties":{"osm_type":"way","osm_id":309520158,"building":"yes","source_height_m":null,"source_levels":null,"display_height_m":23.0,"height_basis":"visual_fallback"},"geometry":{"type":"Polygon","coordinates":[[[139.770896,35.672607],[139.770981,35.672547],[139.770937,35.672505],[139.770851,35.672564],[139.770896,35.672607]]]}},{"type":"Feature","properties":{"osm_type":"way","osm_id":309520162,"building":"yes","source_height_m":null,"source_levels":null,"display_height_m":20.0,"height_basis":"visual_fallback"},"geometry":{"type":"Polygon","coordinates":[[[139.77044,35.672301],[139.77047,35.672331],[139.77054,35.672283],[139.770509,35.672254],[139.77044,35.672301]]]}},{"type":"Feature","properties":{"osm_type":"way","osm_id":309520165,"building":"yes","source_height_m":null,"source_levels":null,"display_height_m":14.0,"height_basis":"visual_fallback"},"geometry":{"type":"Polygon","coordinates":[[[139.770442,35.672293],[139.770537,35.672233],[139.770446,35.672138],[139.770372,35.672184],[139.770368,35.672216],[139.770442,35.672293]]]}},{"type":"Feature","properties":{"osm_type":"way","osm_id":309520166,"building":"yes","source_height_m":null,"source_levels":null,"display_height_m":17.0,"height_basis":"visual_fallback"},"geometry":{"type":"Polygon","coordinates":[[[139.770879,35.672113],[139.770905,35.6721],[139.770876,35.672062],[139.770849,35.672076],[139.770879,35.672113]]]}},{"type":"Feature","properties":{"osm_type":"way","osm_id":309520167,"building":"yes","source_height_m":null,"source_levels":null,"display_height_m":20.0,"height_basis":"visual_fallback"},"geometry":{"type":"Polygon","coordinates":[[[139.771757,35.672564],[139.771825,35.672539],[139.771811,35.672514],[139.771743,35.672539],[139.771757,35.672564]]]}},{"type":"Feature","properties":{"osm_type":"way","osm_id":309520168,"building":"yes","source_height_m":null,"source_levels":null,"display_height_m":23.0,"height_basis":"visual_fallback"},"geometry":{"type":"Polygon","coordinates":[[[139.771922,35.671984],[139.771909,35.671932],[139.771762,35.671957],[139.771775,35.672009],[139.771922,35.671984]]]}},{"type":"Feature","properties":{"osm_type":"way","osm_id":309520169,"building":"yes","source_height_m":null,"source_levels":null,"display_height_m":26.0,"height_basis":"visual_fallback"},"geometry":{"type":"Polygon","coordinates":[[[139.770033,35.672401],[139.770113,35.672482],[139.770174,35.672441],[139.770094,35.672361],[139.770033,35.672401]]]}},{"type":"Feature","properties":{"osm_type":"way","osm_id":309520170,"building":"yes","source_height_m":null,"source_levels":null,"display_height_m":14.0,"height_basis":"visual_fallback"},"geometry":{"type":"Polygon","coordinates":[[[139.771653,35.672288],[139.771686,35.672347],[139.771789,35.672308],[139.771756,35.67225],[139.771653,35.672288]]]}},{"type":"Feature","properties":{"osm_type":"way","osm_id":309520172,"building":"yes","source_height_m":null,"source_levels":null,"display_height_m":20.0,"height_basis":"visual_fallback"},"geometry":{"type":"Polygon","coordinates":[[[139.771118,35.67288],[139.771085,35.672845],[139.771007,35.672893],[139.771042,35.672916],[139.771118,35.67288]]]}},{"type":"Feature","properties":{"osm_type":"way","osm_id":309520174,"building":"yes","source_height_m":null,"source_levels":null,"display_height_m":26.0,"height_basis":"visual_fallback"},"geometry":{"type":"Polygon","coordinates":[[[139.771596,35.672275],[139.771604,35.67229],[139.771687,35.672259],[139.771678,35.672244],[139.771596,35.672275]]]}},{"type":"Feature","properties":{"osm_type":"way","osm_id":309520175,"building":"yes","source_height_m":null,"source_levels":null,"display_height_m":14.0,"height_basis":"visual_fallback"},"geometry":{"type":"Polygon","coordinates":[[[139.770306,35.672506],[139.770347,35.67248],[139.770307,35.672439],[139.770266,35.672464],[139.770306,35.672506]]]}},{"type":"Feature","properties":{"osm_type":"way","osm_id":309520182,"building":"yes","source_height_m":null,"source_levels":null,"display_height_m":20.0,"height_basis":"visual_fallback"},"geometry":{"type":"Polygon","coordinates":[[[139.770881,35.672056],[139.770918,35.672102],[139.770956,35.672082],[139.77092,35.672036],[139.770881,35.672056]]]}},{"type":"Feature","properties":{"osm_type":"way","osm_id":309520183,"building":"yes","source_height_m":null,"source_levels":null,"display_height_m":23.0,"height_basis":"visual_fallback"},"geometry":{"type":"Polygon","coordinates":[[[139.770605,35.672657],[139.770583,35.672634],[139.770473,35.672703],[139.770495,35.672726],[139.770605,35.672657]]]}},{"type":"Feature","properties":{"osm_type":"way","osm_id":309520189,"building":"yes","source_height_m":null,"source_levels":null,"display_height_m":26.0,"height_basis":"visual_fallback"},"geometry":{"type":"Polygon","coordinates":[[[139.771763,35.671936],[139.771897,35.671912],[139.771883,35.671858],[139.771749,35.671881],[139.771763,35.671936]]]}},{"type":"Feature","properties":{"osm_type":"way","osm_id":309520196,"building":"yes","source_height_m":null,"source_levels":null,"display_height_m":17.0,"height_basis":"visual_fallback"},"geometry":{"type":"Polygon","coordinates":[[[139.771454,35.672744],[139.771584,35.672692],[139.771533,35.672606],[139.771402,35.672658],[139.771454,35.672744]]]}},{"type":"Feature","properties":{"osm_type":"way","osm_id":309520197,"building":"yes","source_height_m":null,"source_levels":null,"display_height_m":20.0,"height_basis":"visual_fallback"},"geometry":{"type":"Polygon","coordinates":[[[139.771698,35.672258],[139.771758,35.672236],[139.771743,35.672209],[139.771683,35.672231],[139.771698,35.672258]]]}},{"type":"Feature","properties":{"osm_type":"way","osm_id":309520208,"building":"yes","source_height_m":null,"source_levels":null,"display_height_m":23.0,"height_basis":"visual_fallback"},"geometry":{"type":"Polygon","coordinates":[[[139.770266,35.672298],[139.770254,35.672288],[139.770213,35.672289],[139.770147,35.67233],[139.770174,35.672358],[139.770266,35.672298]]]}},{"type":"Feature","properties":{"osm_type":"way","osm_id":309520210,"building":"yes","source_height_m":null,"source_levels":null,"display_height_m":14.0,"height_basis":"visual_fallback"},"geometry":{"type":"Polygon","coordinates":[[[139.77021,35.672421],[139.770249,35.672463],[139.770311,35.672424],[139.770338,35.672452],[139.770385,35.672423],[139.770319,35.672353],[139.77021,35.672421]]]}},{"type":"Feature","properties":{"osm_type":"way","osm_id":309520212,"building":"yes","source_height_m":null,"source_levels":null,"display_height_m":20.0,"height_basis":"visual_fallback"},"geometry":{"type":"Polygon","coordinates":[[[139.771472,35.671932],[139.771628,35.671874],[139.771572,35.671716],[139.771487,35.671747],[139.771555,35.671867],[139.771456,35.671904],[139.771472,35.671932]]]}},{"type":"Feature","properties":{"osm_type":"way","osm_id":309520213,"building":"yes","source_height_m":null,"source_levels":null,"display_height_m":23.0,"height_basis":"visual_fallback"},"geometry":{"type":"Polygon","coordinates":[[[139.770604,35.672302],[139.770571,35.672325],[139.770598,35.672351],[139.770541,35.672391],[139.770567,35.672416],[139.770657,35.672353],[139.770604,35.672302]]]}},{"type":"Feature","properties":{"osm_type":"way","osm_id":309520214,"building":"yes","source_height_m":null,"source_levels":null,"display_height_m":26.0,"height_basis":"visual_fallback"},"geometry":{"type":"Polygon","coordinates":[[[139.771541,35.67222],[139.77172,35.672138],[139.771662,35.671989],[139.771552,35.672038],[139.771614,35.672131],[139.771511,35.672176],[139.771541,35.67222]]]}},{"type":"Feature","properties":{"osm_type":"way","osm_id":309520217,"building":"yes","source_height_m":null,"source_levels":null,"display_height_m":20.0,"height_basis":"visual_fallback"},"geometry":{"type":"Polygon","coordinates":[[[139.771376,35.672774],[139.771448,35.672744],[139.771365,35.672614],[139.771292,35.672645],[139.771376,35.672774]]]}},{"type":"Feature","properties":{"osm_type":"way","osm_id":309520219,"building":"yes","source_height_m":null,"source_levels":null,"display_height_m":26.0,"height_basis":"visual_fallback"},"geometry":{"type":"Polygon","coordinates":[[[139.771704,35.672508],[139.771634,35.672534],[139.771655,35.672573],[139.771622,35.672585],[139.771664,35.67266],[139.771768,35.672622],[139.771704,35.672508]]]}},{"type":"Feature","properties":{"osm_type":"way","osm_id":309520220,"building":"yes","source_height_m":null,"source_levels":null,"display_height_m":14.0,"height_basis":"visual_fallback"},"geometry":{"type":"Polygon","coordinates":[[[139.771395,35.672649],[139.771543,35.672597],[139.771494,35.672506],[139.771428,35.672529],[139.771459,35.672587],[139.771377,35.672615],[139.771395,35.672649]]]}},{"type":"Feature","properties":{"osm_type":"way","osm_id":309520223,"building":"yes","source_height_m":null,"source_levels":null,"display_height_m":23.0,"height_basis":"visual_fallback"},"geometry":{"type":"Polygon","coordinates":[[[139.770994,35.672657],[139.770871,35.672732],[139.770935,35.6728],[139.771007,35.672756],[139.770972,35.672718],[139.771022,35.672688],[139.770994,35.672657]]]}},{"type":"Feature","properties":{"osm_type":"way","osm_id":309520225,"building":"yes","source_height_m":null,"source_levels":null,"display_height_m":14.0,"height_basis":"visual_fallback"},"geometry":{"type":"Polygon","coordinates":[[[139.771014,35.671972],[139.771071,35.672033],[139.771112,35.672008],[139.771122,35.672018],[139.771165,35.671992],[139.771099,35.67192],[139.771014,35.671972]]]}},{"type":"Feature","properties":{"osm_type":"way","osm_id":309520226,"building":"yes","source_height_m":null,"source_levels":null,"display_height_m":17.0,"height_basis":"visual_fallback"},"geometry":{"type":"Polygon","coordinates":[[[139.770712,35.672365],[139.770759,35.672334],[139.770741,35.672316],[139.770779,35.672291],[139.770748,35.67226],[139.77071,35.672285],[139.770678,35.672254],[139.770631,35.672285],[139.770712,35.672365]]]}},{"type":"Feature","properties":{"osm_type":"way","osm_id":309526507,"building":"yes","source_height_m":null,"source_levels":null,"display_height_m":20.0,"height_basis":"visual_fallback"},"geometry":{"type":"Polygon","coordinates":[[[139.771367,35.668263],[139.771445,35.668326],[139.771491,35.668289],[139.771412,35.668226],[139.771367,35.668263]]]}},{"type":"Feature","properties":{"osm_type":"way","osm_id":309526508,"building":"yes","source_height_m":null,"source_levels":null,"display_height_m":23.0,"height_basis":"visual_fallback"},"geometry":{"type":"Polygon","coordinates":[[[139.771317,35.668571],[139.771372,35.668527],[139.771309,35.668476],[139.771254,35.668521],[139.771317,35.668571]]]}},{"type":"Feature","properties":{"osm_type":"way","osm_id":309526509,"building":"yes","source_height_m":null,"source_levels":null,"display_height_m":26.0,"height_basis":"visual_fallback"},"geometry":{"type":"Polygon","coordinates":[[[139.771561,35.669936],[139.771489,35.669872],[139.771458,35.669895],[139.771531,35.66996],[139.771561,35.669936]]]}},{"type":"Feature","properties":{"osm_type":"way","osm_id":309526514,"building":"yes","source_height_m":null,"source_levels":null,"display_height_m":26.0,"height_basis":"visual_fallback"},"geometry":{"type":"Polygon","coordinates":[[[139.771745,35.669478],[139.771907,35.669345],[139.771838,35.669289],[139.771675,35.669422],[139.771745,35.669478]]]}},{"type":"Feature","properties":{"osm_type":"way","osm_id":309526515,"building":"yes","source_height_m":null,"source_levels":null,"display_height_m":14.0,"height_basis":"visual_fallback"},"geometry":{"type":"Polygon","coordinates":[[[139.771431,35.669398],[139.771562,35.669503],[139.771678,35.669407],[139.771547,35.669302],[139.771431,35.669398]]]}},{"type":"Feature","properties":{"osm_type":"way","osm_id":309526521,"building":"yes","source_height_m":null,"source_levels":null,"display_height_m":17.0,"height_basis":"visual_fallback"},"geometry":{"type":"Polygon","coordinates":[[[139.771704,35.668281],[139.771616,35.66821],[139.771533,35.668278],[139.771621,35.668349],[139.771704,35.668281]]]}},{"type":"Feature","properties":{"osm_type":"way","osm_id":309526524,"building":"yes","source_height_m":null,"source_levels":null,"display_height_m":26.0,"height_basis":"visual_fallback"},"geometry":{"type":"Polygon","coordinates":[[[139.771497,35.668286],[139.771562,35.668231],[139.771489,35.668172],[139.771423,35.668227],[139.771497,35.668286]]]}},{"type":"Feature","properties":{"osm_type":"way","osm_id":309526531,"building":"yes","source_height_m":null,"source_levels":null,"display_height_m":17.0,"height_basis":"visual_fallback"},"geometry":{"type":"Polygon","coordinates":[[[139.771834,35.669265],[139.771774,35.669217],[139.77172,35.669262],[139.77178,35.669309],[139.771834,35.669265]]]}},{"type":"Feature","properties":{"osm_type":"way","osm_id":309526532,"building":"yes","source_height_m":null,"source_levels":null,"display_height_m":20.0,"height_basis":"visual_fallback"},"geometry":{"type":"Polygon","coordinates":[[[139.77191,35.669073],[139.771988,35.66901],[139.771947,35.668977],[139.77187,35.66904],[139.77191,35.669073]]]}},{"type":"Feature","properties":{"osm_type":"way","osm_id":309526548,"building":"yes","source_height_m":null,"source_levels":null,"display_height_m":23.0,"height_basis":"visual_fallback"},"geometry":{"type":"Polygon","coordinates":[[[139.771986,35.670204],[139.771926,35.670131],[139.7719,35.670145],[139.77196,35.670218],[139.771986,35.670204]]]}},{"type":"Feature","properties":{"osm_type":"way","osm_id":309526551,"building":"yes","source_height_m":null,"source_levels":null,"display_height_m":17.0,"height_basis":"visual_fallback"},"geometry":{"type":"Polygon","coordinates":[[[139.771377,35.669359],[139.771418,35.669392],[139.771477,35.669344],[139.771436,35.669311],[139.771377,35.669359]]]}},{"type":"Feature","properties":{"osm_type":"way","osm_id":309526556,"building":"yes","source_height_m":null,"source_levels":null,"display_height_m":17.0,"height_basis":"visual_fallback"},"geometry":{"type":"Polygon","coordinates":[[[139.771313,35.669544],[139.771354,35.669576],[139.771427,35.669516],[139.771386,35.669483],[139.771313,35.669544]]]}},{"type":"Feature","properties":{"osm_type":"way","osm_id":309526559,"building":"yes","source_height_m":null,"source_levels":null,"display_height_m":26.0,"height_basis":"visual_fallback"},"geometry":{"type":"Polygon","coordinates":[[[139.771318,35.669675],[139.771405,35.669745],[139.771458,35.669702],[139.771371,35.669632],[139.771318,35.669675]]]}},{"type":"Feature","properties":{"osm_type":"way","osm_id":309526572,"building":"yes","source_height_m":null,"source_levels":null,"display_height_m":20.0,"height_basis":"visual_fallback"},"geometry":{"type":"Polygon","coordinates":[[[139.771267,35.669248],[139.771533,35.669028],[139.771452,35.668963],[139.771186,35.669183],[139.771267,35.669248]]]}},{"type":"Feature","properties":{"osm_type":"way","osm_id":309526577,"building":"yes","source_height_m":null,"source_levels":null,"display_height_m":20.0,"height_basis":"visual_fallback"},"geometry":{"type":"Polygon","coordinates":[[[139.771379,35.669479],[139.771355,35.66946],[139.771284,35.669519],[139.771307,35.669538],[139.771379,35.669479]]]}},{"type":"Feature","properties":{"osm_type":"way","osm_id":309526582,"building":"yes","source_height_m":null,"source_levels":null,"display_height_m":20.0,"height_basis":"visual_fallback"},"geometry":{"type":"Polygon","coordinates":[[[139.771611,35.670189],[139.771631,35.670213],[139.771777,35.670133],[139.771757,35.670109],[139.771611,35.670189]]]}},{"type":"Feature","properties":{"osm_type":"way","osm_id":309526584,"building":"yes","source_height_m":null,"source_levels":null,"display_height_m":26.0,"height_basis":"visual_fallback"},"geometry":{"type":"Polygon","coordinates":[[[139.772,35.668164],[139.771965,35.668192],[139.772,35.668221],[139.772,35.668164]]]}},{"type":"Feature","properties":{"osm_type":"way","osm_id":309526586,"building":"yes","source_height_m":null,"source_levels":null,"display_height_m":17.0,"height_basis":"visual_fallback"},"geometry":{"type":"Polygon","coordinates":[[[139.7717,35.669917],[139.771739,35.669964],[139.771824,35.669918],[139.771785,35.669871],[139.7717,35.669917]]]}},{"type":"Feature","properties":{"osm_type":"way","osm_id":309526588,"building":"yes","source_height_m":null,"source_levels":null,"display_height_m":23.0,"height_basis":"visual_fallback"},"geometry":{"type":"Polygon","coordinates":[[[139.771639,35.669768],[139.771696,35.66982],[139.771725,35.669799],[139.771668,35.669747],[139.771639,35.669768]]]}},{"type":"Feature","properties":{"osm_type":"way","osm_id":309526590,"building":"yes","source_height_m":null,"source_levels":null,"display_height_m":14.0,"height_basis":"visual_fallback"},"geometry":{"type":"Polygon","coordinates":[[[139.77135,35.669786],[139.771395,35.669749],[139.771315,35.669685],[139.77127,35.669722],[139.77135,35.669786]]]}},{"type":"Feature","properties":{"osm_type":"way","osm_id":309526593,"building":"yes","source_height_m":null,"source_levels":null,"display_height_m":23.0,"height_basis":"visual_fallback"},"geometry":{"type":"Polygon","coordinates":[[[139.771094,35.669639],[139.771222,35.669741],[139.771305,35.669673],[139.771177,35.669571],[139.771094,35.669639]]]}},{"type":"Feature","properties":{"osm_type":"way","osm_id":309526595,"building":"yes","source_height_m":null,"source_levels":null,"display_height_m":14.0,"height_basis":"visual_fallback"},"geometry":{"type":"Polygon","coordinates":[[[139.771499,35.668441],[139.771404,35.668365],[139.77135,35.66841],[139.771445,35.668485],[139.771499,35.668441]]]}},{"type":"Feature","properties":{"osm_type":"way","osm_id":309526602,"building":"yes","source_height_m":null,"source_levels":null,"display_height_m":20.0,"height_basis":"visual_fallback"},"geometry":{"type":"Polygon","coordinates":[[[139.771746,35.669969],[139.771802,35.670032],[139.771866,35.669995],[139.77181,35.669932],[139.771746,35.669969]]]}},{"type":"Feature","properties":{"osm_type":"way","osm_id":309526613,"building":"yes","source_height_m":null,"source_levels":null,"display_height_m":23.0,"height_basis":"visual_fallback"},"geometry":{"type":"Polygon","coordinates":[[[139.771198,35.668387],[139.771284,35.668456],[139.771335,35.668414],[139.771249,35.668345],[139.771198,35.668387]]]}},{"type":"Feature","properties":{"osm_type":"way","osm_id":309526614,"building":"yes","source_height_m":null,"source_levels":null,"display_height_m":26.0,"height_basis":"visual_fallback"},"geometry":{"type":"Polygon","coordinates":[[[139.771299,35.668461],[139.771378,35.668524],[139.771427,35.668484],[139.771348,35.668421],[139.771299,35.668461]]]}},{"type":"Feature","properties":{"osm_type":"way","osm_id":309526622,"building":"yes","source_height_m":null,"source_levels":null,"display_height_m":20.0,"height_basis":"visual_fallback"},"geometry":{"type":"Polygon","coordinates":[[[139.771563,35.669516],[139.771634,35.669572],[139.771665,35.669547],[139.771594,35.66949],[139.771563,35.669516]]]}},{"type":"Feature","properties":{"osm_type":"way","osm_id":309526633,"building":"yes","source_height_m":null,"source_levels":null,"display_height_m":23.0,"height_basis":"visual_fallback"},"geometry":{"type":"Polygon","coordinates":[[[139.771531,35.668149],[139.77157,35.66818],[139.771652,35.668113],[139.771613,35.668081],[139.771531,35.668149]]]}},{"type":"Feature","properties":{"osm_type":"way","osm_id":309526635,"building":"yes","source_height_m":null,"source_levels":null,"display_height_m":14.0,"height_basis":"visual_fallback"},"geometry":{"type":"Polygon","coordinates":[[[139.77135,35.668392],[139.771396,35.668355],[139.771321,35.668294],[139.771275,35.668332],[139.77135,35.668392]]]}},{"type":"Feature","properties":{"osm_type":"way","osm_id":309526642,"building":"yes","source_height_m":null,"source_levels":null,"display_height_m":20.0,"height_basis":"visual_fallback"},"geometry":{"type":"Polygon","coordinates":[[[139.771719,35.669291],[139.771675,35.669328],[139.771716,35.66936],[139.77176,35.669324],[139.771719,35.669291]]]}},{"type":"Feature","properties":{"osm_type":"way","osm_id":309526645,"building":"yes","source_height_m":null,"source_levels":null,"display_height_m":14.0,"height_basis":"visual_fallback"},"geometry":{"type":"Polygon","coordinates":[[[139.771667,35.669534],[139.771734,35.669479],[139.771679,35.669435],[139.771612,35.66949],[139.771667,35.669534]]]}},{"type":"Feature","properties":{"osm_type":"way","osm_id":309526649,"building":"yes","source_height_m":null,"source_levels":null,"display_height_m":26.0,"height_basis":"visual_fallback"},"geometry":{"type":"Polygon","coordinates":[[[139.771695,35.668093],[139.771587,35.668182],[139.771711,35.668281],[139.771818,35.668192],[139.771695,35.668093]]]}},{"type":"Feature","properties":{"osm_type":"way","osm_id":309526654,"building":"yes","source_height_m":null,"source_levels":null,"display_height_m":26.0,"height_basis":"visual_fallback"},"geometry":{"type":"Polygon","coordinates":[[[139.771617,35.669331],[139.771767,35.669207],[139.771711,35.669162],[139.77156,35.669285],[139.771617,35.669331]]]}},{"type":"Feature","properties":{"osm_type":"way","osm_id":309526657,"building":"yes","source_height_m":null,"source_levels":null,"display_height_m":20.0,"height_basis":"visual_fallback"},"geometry":{"type":"Polygon","coordinates":[[[139.771562,35.669931],[139.771639,35.669875],[139.771564,35.669807],[139.771487,35.669863],[139.771562,35.669931]]]}},{"type":"Feature","properties":{"osm_type":"way","osm_id":309526662,"building":"yes","source_height_m":null,"source_levels":null,"display_height_m":20.0,"height_basis":"visual_fallback"},"geometry":{"type":"Polygon","coordinates":[[[139.771683,35.669152],[139.77156,35.669053],[139.771393,35.66919],[139.771516,35.669289],[139.771683,35.669152]]]}},{"type":"Feature","properties":{"osm_type":"way","osm_id":309526668,"building":"yes","source_height_m":null,"source_levels":null,"display_height_m":23.0,"height_basis":"visual_fallback"},"geometry":{"type":"Polygon","coordinates":[[[139.771488,35.669686],[139.77156,35.669627],[139.771505,35.669583],[139.771433,35.669643],[139.771488,35.669686]]]}},{"type":"Feature","properties":{"osm_type":"way","osm_id":309526676,"building":"yes","source_height_m":null,"source_levels":null,"display_height_m":17.0,"height_basis":"visual_fallback"},"geometry":{"type":"Polygon","coordinates":[[[139.771443,35.668937],[139.771328,35.668845],[139.771092,35.669039],[139.771208,35.669131],[139.771443,35.668937]]]}},{"type":"Feature","properties":{"osm_type":"way","osm_id":309526677,"building":"yes","source_height_m":null,"source_levels":null,"display_height_m":20.0,"height_basis":"visual_fallback"},"geometry":{"type":"Polygon","coordinates":[[[139.771378,35.669201],[139.771283,35.66928],[139.771373,35.669351],[139.771468,35.669273],[139.771378,35.669201]]]}},{"type":"Feature","properties":{"osm_type":"way","osm_id":309526682,"building":"yes","source_height_m":null,"source_levels":null,"display_height_m":20.0,"height_basis":"visual_fallback"},"geometry":{"type":"Polygon","coordinates":[[[139.771271,35.669514],[139.771352,35.669448],[139.77133,35.669431],[139.77125,35.669497],[139.771271,35.669514]]]}},{"type":"Feature","properties":{"osm_type":"way","osm_id":309526683,"building":"yes","source_height_m":null,"source_levels":null,"display_height_m":23.0,"height_basis":"visual_fallback"},"geometry":{"type":"Polygon","coordinates":[[[139.771497,35.669576],[139.771431,35.669523],[139.771354,35.669587],[139.77142,35.66964],[139.771497,35.669576]]]}},{"type":"Feature","properties":{"osm_type":"way","osm_id":309526688,"building":"yes","source_height_m":null,"source_levels":null,"display_height_m":23.0,"height_basis":"visual_fallback"},"geometry":{"type":"Polygon","coordinates":[[[139.771653,35.670222],[139.771688,35.670264],[139.771824,35.67019],[139.771789,35.670148],[139.771653,35.670222]]]}},{"type":"Feature","properties":{"osm_type":"way","osm_id":309526690,"building":"yes","source_height_m":null,"source_levels":null,"display_height_m":14.0,"height_basis":"visual_fallback"},"geometry":{"type":"Polygon","coordinates":[[[139.771238,35.668518],[139.771289,35.668481],[139.771188,35.668391],[139.77117,35.668404],[139.771162,35.668396],[139.771152,35.668406],[139.771148,35.668416],[139.77115,35.668429],[139.771158,35.668441],[139.771155,35.668443],[139.771238,35.668518]]]}},{"type":"Feature","properties":{"osm_type":"way","osm_id":309526697,"building":"yes","source_height_m":null,"source_levels":null,"display_height_m":20.0,"height_basis":"visual_fallback"},"geometry":{"type":"Polygon","coordinates":[[[139.771301,35.669659],[139.771368,35.669604],[139.771246,35.669507],[139.771179,35.669562],[139.771301,35.669659]]]}},{"type":"Feature","properties":{"osm_type":"way","osm_id":309526700,"building":"yes","source_height_m":null,"source_levels":null,"display_height_m":14.0,"height_basis":"visual_fallback"},"geometry":{"type":"Polygon","coordinates":[[[139.771824,35.670164],[139.771961,35.670088],[139.771902,35.670017],[139.771764,35.670092],[139.771824,35.670164]]]}},{"type":"Feature","properties":{"osm_type":"way","osm_id":309526701,"building":"yes","source_height_m":null,"source_levels":null,"display_height_m":17.0,"height_basis":"visual_fallback"},"geometry":{"type":"Polygon","coordinates":[[[139.771817,35.670211],[139.771702,35.670274],[139.771737,35.670316],[139.771852,35.670253],[139.771817,35.670211]]]}},{"type":"Feature","properties":{"osm_type":"way","osm_id":309526704,"building":"yes","source_height_m":null,"source_levels":null,"display_height_m":26.0,"height_basis":"visual_fallback"},"geometry":{"type":"Polygon","coordinates":[[[139.771699,35.669913],[139.771783,35.669865],[139.771735,35.669812],[139.771659,35.669865],[139.771699,35.669913]]]}},{"type":"Feature","properties":{"osm_type":"way","osm_id":309526707,"building":"yes","source_height_m":null,"source_levels":null,"display_height_m":20.0,"height_basis":"visual_fallback"},"geometry":{"type":"Polygon","coordinates":[[[139.771227,35.669755],[139.771303,35.669816],[139.771338,35.669788],[139.771262,35.669727],[139.771227,35.669755]]]}},{"type":"Feature","properties":{"osm_type":"way","osm_id":309526714,"building":"yes","source_height_m":null,"source_levels":null,"display_height_m":26.0,"height_basis":"visual_fallback"},"geometry":{"type":"Polygon","coordinates":[[[139.771569,35.668382],[139.77161,35.668349],[139.771528,35.668281],[139.771487,35.668315],[139.771569,35.668382]]]}},{"type":"Feature","properties":{"osm_type":"way","osm_id":309526715,"building":"yes","source_height_m":null,"source_levels":null,"display_height_m":14.0,"height_basis":"visual_fallback"},"geometry":{"type":"Polygon","coordinates":[[[139.771933,35.670125],[139.771997,35.670203],[139.772,35.670201],[139.772,35.670126],[139.771978,35.6701],[139.771933,35.670125]]]}},{"type":"Feature","properties":{"osm_type":"way","osm_id":309526716,"building":"yes","source_height_m":null,"source_levels":null,"display_height_m":17.0,"height_basis":"visual_fallback"},"geometry":{"type":"Polygon","coordinates":[[[139.771469,35.668325],[139.771423,35.668363],[139.771508,35.668432],[139.771555,35.668394],[139.771469,35.668325]]]}},{"type":"Feature","properties":{"osm_type":"way","osm_id":309526732,"building":"yes","source_height_m":null,"source_levels":null,"display_height_m":20.0,"height_basis":"visual_fallback"},"geometry":{"type":"Polygon","coordinates":[[[139.771863,35.670255],[139.771948,35.670208],[139.771889,35.670138],[139.771826,35.670173],[139.771845,35.670195],[139.771823,35.670207],[139.771863,35.670255]]]}},{"type":"Feature","properties":{"osm_type":"way","osm_id":309526735,"building":"yes","source_height_m":null,"source_levels":null,"display_height_m":14.0,"height_basis":"visual_fallback"},"geometry":{"type":"Polygon","coordinates":[[[139.771674,35.668034],[139.771795,35.668163],[139.771922,35.668084],[139.77185,35.668008],[139.771947,35.667948],[139.771898,35.667895],[139.771674,35.668034]]]}},{"type":"Feature","properties":{"osm_type":"way","osm_id":309526736,"building":"yes","source_height_m":null,"source_levels":null,"display_height_m":17.0,"height_basis":"visual_fallback"},"geometry":{"type":"Polygon","coordinates":[[[139.772,35.668607],[139.771982,35.668622],[139.772,35.668637],[139.772,35.668607]]]}},{"type":"Feature","properties":{"osm_type":"way","osm_id":309526743,"building":"yes","source_height_m":null,"source_levels":null,"display_height_m":23.0,"height_basis":"visual_fallback"},"geometry":{"type":"Polygon","coordinates":[[[139.771596,35.670144],[139.771737,35.670063],[139.771722,35.670046],[139.771777,35.670015],[139.771683,35.669906],[139.771646,35.669927],[139.771632,35.66991],[139.771531,35.669967],[139.771458,35.669905],[139.771416,35.669935],[139.771596,35.670144]]]}},{"type":"Feature","properties":{"osm_type":"way","osm_id":309529809,"building":"yes","source_height_m":null,"source_levels":null,"display_height_m":26.0,"height_basis":"visual_fallback"},"geometry":{"type":"Polygon","coordinates":[[[139.767071,35.668425],[139.766943,35.668318],[139.766804,35.668428],[139.766932,35.668535],[139.767071,35.668425]]]}},{"type":"Feature","properties":{"osm_type":"way","osm_id":309529811,"building":"yes","source_height_m":null,"source_levels":null,"display_height_m":17.0,"height_basis":"visual_fallback"},"geometry":{"type":"Polygon","coordinates":[[[139.770555,35.667644],[139.770622,35.667589],[139.770546,35.667529],[139.77048,35.667584],[139.770555,35.667644]]]}},{"type":"Feature","properties":{"osm_type":"way","osm_id":309529812,"building":"yes","source_height_m":null,"source_levels":null,"display_height_m":20.0,"height_basis":"visual_fallback"},"geometry":{"type":"Polygon","coordinates":[[[139.766609,35.668391],[139.76667,35.668436],[139.76687,35.668259],[139.766809,35.668214],[139.766609,35.668391]]]}},{"type":"Feature","properties":{"osm_type":"way","osm_id":309529813,"building":"yes","source_height_m":null,"source_levels":null,"display_height_m":23.0,"height_basis":"visual_fallback"},"geometry":{"type":"Polygon","coordinates":[[[139.768858,35.669441],[139.768815,35.669477],[139.768865,35.669517],[139.768908,35.669481],[139.768858,35.669441]]]}},{"type":"Feature","properties":{"osm_type":"way","osm_id":309529815,"building":"yes","source_height_m":null,"source_levels":null,"display_height_m":14.0,"height_basis":"visual_fallback"},"geometry":{"type":"Polygon","coordinates":[[[139.770727,35.667678],[139.770761,35.66765],[139.770682,35.667586],[139.770647,35.667615],[139.770727,35.667678]]]}},{"type":"Feature","properties":{"osm_type":"way","osm_id":309529816,"building":"yes","source_height_m":null,"source_levels":null,"display_height_m":17.0,"height_basis":"visual_fallback"},"geometry":{"type":"Polygon","coordinates":[[[139.766817,35.668413],[139.766932,35.668321],[139.766886,35.668283],[139.766771,35.668375],[139.766817,35.668413]]]}},{"type":"Feature","properties":{"osm_type":"way","osm_id":309529817,"building":"yes","source_height_m":null,"source_levels":null,"display_height_m":20.0,"height_basis":"visual_fallback"},"geometry":{"type":"Polygon","coordinates":[[[139.766751,35.668379],[139.766675,35.668447],[139.766689,35.668458],[139.766766,35.66839],[139.766751,35.668379]]]}},{"type":"Feature","properties":{"osm_type":"way","osm_id":309529818,"building":"yes","source_height_m":null,"source_levels":null,"display_height_m":23.0,"height_basis":"visual_fallback"},"geometry":{"type":"Polygon","coordinates":[[[139.768871,35.669526],[139.768896,35.669546],[139.768952,35.669499],[139.768927,35.669479],[139.768871,35.669526]]]}},{"type":"Feature","properties":{"osm_type":"way","osm_id":309529819,"building":"yes","source_height_m":null,"source_levels":null,"display_height_m":26.0,"height_basis":"visual_fallback"},"geometry":{"type":"Polygon","coordinates":[[[139.770725,35.665223],[139.770757,35.665244],[139.770884,35.665118],[139.770851,35.665096],[139.770725,35.665223]]]}},{"type":"Feature","properties":{"osm_type":"way","osm_id":309529823,"building":"yes","source_height_m":null,"source_levels":null,"display_height_m":23.0,"height_basis":"visual_fallback"},"geometry":{"type":"Polygon","coordinates":[[[139.770213,35.66767],[139.77024,35.667691],[139.77029,35.66765],[139.770263,35.667629],[139.770213,35.66767]]]}},{"type":"Feature","properties":{"osm_type":"way","osm_id":309529825,"building":"yes","source_height_m":null,"source_levels":null,"display_height_m":14.0,"height_basis":"visual_fallback"},"geometry":{"type":"Polygon","coordinates":[[[139.771032,35.667266],[139.770967,35.667215],[139.770783,35.667366],[139.770848,35.667418],[139.771032,35.667266]]]}},{"type":"Feature","properties":{"osm_type":"way","osm_id":309529827,"building":"yes","source_height_m":null,"source_levels":null,"display_height_m":20.0,"height_basis":"visual_fallback"},"geometry":{"type":"Polygon","coordinates":[[[139.770266,35.66762],[139.770242,35.667601],[139.770188,35.667645],[139.770213,35.667665],[139.770266,35.66762]]]}},{"type":"Feature","properties":{"osm_type":"way","osm_id":309529830,"building":"yes","source_height_m":null,"source_levels":null,"display_height_m":14.0,"height_basis":"visual_fallback"},"geometry":{"type":"Polygon","coordinates":[[[139.770552,35.66508],[139.770621,35.665134],[139.770759,35.665019],[139.770689,35.664964],[139.770552,35.66508]]]}},{"type":"Feature","properties":{"osm_type":"way","osm_id":309529831,"building":"yes","source_height_m":null,"source_levels":null,"display_height_m":17.0,"height_basis":"visual_fallback"},"geometry":{"type":"Polygon","coordinates":[[[139.770758,35.667358],[139.770689,35.667414],[139.770774,35.667483],[139.770843,35.667426],[139.770758,35.667358]]]}},{"type":"Feature","properties":{"osm_type":"way","osm_id":309529833,"building":"yes","source_height_m":null,"source_levels":null,"display_height_m":23.0,"height_basis":"visual_fallback"},"geometry":{"type":"Polygon","coordinates":[[[139.767574,35.668935],[139.767631,35.668889],[139.767577,35.668844],[139.767519,35.668889],[139.767574,35.668935]]]}},{"type":"Feature","properties":{"osm_type":"way","osm_id":309529834,"building":"yes","source_height_m":null,"source_levels":null,"display_height_m":26.0,"height_basis":"visual_fallback"},"geometry":{"type":"Polygon","coordinates":[[[139.77048,35.665245],[139.770514,35.665272],[139.770618,35.665184],[139.770584,35.665158],[139.77048,35.665245]]]}},{"type":"Feature","properties":{"osm_type":"way","osm_id":309529835,"building":"yes","source_height_m":null,"source_levels":null,"display_height_m":14.0,"height_basis":"visual_fallback"},"geometry":{"type":"Polygon","coordinates":[[[139.768417,35.666651],[139.768528,35.666738],[139.768628,35.666655],[139.768516,35.666568],[139.768502,35.66658],[139.768417,35.666651]]]}},{"type":"Feature","properties":{"osm_type":"way","osm_id":309529836,"building":"yes","source_height_m":null,"source_levels":null,"display_height_m":17.0,"height_basis":"visual_fallback"},"geometry":{"type":"Polygon","coordinates":[[[139.770784,35.665023],[139.77063,35.665153],[139.770674,35.665188],[139.770829,35.665058],[139.770784,35.665023]]]}},{"type":"Feature","properties":{"osm_type":"way","osm_id":309529837,"building":"yes","source_height_m":null,"source_levels":null,"display_height_m":20.0,"height_basis":"visual_fallback"},"geometry":{"type":"Polygon","coordinates":[[[139.767561,35.668835],[139.767536,35.668814],[139.767481,35.668858],[139.767506,35.668879],[139.767561,35.668835]]]}},{"type":"Feature","properties":{"osm_type":"way","osm_id":309529838,"building":"yes","source_height_m":null,"source_levels":null,"display_height_m":23.0,"height_basis":"visual_fallback"},"geometry":{"type":"Polygon","coordinates":[[[139.770642,35.66518],[139.770517,35.665285],[139.770558,35.665317],[139.770683,35.665212],[139.770642,35.66518]]]}},{"type":"Feature","properties":{"osm_type":"way","osm_id":309529839,"building":"yes","source_height_m":null,"source_levels":null,"display_height_m":26.0,"height_basis":"visual_fallback"},"geometry":{"type":"Polygon","coordinates":[[[139.768811,35.669374],[139.768753,35.669422],[139.768773,35.669437],[139.76883,35.66939],[139.768811,35.669374]]]}},{"type":"Feature","properties":{"osm_type":"way","osm_id":309529840,"building":"yes","source_height_m":null,"source_levels":null,"display_height_m":14.0,"height_basis":"visual_fallback"},"geometry":{"type":"Polygon","coordinates":[[[139.77063,35.667741],[139.77066,35.667716],[139.770575,35.667648],[139.770544,35.667673],[139.77063,35.667741]]]}},{"type":"Feature","properties":{"osm_type":"way","osm_id":309529841,"building":"yes","source_height_m":null,"source_levels":null,"display_height_m":17.0,"height_basis":"visual_fallback"},"geometry":{"type":"Polygon","coordinates":[[[139.767059,35.668625],[139.767188,35.668522],[139.767079,35.668431],[139.76695,35.668534],[139.767059,35.668625]]]}},{"type":"Feature","properties":{"osm_type":"way","osm_id":309529842,"building":"yes","source_height_m":null,"source_levels":null,"display_height_m":20.0,"height_basis":"visual_fallback"},"geometry":{"type":"Polygon","coordinates":[[[139.770886,35.667557],[139.770942,35.667511],[139.770854,35.667441],[139.770798,35.667487],[139.770886,35.667557]]]}},{"type":"Feature","properties":{"osm_type":"way","osm_id":309529844,"building":"yes","source_height_m":null,"source_levels":null,"display_height_m":26.0,"height_basis":"visual_fallback"},"geometry":{"type":"Polygon","coordinates":[[[139.768775,35.669445],[139.768805,35.669468],[139.768866,35.669417],[139.768837,35.669393],[139.768775,35.669445]]]}},{"type":"Feature","properties":{"osm_type":"way","osm_id":309529845,"building":"yes","source_height_m":null,"source_levels":null,"display_height_m":14.0,"height_basis":"visual_fallback"},"geometry":{"type":"Polygon","coordinates":[[[139.770585,35.667639],[139.770677,35.667712],[139.770715,35.66768],[139.770624,35.667607],[139.770585,35.667639]]]}},{"type":"Feature","properties":{"osm_type":"way","osm_id":309529846,"building":"yes","source_height_m":null,"source_levels":null,"display_height_m":17.0,"height_basis":"visual_fallback"},"geometry":{"type":"Polygon","coordinates":[[[139.770864,35.667418],[139.770967,35.6675],[139.771079,35.667407],[139.770976,35.667325],[139.770864,35.667418]]]}},{"type":"Feature","properties":{"osm_type":"way","osm_id":309529848,"building":"yes","source_height_m":null,"source_levels":null,"display_height_m":23.0,"height_basis":"visual_fallback"},"geometry":{"type":"Polygon","coordinates":[[[139.770899,35.665276],[139.770939,35.665236],[139.770979,35.665196],[139.770938,35.665169],[139.770859,35.665249],[139.770899,35.665276]]]}},{"type":"Feature","properties":{"osm_type":"way","osm_id":309529849,"building":"yes","source_height_m":null,"source_levels":null,"display_height_m":26.0,"height_basis":"visual_fallback"},"geometry":{"type":"Polygon","coordinates":[[[139.770541,35.667335],[139.770619,35.667395],[139.770669,35.667353],[139.770591,35.667292],[139.770541,35.667335]]]}},{"type":"Feature","properties":{"osm_type":"way","osm_id":309529851,"building":"yes","source_height_m":null,"source_levels":null,"display_height_m":17.0,"height_basis":"visual_fallback"},"geometry":{"type":"Polygon","coordinates":[[[139.76854,35.669039],[139.768654,35.66913],[139.768822,35.668992],[139.768708,35.6689],[139.76854,35.669039]]]}},{"type":"Feature","properties":{"osm_type":"way","osm_id":309529852,"building":"yes","source_height_m":null,"source_levels":null,"display_height_m":20.0,"height_basis":"visual_fallback"},"geometry":{"type":"Polygon","coordinates":[[[139.767013,35.668741],[139.767075,35.668787],[139.767141,35.668728],[139.76708,35.668682],[139.767013,35.668741]]]}},{"type":"Feature","properties":{"osm_type":"way","osm_id":309529853,"building":"yes","source_height_m":null,"source_levels":null,"display_height_m":23.0,"height_basis":"visual_fallback"},"geometry":{"type":"Polygon","coordinates":[[[139.770604,35.667413],[139.770533,35.667357],[139.77047,35.667409],[139.770541,35.667465],[139.770604,35.667413]]]}},{"type":"Feature","properties":{"osm_type":"way","osm_id":309529854,"building":"yes","source_height_m":null,"source_levels":null,"display_height_m":26.0,"height_basis":"visual_fallback"},"geometry":{"type":"Polygon","coordinates":[[[139.770699,35.665434],[139.770758,35.665483],[139.770835,35.665421],[139.770776,35.665373],[139.770699,35.665434]]]}},{"type":"Feature","properties":{"osm_type":"way","osm_id":309529855,"building":"yes","source_height_m":null,"source_levels":null,"display_height_m":14.0,"height_basis":"visual_fallback"},"geometry":{"type":"Polygon","coordinates":[[[139.767159,35.668717],[139.76728,35.66861],[139.767193,35.668546],[139.767073,35.668653],[139.767159,35.668717]]]}},{"type":"Feature","properties":{"osm_type":"way","osm_id":309529857,"building":"yes","source_height_m":null,"source_levels":null,"display_height_m":20.0,"height_basis":"visual_fallback"},"geometry":{"type":"Polygon","coordinates":[[[139.770768,35.665493],[139.770843,35.665555],[139.770922,35.665492],[139.770846,35.66543],[139.770768,35.665493]]]}},{"type":"Feature","properties":{"osm_type":"way","osm_id":309529858,"building":"yes","source_height_m":null,"source_levels":null,"display_height_m":23.0,"height_basis":"visual_fallback"},"geometry":{"type":"Polygon","coordinates":[[[139.770335,35.665001],[139.770275,35.665059],[139.770388,35.665136],[139.770448,35.665078],[139.770335,35.665001]]]}},{"type":"Feature","properties":{"osm_type":"way","osm_id":309529859,"building":"yes","source_height_m":null,"source_levels":null,"display_height_m":26.0,"height_basis":"visual_fallback"},"geometry":{"type":"Polygon","coordinates":[[[139.768806,35.666852],[139.768879,35.666911],[139.768964,35.666842],[139.76889,35.666782],[139.768806,35.666852]]]}},{"type":"Feature","properties":{"osm_type":"way","osm_id":309529860,"building":"yes","source_height_m":null,"source_levels":null,"display_height_m":14.0,"height_basis":"visual_fallback"},"geometry":{"type":"Polygon","coordinates":[[[139.770657,35.664933],[139.77052,35.665048],[139.77055,35.665072],[139.770687,35.664956],[139.770657,35.664933]]]}},{"type":"Feature","properties":{"osm_type":"way","osm_id":309529861,"building":"yes","source_height_m":null,"source_levels":null,"display_height_m":17.0,"height_basis":"visual_fallback"},"geometry":{"type":"Polygon","coordinates":[[[139.768299,35.669085],[139.768267,35.66906],[139.76818,35.669132],[139.768211,35.669158],[139.768299,35.669085]]]}},{"type":"Feature","properties":{"osm_type":"way","osm_id":309529862,"building":"yes","source_height_m":null,"source_levels":null,"display_height_m":20.0,"height_basis":"visual_fallback"},"geometry":{"type":"Polygon","coordinates":[[[139.770532,35.665101],[139.77041,35.665203],[139.770464,35.665245],[139.770585,35.665143],[139.770532,35.665101]]]}},{"type":"Feature","properties":{"osm_type":"way","osm_id":309529863,"building":"yes","source_height_m":null,"source_levels":null,"display_height_m":23.0,"height_basis":"visual_fallback"},"geometry":{"type":"Polygon","coordinates":[[[139.768675,35.669246],[139.768573,35.66933],[139.76861,35.66936],[139.768712,35.669275],[139.768675,35.669246]]]}},{"type":"Feature","properties":{"osm_type":"way","osm_id":309529864,"building":"yes","source_height_m":null,"source_levels":null,"display_height_m":26.0,"height_basis":"visual_fallback"},"geometry":{"type":"Polygon","coordinates":[[[139.770537,35.667827],[139.770585,35.667788],[139.77048,35.667705],[139.770433,35.667744],[139.770537,35.667827]]]}},{"type":"Feature","properties":{"osm_type":"way","osm_id":309529865,"building":"yes","source_height_m":null,"source_levels":null,"display_height_m":14.0,"height_basis":"visual_fallback"},"geometry":{"type":"Polygon","coordinates":[[[139.768669,35.669337],[139.768753,35.669404],[139.768799,35.669367],[139.768714,35.669299],[139.768669,35.669337]]]}},{"type":"Feature","properties":{"osm_type":"way","osm_id":309529866,"building":"yes","source_height_m":null,"source_levels":null,"display_height_m":17.0,"height_basis":"visual_fallback"},"geometry":{"type":"Polygon","coordinates":[[[139.767272,35.6688],[139.767163,35.668887],[139.767206,35.668923],[139.767315,35.668836],[139.767272,35.6688]]]}},{"type":"Feature","properties":{"osm_type":"way","osm_id":309529867,"building":"yes","source_height_m":null,"source_levels":null,"display_height_m":20.0,"height_basis":"visual_fallback"},"geometry":{"type":"Polygon","coordinates":[[[139.77054,35.667723],[139.77059,35.667763],[139.77062,35.667738],[139.770569,35.667698],[139.77054,35.667723]]]}},{"type":"Feature","properties":{"osm_type":"way","osm_id":309529868,"building":"yes","source_height_m":null,"source_levels":null,"display_height_m":23.0,"height_basis":"visual_fallback"},"geometry":{"type":"Polygon","coordinates":[[[139.770752,35.66752],[139.770837,35.667589],[139.77086,35.66757],[139.770774,35.667501],[139.770752,35.66752]]]}},{"type":"Feature","properties":{"osm_type":"way","osm_id":309529869,"building":"yes","source_height_m":null,"source_levels":null,"display_height_m":26.0,"height_basis":"visual_fallback"},"geometry":{"type":"Polygon","coordinates":[[[139.766796,35.668536],[139.766835,35.668565],[139.766885,35.668521],[139.766846,35.668492],[139.766796,35.668536]]]}},{"type":"Feature","properties":{"osm_type":"way","osm_id":309529872,"building":"yes","source_height_m":null,"source_levels":null,"display_height_m":20.0,"height_basis":"visual_fallback"},"geometry":{"type":"Polygon","coordinates":[[[139.766902,35.668633],[139.766966,35.668681],[139.767028,35.668625],[139.766965,35.668578],[139.766902,35.668633]]]}},{"type":"Feature","properties":{"osm_type":"way","osm_id":309529873,"building":"yes","source_height_m":null,"source_levels":null,"display_height_m":23.0,"height_basis":"visual_fallback"},"geometry":{"type":"Polygon","coordinates":[[[139.770475,35.665047],[139.770365,35.66497],[139.770342,35.664992],[139.770452,35.665069],[139.770475,35.665047]]]}},{"type":"Feature","properties":{"osm_type":"way","osm_id":309529874,"building":"yes","source_height_m":null,"source_levels":null,"display_height_m":26.0,"height_basis":"visual_fallback"},"geometry":{"type":"Polygon","coordinates":[[[139.768865,35.669252],[139.768788,35.669191],[139.768771,35.669205],[139.768847,35.669267],[139.768865,35.669252]]]}},{"type":"Feature","properties":{"osm_type":"way","osm_id":309529875,"building":"yes","source_height_m":null,"source_levels":null,"display_height_m":14.0,"height_basis":"visual_fallback"},"geometry":{"type":"Polygon","coordinates":[[[139.770112,35.6676],[139.770174,35.667548],[139.770145,35.667525],[139.770082,35.667577],[139.770112,35.6676]]]}},{"type":"Feature","properties":{"osm_type":"way","osm_id":309529876,"building":"yes","source_height_m":null,"source_levels":null,"display_height_m":17.0,"height_basis":"visual_fallback"},"geometry":{"type":"Polygon","coordinates":[[[139.767039,35.668639],[139.766968,35.668702],[139.767005,35.66873],[139.767076,35.668667],[139.767039,35.668639]]]}},{"type":"Feature","properties":{"osm_type":"way","osm_id":309529879,"building":"yes","source_height_m":null,"source_levels":null,"display_height_m":26.0,"height_basis":"visual_fallback"},"geometry":{"type":"Polygon","coordinates":[[[139.768463,35.667062],[139.768588,35.667162],[139.768718,35.667056],[139.768592,35.666955],[139.768463,35.667062]]]}},{"type":"Feature","properties":{"osm_type":"way","osm_id":309529880,"building":"yes","source_height_m":null,"source_levels":null,"display_height_m":14.0,"height_basis":"visual_fallback"},"geometry":{"type":"Polygon","coordinates":[[[139.770263,35.66773],[139.770353,35.667802],[139.770536,35.667651],[139.770446,35.667579],[139.770263,35.66773]]]}},{"type":"Feature","properties":{"osm_type":"way","osm_id":309529881,"building":"yes","source_height_m":null,"source_levels":null,"display_height_m":17.0,"height_basis":"visual_fallback"},"geometry":{"type":"Polygon","coordinates":[[[139.768372,35.669075],[139.768423,35.669033],[139.768184,35.668842],[139.768133,35.668884],[139.768372,35.669075]]]}},{"type":"Feature","properties":{"osm_type":"way","osm_id":309529883,"building":"yes","source_height_m":null,"source_levels":null,"display_height_m":23.0,"height_basis":"visual_fallback"},"geometry":{"type":"Polygon","coordinates":[[[139.76874,35.667045],[139.768875,35.666934],[139.768795,35.66687],[139.76866,35.666981],[139.76874,35.667045]]]}},{"type":"Feature","properties":{"osm_type":"way","osm_id":309529884,"building":"yes","source_height_m":null,"source_levels":null,"display_height_m":26.0,"height_basis":"visual_fallback"},"geometry":{"type":"Polygon","coordinates":[[[139.768214,35.669162],[139.768256,35.669196],[139.768352,35.669116],[139.768311,35.669083],[139.768214,35.669162]]]}},{"type":"Feature","properties":{"osm_type":"way","osm_id":309529887,"building":"yes","source_height_m":null,"source_levels":null,"display_height_m":20.0,"height_basis":"visual_fallback"},"geometry":{"type":"Polygon","coordinates":[[[139.768854,35.669269],[139.768887,35.669295],[139.768998,35.669204],[139.768965,35.669177],[139.768854,35.669269]]]}},{"type":"Feature","properties":{"osm_type":"way","osm_id":309529888,"building":"yes","source_height_m":null,"source_levels":null,"display_height_m":23.0,"height_basis":"visual_fallback"},"geometry":{"type":"Polygon","coordinates":[[[139.770357,35.667811],[139.770456,35.66789],[139.770522,35.667835],[139.770423,35.667756],[139.770357,35.667811]]]}},{"type":"Feature","properties":{"osm_type":"way","osm_id":309529889,"building":"yes","source_height_m":null,"source_levels":null,"display_height_m":26.0,"height_basis":"visual_fallback"},"geometry":{"type":"Polygon","coordinates":[[[139.766708,35.668462],[139.766744,35.668488],[139.766799,35.668439],[139.766763,35.668413],[139.766708,35.668462]]]}},{"type":"Feature","properties":{"osm_type":"way","osm_id":309529891,"building":"yes","source_height_m":null,"source_levels":null,"display_height_m":17.0,"height_basis":"visual_fallback"},"geometry":{"type":"Polygon","coordinates":[[[139.770897,35.665124],[139.770766,35.665259],[139.770808,35.66529],[139.770947,35.665156],[139.770897,35.665124]]]}},{"type":"Feature","properties":{"osm_type":"way","osm_id":309529892,"building":"yes","source_height_m":null,"source_levels":null,"display_height_m":20.0,"height_basis":"visual_fallback"},"geometry":{"type":"Polygon","coordinates":[[[139.77014,35.665005],[139.770241,35.665076],[139.770513,35.66482],[139.770413,35.66475],[139.77014,35.665005]]]}},{"type":"Feature","properties":{"osm_type":"way","osm_id":309529893,"building":"yes","source_height_m":null,"source_levels":null,"display_height_m":23.0,"height_basis":"visual_fallback"},"geometry":{"type":"Polygon","coordinates":[[[139.76681,35.668441],[139.766739,35.668504],[139.766778,35.668533],[139.766849,35.66847],[139.76681,35.668441]]]}},{"type":"Feature","properties":{"osm_type":"way","osm_id":309529895,"building":"yes","source_height_m":null,"source_levels":null,"display_height_m":14.0,"height_basis":"visual_fallback"},"geometry":{"type":"Polygon","coordinates":[[[139.768808,35.66917],[139.768926,35.669072],[139.768892,35.669044],[139.768773,35.669142],[139.768808,35.66917]]]}},{"type":"Feature","properties":{"osm_type":"way","osm_id":309529896,"building":"yes","source_height_m":null,"source_levels":null,"display_height_m":17.0,"height_basis":"visual_fallback"},"geometry":{"type":"Polygon","coordinates":[[[139.770172,35.667651],[139.770242,35.667593],[139.770214,35.667571],[139.770144,35.667629],[139.770172,35.667651]]]}},{"type":"Feature","properties":{"osm_type":"way","osm_id":309529897,"building":"yes","source_height_m":null,"source_levels":null,"display_height_m":20.0,"height_basis":"visual_fallback"},"geometry":{"type":"Polygon","coordinates":[[[139.766901,35.668525],[139.766837,35.668582],[139.766896,35.668626],[139.76696,35.668569],[139.766901,35.668525]]]}},{"type":"Feature","properties":{"osm_type":"way","osm_id":309529898,"building":"yes","source_height_m":null,"source_levels":null,"display_height_m":23.0,"height_basis":"visual_fallback"},"geometry":{"type":"Polygon","coordinates":[[[139.768937,35.669089],[139.768811,35.669194],[139.768874,35.669244],[139.769,35.66914],[139.768937,35.669089]]]}},{"type":"Feature","properties":{"osm_type":"way","osm_id":309529899,"building":"yes","source_height_m":null,"source_levels":null,"display_height_m":26.0,"height_basis":"visual_fallback"},"geometry":{"type":"Polygon","coordinates":[[[139.770968,35.667186],[139.771077,35.667274],[139.771183,35.667186],[139.771073,35.667099],[139.770968,35.667186]]]}},{"type":"Feature","properties":{"osm_type":"way","osm_id":309529900,"building":"yes","source_height_m":null,"source_levels":null,"display_height_m":14.0,"height_basis":"visual_fallback"},"geometry":{"type":"Polygon","coordinates":[[[139.770198,35.667569],[139.770179,35.667553],[139.77012,35.667602],[139.770139,35.667617],[139.770198,35.667569]]]}},{"type":"Feature","properties":{"osm_type":"way","osm_id":309529901,"building":"yes","source_height_m":null,"source_levels":null,"display_height_m":17.0,"height_basis":"visual_fallback"},"geometry":{"type":"Polygon","coordinates":[[[139.768476,35.666872],[139.768409,35.666819],[139.768283,35.666923],[139.76835,35.666976],[139.768476,35.666872]]]}},{"type":"Feature","properties":{"osm_type":"way","osm_id":309529903,"building":"yes","source_height_m":null,"source_levels":null,"display_height_m":23.0,"height_basis":"visual_fallback"},"geometry":{"type":"Polygon","coordinates":[[[139.770663,35.665239],[139.770688,35.665255],[139.770754,35.665189],[139.770729,35.665173],[139.770663,35.665239]]]}},{"type":"Feature","properties":{"osm_type":"way","osm_id":309529904,"building":"yes","source_height_m":null,"source_levels":null,"display_height_m":26.0,"height_basis":"visual_fallback"},"geometry":{"type":"Polygon","coordinates":[[[139.7712,35.667194],[139.771087,35.667287],[139.771051,35.667258],[139.770985,35.667313],[139.771087,35.667394],[139.771252,35.667258],[139.771242,35.667251],[139.771256,35.667239],[139.7712,35.667194]]]}},{"type":"Feature","properties":{"osm_type":"way","osm_id":309529905,"building":"yes","source_height_m":null,"source_levels":null,"display_height_m":14.0,"height_basis":"visual_fallback"},"geometry":{"type":"Polygon","coordinates":[[[139.768253,35.666909],[139.768298,35.666871],[139.768227,35.666814],[139.768181,35.666851],[139.768253,35.666909]]]}},{"type":"Feature","properties":{"osm_type":"way","osm_id":309529907,"building":"yes","source_height_m":null,"source_levels":null,"display_height_m":20.0,"height_basis":"visual_fallback"},"geometry":{"type":"Polygon","coordinates":[[[139.767469,35.668849],[139.767512,35.668815],[139.767481,35.668789],[139.767438,35.668823],[139.767469,35.668849]]]}},{"type":"Feature","properties":{"osm_type":"way","osm_id":309529910,"building":"yes","source_height_m":null,"source_levels":null,"display_height_m":14.0,"height_basis":"visual_fallback"},"geometry":{"type":"Polygon","coordinates":[[[139.768386,35.666955],[139.768482,35.667032],[139.76857,35.66696],[139.768531,35.666929],[139.768565,35.666901],[139.768508,35.666855],[139.768386,35.666955]]]}},{"type":"Feature","properties":{"osm_type":"way","osm_id":309529911,"building":"yes","source_height_m":null,"source_levels":null,"display_height_m":17.0,"height_basis":"visual_fallback"},"geometry":{"type":"Polygon","coordinates":[[[139.768831,35.668999],[139.768656,35.669144],[139.768733,35.669206],[139.768769,35.669176],[139.768731,35.669146],[139.76887,35.66903],[139.768831,35.668999]]]}},{"type":"Feature","properties":{"osm_type":"way","osm_id":309529912,"building":"yes","source_height_m":null,"source_levels":5.0,"display_height_m":16.0,"height_basis":"osm_levels_x_3.2m"},"geometry":{"type":"Polygon","coordinates":[[[139.768598,35.666542],[139.768575,35.666521],[139.768569,35.666522],[139.768556,35.666523],[139.768527,35.666551],[139.76856,35.666573],[139.768598,35.666542]]]}},{"type":"Feature","properties":{"osm_type":"way","osm_id":309529914,"building":"yes","source_height_m":null,"source_levels":null,"display_height_m":26.0,"height_basis":"visual_fallback"},"geometry":{"type":"Polygon","coordinates":[[[139.768649,35.66696],[139.768884,35.666767],[139.76877,35.666675],[139.768663,35.666763],[139.768687,35.666782],[139.768558,35.666887],[139.768649,35.66696]]]}},{"type":"Feature","properties":{"osm_type":"way","osm_id":309529916,"building":"yes","source_height_m":null,"source_levels":null,"display_height_m":17.0,"height_basis":"visual_fallback"},"geometry":{"type":"Polygon","coordinates":[[[139.770813,35.665298],[139.770903,35.665358],[139.771034,35.665231],[139.770995,35.665202],[139.770897,35.665295],[139.770848,35.665258],[139.770813,35.665298]]]}},{"type":"Feature","properties":{"osm_type":"way","osm_id":309529918,"building":"yes","source_height_m":null,"source_levels":null,"display_height_m":23.0,"height_basis":"visual_fallback"},"geometry":{"type":"Polygon","coordinates":[[[139.770437,35.664984],[139.770506,35.665038],[139.770644,35.664922],[139.770611,35.664896],[139.770495,35.664994],[139.770459,35.664966],[139.770437,35.664984]]]}},{"type":"Feature","properties":{"osm_type":"way","osm_id":309529919,"building":"yes","source_height_m":null,"source_levels":null,"display_height_m":26.0,"height_basis":"visual_fallback"},"geometry":{"type":"Polygon","coordinates":[[[139.767107,35.668779],[139.767178,35.668839],[139.767285,35.668754],[139.767252,35.668726],[139.767354,35.668645],[139.767316,35.668613],[139.767107,35.668779]]]}},{"type":"Feature","properties":{"osm_type":"way","osm_id":309529920,"building":"yes","source_height_m":null,"source_levels":null,"display_height_m":14.0,"height_basis":"visual_fallback"},"geometry":{"type":"Polygon","coordinates":[[[139.770382,35.664958],[139.770421,35.664985],[139.770453,35.664955],[139.770494,35.664984],[139.770599,35.664885],[139.770519,35.664829],[139.770382,35.664958]]]}},{"type":"Feature","properties":{"osm_type":"way","osm_id":309529921,"building":"yes","source_height_m":null,"source_levels":null,"display_height_m":17.0,"height_basis":"visual_fallback"},"geometry":{"type":"Polygon","coordinates":[[[139.767398,35.668844],[139.767489,35.668771],[139.767357,35.668661],[139.767266,35.668734],[139.767298,35.66876],[139.767272,35.668781],[139.767332,35.668831],[139.767358,35.66881],[139.767398,35.668844]]]}},{"type":"Feature","properties":{"osm_type":"way","osm_id":309529922,"building":"yes","source_height_m":null,"source_levels":null,"display_height_m":20.0,"height_basis":"visual_fallback"},"geometry":{"type":"Polygon","coordinates":[[[139.76839,35.666658],[139.768315,35.666732],[139.768239,35.666805],[139.768328,35.666866],[139.768397,35.666799],[139.768482,35.666857],[139.768534,35.666806],[139.768485,35.666773],[139.768516,35.666743],[139.76839,35.666658]]]}},{"type":"Feature","properties":{"osm_type":"way","osm_id":309529923,"building":"yes","source_height_m":null,"source_levels":null,"display_height_m":23.0,"height_basis":"visual_fallback"},"geometry":{"type":"Polygon","coordinates":[[[139.767267,35.668945],[139.767399,35.669055],[139.767547,35.668938],[139.767425,35.668836],[139.767402,35.668855],[139.767374,35.668832],[139.767337,35.668862],[139.767354,35.668876],[139.767267,35.668945]]]}},{"type":"Feature","properties":{"osm_type":"way","osm_id":309529924,"building":"yes","source_height_m":null,"source_levels":null,"display_height_m":26.0,"height_basis":"visual_fallback"},"geometry":{"type":"Polygon","coordinates":[[[139.770546,35.667516],[139.770644,35.667594],[139.770679,35.667565],[139.770774,35.667641],[139.770822,35.667602],[139.770714,35.667516],[139.770753,35.667483],[139.770668,35.667415],[139.770546,35.667516]]]}},{"type":"Feature","properties":{"osm_type":"way","osm_id":309530292,"building":"apartments","source_height_m":null,"source_levels":null,"display_height_m":20.0,"height_basis":"visual_fallback"},"geometry":{"type":"Polygon","coordinates":[[[139.771094,35.665188],[139.771242,35.665053],[139.771172,35.665003],[139.771025,35.665138],[139.771094,35.665188]]]}},{"type":"Feature","properties":{"osm_type":"way","osm_id":309530293,"building":"yes","source_height_m":null,"source_levels":null,"display_height_m":23.0,"height_basis":"visual_fallback"},"geometry":{"type":"Polygon","coordinates":[[[139.771753,35.664732],[139.77171,35.6647],[139.771638,35.664764],[139.771681,35.664797],[139.771753,35.664732]]]}},{"type":"Feature","properties":{"osm_type":"way","osm_id":309530294,"building":"yes","source_height_m":null,"source_levels":null,"display_height_m":26.0,"height_basis":"visual_fallback"},"geometry":{"type":"Polygon","coordinates":[[[139.771695,35.6648],[139.77174,35.664834],[139.771787,35.664791],[139.771742,35.664758],[139.771695,35.6648]]]}},{"type":"Feature","properties":{"osm_type":"way","osm_id":309530295,"building":"yes","source_height_m":null,"source_levels":null,"display_height_m":14.0,"height_basis":"visual_fallback"},"geometry":{"type":"Polygon","coordinates":[[[139.771211,35.664689],[139.771245,35.664716],[139.771328,35.664648],[139.771294,35.66462],[139.771211,35.664689]]]}},{"type":"Feature","properties":{"osm_type":"way","osm_id":309530296,"building":"yes","source_height_m":null,"source_levels":null,"display_height_m":17.0,"height_basis":"visual_fallback"},"geometry":{"type":"Polygon","coordinates":[[[139.771807,35.664795],[139.77175,35.664845],[139.771774,35.664864],[139.771832,35.664813],[139.771807,35.664795]]]}},{"type":"Feature","properties":{"osm_type":"way","osm_id":309530297,"building":"yes","source_height_m":null,"source_levels":null,"display_height_m":20.0,"height_basis":"visual_fallback"},"geometry":{"type":"Polygon","coordinates":[[[139.771341,35.664646],[139.771251,35.664721],[139.771301,35.66476],[139.77139,35.664685],[139.771341,35.664646]]]}},{"type":"Feature","properties":{"osm_type":"way","osm_id":309530299,"building":"yes","source_height_m":null,"source_levels":null,"display_height_m":26.0,"height_basis":"visual_fallback"},"geometry":{"type":"Polygon","coordinates":[[[139.770942,35.664934],[139.770925,35.664921],[139.770846,35.664994],[139.770863,35.665006],[139.770942,35.664934]]]}},{"type":"Feature","properties":{"osm_type":"way","osm_id":309530302,"building":"yes","source_height_m":null,"source_levels":null,"display_height_m":20.0,"height_basis":"visual_fallback"},"geometry":{"type":"Polygon","coordinates":[[[139.771893,35.664833],[139.77193,35.6648],[139.771898,35.664775],[139.771861,35.664808],[139.771893,35.664833]]]}},{"type":"Feature","properties":{"osm_type":"way","osm_id":309530304,"building":"yes","source_height_m":null,"source_levels":null,"display_height_m":26.0,"height_basis":"visual_fallback"},"geometry":{"type":"Polygon","coordinates":[[[139.77104,35.664893],[139.771022,35.66488],[139.77096,35.664936],[139.770979,35.664949],[139.77104,35.664893]]]}},{"type":"Feature","properties":{"osm_type":"way","osm_id":309530306,"building":"yes","source_height_m":null,"source_levels":null,"display_height_m":17.0,"height_basis":"visual_fallback"},"geometry":{"type":"Polygon","coordinates":[[[139.771844,35.664802],[139.771882,35.664768],[139.771851,35.664746],[139.771814,35.664779],[139.771844,35.664802]]]}},{"type":"Feature","properties":{"osm_type":"way","osm_id":309530309,"building":"yes","source_height_m":null,"source_levels":null,"display_height_m":26.0,"height_basis":"visual_fallback"},"geometry":{"type":"Polygon","coordinates":[[[139.771245,35.66457],[139.771154,35.664645],[139.771204,35.664685],[139.771294,35.66461],[139.771245,35.66457]]]}},{"type":"Feature","properties":{"osm_type":"way","osm_id":309530311,"building":"yes","source_height_m":null,"source_levels":null,"display_height_m":17.0,"height_basis":"visual_fallback"},"geometry":{"type":"Polygon","coordinates":[[[139.770705,35.664885],[139.770813,35.664782],[139.770783,35.664761],[139.770675,35.664864],[139.770705,35.664885]]]}},{"type":"Feature","properties":{"osm_type":"way","osm_id":309530312,"building":"yes","source_height_m":null,"source_levels":null,"display_height_m":20.0,"height_basis":"visual_fallback"},"geometry":{"type":"Polygon","coordinates":[[[139.771076,35.664596],[139.77114,35.664646],[139.771233,35.664569],[139.77117,35.664518],[139.771076,35.664596]]]}},{"type":"Feature","properties":{"osm_type":"way","osm_id":309530313,"building":"yes","source_height_m":null,"source_levels":null,"display_height_m":23.0,"height_basis":"visual_fallback"},"geometry":{"type":"Polygon","coordinates":[[[139.770671,35.664862],[139.770819,35.664721],[139.770777,35.664692],[139.77063,35.664833],[139.770671,35.664862]]]}},{"type":"Feature","properties":{"osm_type":"way","osm_id":309530314,"building":"yes","source_height_m":null,"source_levels":null,"display_height_m":26.0,"height_basis":"visual_fallback"},"geometry":{"type":"Polygon","coordinates":[[[139.771886,35.664719],[139.771912,35.664738],[139.771965,35.664691],[139.771939,35.664672],[139.771886,35.664719]]]}},{"type":"Feature","properties":{"osm_type":"way","osm_id":309530315,"building":"yes","source_height_m":null,"source_levels":null,"display_height_m":14.0,"height_basis":"visual_fallback"},"geometry":{"type":"Polygon","coordinates":[[[139.772,35.664756],[139.77184,35.664898],[139.77193,35.664966],[139.772,35.664904],[139.772,35.664756]]]}},{"type":"Feature","properties":{"osm_type":"way","osm_id":309530316,"building":"yes","source_height_m":null,"source_levels":null,"display_height_m":17.0,"height_basis":"visual_fallback"},"geometry":{"type":"Polygon","coordinates":[[[139.770918,35.665062],[139.771005,35.664982],[139.770975,35.664961],[139.770888,35.665041],[139.770918,35.665062]]]}},{"type":"Feature","properties":{"osm_type":"way","osm_id":309530317,"building":"yes","source_height_m":null,"source_levels":null,"display_height_m":20.0,"height_basis":"visual_fallback"},"geometry":{"type":"Polygon","coordinates":[[[139.772,35.664721],[139.771984,35.664709],[139.771936,35.664751],[139.771958,35.664767],[139.772,35.664729],[139.772,35.664721]]]}},{"type":"Feature","properties":{"osm_type":"way","osm_id":309530318,"building":"yes","source_height_m":null,"source_levels":null,"display_height_m":23.0,"height_basis":"visual_fallback"},"geometry":{"type":"Polygon","coordinates":[[[139.771786,35.664878],[139.771814,35.664898],[139.771883,35.664837],[139.771856,35.664816],[139.771786,35.664878]]]}},{"type":"Feature","properties":{"osm_type":"way","osm_id":309530319,"building":"yes","source_height_m":null,"source_levels":null,"display_height_m":26.0,"height_basis":"visual_fallback"},"geometry":{"type":"Polygon","coordinates":[[[139.770998,35.664954],[139.771019,35.664969],[139.771074,35.664919],[139.771053,35.664904],[139.770998,35.664954]]]}},{"type":"Feature","properties":{"osm_type":"way","osm_id":309530320,"building":"yes","source_height_m":null,"source_levels":null,"display_height_m":14.0,"height_basis":"visual_fallback"},"geometry":{"type":"Polygon","coordinates":[[[139.771868,35.664656],[139.771887,35.664639],[139.771821,35.66459],[139.771802,35.664607],[139.771868,35.664656]]]}},{"type":"Feature","properties":{"osm_type":"way","osm_id":309530321,"building":"yes","source_height_m":null,"source_levels":null,"display_height_m":17.0,"height_basis":"visual_fallback"},"geometry":{"type":"Polygon","coordinates":[[[139.77154,35.664945],[139.771609,35.665001],[139.771701,35.664925],[139.771631,35.664869],[139.77154,35.664945]]]}},{"type":"Feature","properties":{"osm_type":"way","osm_id":309530322,"building":"yes","source_height_m":null,"source_levels":null,"display_height_m":20.0,"height_basis":"visual_fallback"},"geometry":{"type":"Polygon","coordinates":[[[139.771897,35.664644],[139.771825,35.664708],[139.771851,35.664727],[139.771923,35.664664],[139.771897,35.664644]]]}},{"type":"Feature","properties":{"osm_type":"way","osm_id":309530323,"building":"yes","source_height_m":null,"source_levels":null,"display_height_m":23.0,"height_basis":"visual_fallback"},"geometry":{"type":"Polygon","coordinates":[[[139.771015,35.6645],[139.770987,35.664523],[139.77102,35.664549],[139.771078,35.6645],[139.771015,35.6645]]]}},{"type":"Feature","properties":{"osm_type":"way","osm_id":309530324,"building":"yes","source_height_m":null,"source_levels":null,"display_height_m":26.0,"height_basis":"visual_fallback"},"geometry":{"type":"Polygon","coordinates":[[[139.771079,35.665281],[139.770946,35.665403],[139.770994,35.665438],[139.771127,35.665316],[139.771079,35.665281]]]}},{"type":"Feature","properties":{"osm_type":"way","osm_id":309530325,"building":"yes","source_height_m":null,"source_levels":null,"display_height_m":14.0,"height_basis":"visual_fallback"},"geometry":{"type":"Polygon","coordinates":[[[139.770757,35.664921],[139.770878,35.66481],[139.770829,35.664774],[139.770708,35.664885],[139.770757,35.664921]]]}},{"type":"Feature","properties":{"osm_type":"way","osm_id":309530326,"building":"yes","source_height_m":null,"source_levels":null,"display_height_m":17.0,"height_basis":"visual_fallback"},"geometry":{"type":"Polygon","coordinates":[[[139.771147,35.6645],[139.771094,35.6645],[139.77103,35.664553],[139.771072,35.664587],[139.771162,35.664512],[139.771147,35.6645]]]}},{"type":"Feature","properties":{"osm_type":"way","osm_id":309530327,"building":"apartments","source_height_m":null,"source_levels":null,"display_height_m":20.0,"height_basis":"visual_fallback"},"geometry":{"type":"Polygon","coordinates":[[[139.771193,35.66525],[139.771337,35.665119],[139.771255,35.66506],[139.771111,35.665191],[139.771193,35.66525]]]}},{"type":"Feature","properties":{"osm_type":"way","osm_id":309530329,"building":"yes","source_height_m":null,"source_levels":null,"display_height_m":26.0,"height_basis":"visual_fallback"},"geometry":{"type":"Polygon","coordinates":[[[139.771717,35.664929],[139.771619,35.66501],[139.771693,35.665069],[139.771791,35.664988],[139.771717,35.664929]]]}},{"type":"Feature","properties":{"osm_type":"way","osm_id":309530330,"building":"yes","source_height_m":null,"source_levels":null,"display_height_m":14.0,"height_basis":"visual_fallback"},"geometry":{"type":"Polygon","coordinates":[[[139.771071,35.665027],[139.770975,35.665116],[139.771005,35.665137],[139.771101,35.665049],[139.771071,35.665027]]]}},{"type":"Feature","properties":{"osm_type":"way","osm_id":309530331,"building":"yes","source_height_m":null,"source_levels":null,"display_height_m":17.0,"height_basis":"visual_fallback"},"geometry":{"type":"Polygon","coordinates":[[[139.771771,35.664727],[139.771793,35.664708],[139.771742,35.66467],[139.77172,35.664689],[139.771771,35.664727]]]}},{"type":"Feature","properties":{"osm_type":"way","osm_id":309530332,"building":"yes","source_height_m":null,"source_levels":null,"display_height_m":20.0,"height_basis":"visual_fallback"},"geometry":{"type":"Polygon","coordinates":[[[139.770905,35.665362],[139.770942,35.665389],[139.77106,35.665281],[139.771022,35.665254],[139.770905,35.665362]]]}},{"type":"Feature","properties":{"osm_type":"way","osm_id":309530334,"building":"yes","source_height_m":null,"source_levels":null,"display_height_m":26.0,"height_basis":"visual_fallback"},"geometry":{"type":"Polygon","coordinates":[[[139.771752,35.664663],[139.771807,35.664704],[139.771853,35.664664],[139.771798,35.664623],[139.771752,35.664663]]]}},{"type":"Feature","properties":{"osm_type":"way","osm_id":309530335,"building":"yes","source_height_m":null,"source_levels":null,"display_height_m":14.0,"height_basis":"visual_fallback"},"geometry":{"type":"Polygon","coordinates":[[[139.770589,35.664792],[139.770634,35.664823],[139.770786,35.664678],[139.770741,35.664647],[139.770589,35.664792]]]}},{"type":"Feature","properties":{"osm_type":"way","osm_id":309530336,"building":"yes","source_height_m":null,"source_levels":null,"display_height_m":17.0,"height_basis":"visual_fallback"},"geometry":{"type":"Polygon","coordinates":[[[139.770858,35.665017],[139.77088,35.665033],[139.770956,35.664964],[139.770934,35.664948],[139.770858,35.665017]]]}},{"type":"Feature","properties":{"osm_type":"way","osm_id":309530339,"building":"yes","source_height_m":null,"source_levels":null,"display_height_m":26.0,"height_basis":"visual_fallback"},"geometry":{"type":"Polygon","coordinates":[[[139.770943,35.6645],[139.770973,35.664524],[139.771002,35.6645],[139.770943,35.6645]]]}},{"type":"Feature","properties":{"osm_type":"way","osm_id":309530340,"building":"yes","source_height_m":null,"source_levels":null,"display_height_m":14.0,"height_basis":"visual_fallback"},"geometry":{"type":"Polygon","coordinates":[[[139.770591,35.664606],[139.770596,35.664618],[139.770663,35.6646],[139.770658,35.664587],[139.770591,35.664606]]]}},{"type":"Feature","properties":{"osm_type":"way","osm_id":309530341,"building":"yes","source_height_m":null,"source_levels":null,"display_height_m":17.0,"height_basis":"visual_fallback"},"geometry":{"type":"Polygon","coordinates":[[[139.771847,35.664736],[139.771818,35.664713],[139.771767,35.664758],[139.771797,35.66478],[139.771847,35.664736]]]}},{"type":"Feature","properties":{"osm_type":"way","osm_id":309530342,"building":"apartments","source_height_m":null,"source_levels":null,"display_height_m":20.0,"height_basis":"visual_fallback"},"geometry":{"type":"Polygon","coordinates":[[[139.771352,35.665158],[139.771341,35.665172],[139.771322,35.665161],[139.7712,35.665274],[139.77142,35.665451],[139.771505,35.665374],[139.771504,35.665275],[139.771352,35.665158]]]}},{"type":"Feature","properties":{"osm_type":"way","osm_id":309530343,"building":"yes","source_height_m":null,"source_levels":null,"display_height_m":23.0,"height_basis":"visual_fallback"},"geometry":{"type":"Polygon","coordinates":[[[139.77073,35.664647],[139.770673,35.664601],[139.770596,35.664622],[139.770529,35.664644],[139.770459,35.664704],[139.770577,35.66479],[139.77073,35.664647]]]}},{"type":"Feature","properties":{"osm_type":"way","osm_id":309530344,"building":"yes","source_height_m":null,"source_levels":null,"display_height_m":26.0,"height_basis":"visual_fallback"},"geometry":{"type":"Polygon","coordinates":[[[139.77116,35.664982],[139.771083,35.664926],[139.770928,35.665067],[139.770969,35.665097],[139.771063,35.665011],[139.7711,35.665037],[139.77116,35.664982]]]}},{"type":"Feature","properties":{"osm_type":"way","osm_id":309530345,"building":"yes","source_height_m":null,"source_levels":null,"display_height_m":14.0,"height_basis":"visual_fallback"},"geometry":{"type":"Polygon","coordinates":[[[139.771008,35.664868],[139.770951,35.664828],[139.770802,35.664964],[139.770835,35.664987],[139.770922,35.664907],[139.770946,35.664925],[139.771008,35.664868]]]}},{"type":"Feature","properties":{"osm_type":"way","osm_id":309530347,"building":"yes","source_height_m":null,"source_levels":null,"display_height_m":20.0,"height_basis":"visual_fallback"},"geometry":{"type":"Polygon","coordinates":[[[139.770754,35.664933],[139.770786,35.664956],[139.77089,35.664858],[139.770904,35.664868],[139.770968,35.664809],[139.770922,35.664774],[139.770754,35.664933]]]}},{"type":"Feature","properties":{"osm_type":"way","osm_id":309532970,"building":"yes","source_height_m":null,"source_levels":null,"display_height_m":14.0,"height_basis":"visual_fallback"},"geometry":{"type":"Polygon","coordinates":[[[139.771511,35.664503],[139.771507,35.6645],[139.771465,35.6645],[139.771379,35.664568],[139.771403,35.664589],[139.771511,35.664503]]]}},{"type":"Feature","properties":{"osm_type":"way","osm_id":309532975,"building":"yes","source_height_m":null,"source_levels":null,"display_height_m":14.0,"height_basis":"visual_fallback"},"geometry":{"type":"Polygon","coordinates":[[[139.771629,35.664526],[139.771662,35.6645],[139.771607,35.6645],[139.771602,35.664504],[139.771629,35.664526]]]}},{"type":"Feature","properties":{"osm_type":"way","osm_id":309532976,"building":"yes","source_height_m":null,"source_levels":null,"display_height_m":17.0,"height_basis":"visual_fallback"},"geometry":{"type":"Polygon","coordinates":[[[139.771628,35.664537],[139.771599,35.664512],[139.771549,35.664551],[139.771579,35.664576],[139.771628,35.664537]]]}},{"type":"Feature","properties":{"osm_type":"way","osm_id":309532979,"building":"yes","source_height_m":null,"source_levels":null,"display_height_m":26.0,"height_basis":"visual_fallback"},"geometry":{"type":"Polygon","coordinates":[[[139.77142,35.6645],[139.771428,35.664507],[139.771437,35.6645],[139.77142,35.6645]]]}},{"type":"Feature","properties":{"osm_type":"way","osm_id":309532985,"building":"yes","source_height_m":null,"source_levels":null,"display_height_m":14.0,"height_basis":"visual_fallback"},"geometry":{"type":"Polygon","coordinates":[[[139.771489,35.664659],[139.771556,35.664715],[139.77164,35.66465],[139.771573,35.664594],[139.771489,35.664659]]]}},{"type":"Feature","properties":{"osm_type":"way","osm_id":309532986,"building":"yes","source_height_m":null,"source_levels":null,"display_height_m":17.0,"height_basis":"visual_fallback"},"geometry":{"type":"Polygon","coordinates":[[[139.771643,35.664636],[139.771695,35.664594],[139.771637,35.664546],[139.771585,35.664588],[139.771643,35.664636]]]}},{"type":"Feature","properties":{"osm_type":"way","osm_id":309532987,"building":"yes","source_height_m":null,"source_levels":null,"display_height_m":20.0,"height_basis":"visual_fallback"},"geometry":{"type":"Polygon","coordinates":[[[139.77128,35.6645],[139.771318,35.664531],[139.771358,35.6645],[139.77128,35.6645]]]}},{"type":"Feature","properties":{"osm_type":"way","osm_id":309532989,"building":"yes","source_height_m":null,"source_levels":null,"display_height_m":26.0,"height_basis":"visual_fallback"},"geometry":{"type":"Polygon","coordinates":[[[139.771381,35.6645],[139.771333,35.664538],[139.771366,35.664566],[139.771432,35.664513],[139.771417,35.6645],[139.771381,35.6645]]]}},{"type":"Feature","properties":{"osm_type":"way","osm_id":309532990,"building":"yes","source_height_m":null,"source_levels":null,"display_height_m":14.0,"height_basis":"visual_fallback"},"geometry":{"type":"Polygon","coordinates":[[[139.771414,35.664593],[139.771441,35.664616],[139.771544,35.664535],[139.771516,35.664512],[139.771414,35.664593]]]}},{"type":"Feature","properties":{"osm_type":"way","osm_id":309532991,"building":"yes","source_height_m":null,"source_levels":null,"display_height_m":17.0,"height_basis":"visual_fallback"},"geometry":{"type":"Polygon","coordinates":[[[139.771945,35.6645],[139.771998,35.664544],[139.772,35.664542],[139.772,35.6645],[139.771945,35.6645]]]}},{"type":"Feature","properties":{"osm_type":"way","osm_id":309532992,"building":"yes","source_height_m":null,"source_levels":null,"display_height_m":20.0,"height_basis":"visual_fallback"},"geometry":{"type":"Polygon","coordinates":[[[139.771529,35.664563],[139.771451,35.664625],[139.771485,35.664654],[139.771563,35.664592],[139.771529,35.664563]]]}},{"type":"Feature","properties":{"osm_type":"way","osm_id":309532993,"building":"yes","source_height_m":null,"source_levels":null,"display_height_m":23.0,"height_basis":"visual_fallback"},"geometry":{"type":"Polygon","coordinates":[[[139.772,35.664621],[139.772,35.664579],[139.771985,35.664566],[139.771959,35.664587],[139.772,35.664621]]]}},{"type":"Feature","properties":{"osm_type":"way","osm_id":309532994,"building":"yes","source_height_m":null,"source_levels":null,"display_height_m":26.0,"height_basis":"visual_fallback"},"geometry":{"type":"Polygon","coordinates":[[[139.77152,35.6645],[139.771557,35.664531],[139.771596,35.6645],[139.77152,35.6645]]]}},{"type":"Feature","properties":{"osm_type":"way","osm_id":309532995,"building":"yes","source_height_m":null,"source_levels":null,"display_height_m":14.0,"height_basis":"visual_fallback"},"geometry":{"type":"Polygon","coordinates":[[[139.772,35.664654],[139.771928,35.664593],[139.771911,35.664606],[139.772,35.664681],[139.772,35.664654]]]}},{"type":"Feature","properties":{"osm_type":"way","osm_id":309532997,"building":"yes","source_height_m":null,"source_levels":null,"display_height_m":20.0,"height_basis":"visual_fallback"},"geometry":{"type":"Polygon","coordinates":[[[139.77168,35.6645],[139.771641,35.664531],[139.771707,35.664586],[139.771767,35.664538],[139.771721,35.6645],[139.77168,35.6645]]]}},{"type":"Feature","properties":{"osm_type":"way","osm_id":309533001,"building":"yes","source_height_m":null,"source_levels":null,"display_height_m":17.0,"height_basis":"visual_fallback"},"geometry":{"type":"Polygon","coordinates":[[[139.77186,35.664575],[139.771889,35.664599],[139.771925,35.664571],[139.771943,35.664586],[139.771976,35.664559],[139.77193,35.66452],[139.77186,35.664575]]]}},{"type":"Feature","properties":{"osm_type":"way","osm_id":342493234,"building":"yes","source_height_m":null,"source_levels":null,"display_height_m":26.0,"height_basis":"visual_fallback"},"geometry":{"type":"Polygon","coordinates":[[[139.767951,35.670235],[139.768027,35.670184],[139.768,35.670158],[139.767933,35.670204],[139.767925,35.670209],[139.767951,35.670235]]]}},{"type":"Feature","properties":{"osm_type":"way","osm_id":342493235,"building":"yes","source_height_m":null,"source_levels":null,"display_height_m":14.0,"height_basis":"visual_fallback"},"geometry":{"type":"Polygon","coordinates":[[[139.768308,35.669862],[139.768341,35.669838],[139.768334,35.669832],[139.768358,35.669814],[139.768421,35.669871],[139.768363,35.669913],[139.768308,35.669862]]]}},{"type":"Feature","properties":{"osm_type":"way","osm_id":342493236,"building":"yes","source_height_m":null,"source_levels":null,"display_height_m":17.0,"height_basis":"visual_fallback"},"geometry":{"type":"Polygon","coordinates":[[[139.767971,35.670097],[139.768013,35.670064],[139.768034,35.670063],[139.768072,35.670032],[139.768146,35.670097],[139.768051,35.670168],[139.767971,35.670097]]]}},{"type":"Feature","properties":{"osm_type":"way","osm_id":342493237,"building":"yes","source_height_m":10.0,"source_levels":null,"display_height_m":10.0,"height_basis":"osm_height"},"geometry":{"type":"Polygon","coordinates":[[[139.767437,35.669536],[139.767416,35.669522],[139.767406,35.66953],[139.767405,35.669633],[139.767424,35.669655],[139.767492,35.66973],[139.767553,35.669694],[139.767594,35.669669],[139.767559,35.669632],[139.767437,35.669536]]]}},{"type":"Feature","properties":{"osm_type":"way","osm_id":342493238,"building":"yes","source_height_m":16.0,"source_levels":null,"display_height_m":16.0,"height_basis":"osm_height"},"geometry":{"type":"Polygon","coordinates":[[[139.7675,35.669733],[139.767594,35.669678],[139.767654,35.669745],[139.76756,35.6698],[139.7675,35.669733]]]}},{"type":"Feature","properties":{"osm_type":"way","osm_id":342493239,"building":"yes","source_height_m":10.0,"source_levels":null,"display_height_m":10.0,"height_basis":"osm_height"},"geometry":{"type":"Polygon","coordinates":[[[139.767461,35.669479],[139.767421,35.669516],[139.767443,35.669531],[139.767524,35.66959],[139.767564,35.669553],[139.767482,35.669494],[139.767461,35.669479]]]}},{"type":"Feature","properties":{"osm_type":"way","osm_id":384503830,"building":"roof","source_height_m":null,"source_levels":null,"display_height_m":14.0,"height_basis":"visual_fallback"},"geometry":{"type":"Polygon","coordinates":[[[139.763283,35.674719],[139.763313,35.674739],[139.763352,35.674751],[139.763393,35.674752],[139.763433,35.674741],[139.763466,35.67472],[139.763488,35.674692],[139.763497,35.674659],[139.763493,35.674625],[139.763475,35.674595],[139.763445,35.674571],[139.763409,35.674558],[139.76337,35.674554],[139.763332,35.67456],[139.763298,35.674576],[139.763272,35.674599],[139.763256,35.674629],[139.763253,35.674661],[139.763262,35.674692],[139.763283,35.674719]]]}},{"type":"Feature","properties":{"osm_type":"way","osm_id":431523929,"building":"yes","source_height_m":null,"source_levels":null,"display_height_m":26.0,"height_basis":"visual_fallback"},"geometry":{"type":"Polygon","coordinates":[[[139.768515,35.665456],[139.768509,35.665343],[139.768393,35.665258],[139.768286,35.66518],[139.768157,35.665182],[139.768158,35.665378],[139.76828,35.665467],[139.768515,35.665456]]]}},{"type":"Feature","properties":{"osm_type":"way","osm_id":449618283,"building":"commercial","source_height_m":null,"source_levels":8.0,"display_height_m":25.6,"height_basis":"osm_levels_x_3.2m"},"geometry":{"type":"Polygon","coordinates":[[[139.765173,35.671775],[139.76531,35.671678],[139.765266,35.671638],[139.76513,35.671735],[139.765173,35.671775]]]}},{"type":"Feature","properties":{"osm_type":"way","osm_id":449618286,"building":"yes","source_height_m":null,"source_levels":10.0,"display_height_m":32.0,"height_basis":"osm_levels_x_3.2m"},"geometry":{"type":"Polygon","coordinates":[[[139.759,35.667588],[139.759,35.667783],[139.759084,35.667755],[139.759033,35.667654],[139.759,35.667588]]]}},{"type":"Feature","properties":{"osm_type":"way","osm_id":458005303,"building":"yes","source_height_m":null,"source_levels":null,"display_height_m":23.0,"height_basis":"visual_fallback"},"geometry":{"type":"Polygon","coordinates":[[[139.772,35.67324],[139.771929,35.673013],[139.771909,35.67302],[139.7719,35.672999],[139.771841,35.67302],[139.771853,35.673037],[139.771834,35.673044],[139.771807,35.672994],[139.771436,35.673127],[139.771478,35.673215],[139.77146,35.673222],[139.771409,35.673167],[139.771384,35.673167],[139.77136,35.673178],[139.771359,35.673196],[139.771366,35.673209],[139.771618,35.673526],[139.772,35.673395],[139.772,35.67324]]]}},{"type":"Feature","properties":{"osm_type":"way","osm_id":473362753,"building":"yes","source_height_m":null,"source_levels":null,"display_height_m":23.0,"height_basis":"visual_fallback"},"geometry":{"type":"Polygon","coordinates":[[[139.76189,35.665615],[139.761842,35.665538],[139.761799,35.665572],[139.761632,35.665641],[139.761716,35.665747],[139.761779,35.665822],[139.761852,35.665899],[139.76192,35.665966],[139.762001,35.666041],[139.762145,35.666165],[139.762169,35.666137],[139.762198,35.666104],[139.76189,35.665615]]]}},{"type":"Feature","properties":{"osm_type":"way","osm_id":473362754,"building":"commercial","source_height_m":null,"source_levels":null,"display_height_m":26.0,"height_basis":"visual_fallback"},"geometry":{"type":"Polygon","coordinates":[[[139.761819,35.665466],[139.761678,35.665523],[139.761646,35.665508],[139.761595,35.665544],[139.761536,35.665586],[139.761719,35.665876],[139.761799,35.665978],[139.76187,35.666063],[139.761944,35.666144],[139.762022,35.66622],[139.762145,35.666165],[139.762169,35.666137],[139.762198,35.666104],[139.76189,35.665615],[139.761904,35.665601],[139.761819,35.665466]]]}},{"type":"Feature","properties":{"osm_type":"way","osm_id":488225309,"building":"retail","source_height_m":66.0,"source_levels":13.0,"display_height_m":66.0,"height_basis":"osm_height"},"geometry":{"type":"Polygon","coordinates":[[[139.764126,35.670182],[139.763292,35.669385],[139.763629,35.66915],[139.7639,35.668961],[139.764845,35.66968],[139.764525,35.669903],[139.764126,35.670182]]]}},{"type":"Feature","properties":{"osm_type":"way","osm_id":522041514,"building":"yes","source_height_m":null,"source_levels":null,"display_height_m":26.0,"height_basis":"visual_fallback"},"geometry":{"type":"Polygon","coordinates":[[[139.764458,35.671095],[139.764581,35.671007],[139.764652,35.671072],[139.764529,35.67116],[139.764458,35.671095]]]}},{"type":"Feature","properties":{"osm_type":"way","osm_id":522041515,"building":"yes","source_height_m":null,"source_levels":null,"display_height_m":14.0,"height_basis":"visual_fallback"},"geometry":{"type":"Polygon","coordinates":[[[139.764491,35.671064],[139.764442,35.671017],[139.764528,35.670954],[139.764574,35.670997],[139.764491,35.671064]]]}},{"type":"Feature","properties":{"osm_type":"way","osm_id":522046472,"building":"yes","source_height_m":null,"source_levels":null,"display_height_m":20.0,"height_basis":"visual_fallback"},"geometry":{"type":"Polygon","coordinates":[[[139.764764,35.6713],[139.764759,35.671304],[139.764753,35.671306],[139.764746,35.671306],[139.76474,35.671304],[139.764735,35.671301],[139.764732,35.671297],[139.76473,35.671292],[139.76473,35.671287],[139.764732,35.671283],[139.764736,35.671279],[139.764741,35.671276],[139.764747,35.671274],[139.764753,35.671275],[139.764759,35.671276],[139.764764,35.67128],[139.764768,35.671285],[139.764769,35.67129],[139.764768,35.671295],[139.764764,35.6713]]]}},{"type":"Feature","properties":{"osm_type":"way","osm_id":522765006,"building":"yes","source_height_m":null,"source_levels":null,"display_height_m":17.0,"height_basis":"visual_fallback"},"geometry":{"type":"Polygon","coordinates":[[[139.767705,35.675264],[139.767678,35.675215],[139.76792,35.675137],[139.768085,35.675105],[139.768094,35.675122],[139.767849,35.675219],[139.767705,35.675264]]]}},{"type":"Feature","properties":{"osm_type":"way","osm_id":523547647,"building":"yes","source_height_m":null,"source_levels":null,"display_height_m":20.0,"height_basis":"visual_fallback"},"geometry":{"type":"Polygon","coordinates":[[[139.762093,35.667263],[139.762073,35.66724],[139.762152,35.667196],[139.762166,35.667211],[139.762093,35.667263]]]}},{"type":"Feature","properties":{"osm_type":"way","osm_id":525279899,"building":"yes","source_height_m":null,"source_levels":null,"display_height_m":26.0,"height_basis":"visual_fallback"},"geometry":{"type":"Polygon","coordinates":[[[139.762039,35.672385],[139.762072,35.672355],[139.76217,35.672424],[139.762138,35.672455],[139.762039,35.672385]]]}},{"type":"Feature","properties":{"osm_type":"way","osm_id":525382601,"building":"yes","source_height_m":null,"source_levels":null,"display_height_m":17.0,"height_basis":"visual_fallback"},"geometry":{"type":"Polygon","coordinates":[[[139.767214,35.671489],[139.767069,35.671322],[139.767126,35.671288],[139.767274,35.671453],[139.767214,35.671489]]]}},{"type":"Feature","properties":{"osm_type":"way","osm_id":525382602,"building":"yes","source_height_m":null,"source_levels":null,"display_height_m":20.0,"height_basis":"visual_fallback"},"geometry":{"type":"Polygon","coordinates":[[[139.767206,35.671365],[139.767134,35.671283],[139.767222,35.671222],[139.767302,35.671317],[139.767206,35.671365]]]}},{"type":"Feature","properties":{"osm_type":"way","osm_id":525382603,"building":"yes","source_height_m":null,"source_levels":null,"display_height_m":23.0,"height_basis":"visual_fallback"},"geometry":{"type":"Polygon","coordinates":[[[139.767214,35.671369],[139.767299,35.671328],[139.767391,35.671456],[139.767316,35.671492],[139.767291,35.671457],[139.767281,35.671462],[139.767214,35.671369]]]}},{"type":"Feature","properties":{"osm_type":"way","osm_id":525382604,"building":"yes","source_height_m":null,"source_levels":null,"display_height_m":26.0,"height_basis":"visual_fallback"},"geometry":{"type":"Polygon","coordinates":[[[139.767257,35.671528],[139.767229,35.671485],[139.767288,35.67146],[139.767316,35.671503],[139.767257,35.671528]]]}},{"type":"Feature","properties":{"osm_type":"way","osm_id":525382605,"building":"yes","source_height_m":null,"source_levels":null,"display_height_m":14.0,"height_basis":"visual_fallback"},"geometry":{"type":"Polygon","coordinates":[[[139.767378,35.671585],[139.76732,35.671614],[139.767259,35.671534],[139.767316,35.671505],[139.767378,35.671585]]]}},{"type":"Feature","properties":{"osm_type":"way","osm_id":525382606,"building":"yes","source_height_m":null,"source_levels":null,"display_height_m":17.0,"height_basis":"visual_fallback"},"geometry":{"type":"Polygon","coordinates":[[[139.76743,35.671656],[139.767379,35.671684],[139.767326,35.671621],[139.767377,35.671593],[139.76743,35.671656]]]}},{"type":"Feature","properties":{"osm_type":"way","osm_id":525382607,"building":"yes","source_height_m":null,"source_levels":null,"display_height_m":20.0,"height_basis":"visual_fallback"},"geometry":{"type":"Polygon","coordinates":[[[139.767589,35.671677],[139.767493,35.671726],[139.767318,35.671502],[139.767414,35.671453],[139.767589,35.671677]]]}},{"type":"Feature","properties":{"osm_type":"way","osm_id":525382608,"building":"yes","source_height_m":null,"source_levels":null,"display_height_m":23.0,"height_basis":"visual_fallback"},"geometry":{"type":"Polygon","coordinates":[[[139.767501,35.671753],[139.76745,35.671778],[139.767385,35.671694],[139.767437,35.671668],[139.767501,35.671753]]]}},{"type":"Feature","properties":{"osm_type":"way","osm_id":525382609,"building":"yes","source_height_m":null,"source_levels":null,"display_height_m":26.0,"height_basis":"visual_fallback"},"geometry":{"type":"Polygon","coordinates":[[[139.76764,35.671924],[139.76759,35.671951],[139.76746,35.671791],[139.76751,35.671765],[139.76764,35.671924]]]}},{"type":"Feature","properties":{"osm_type":"way","osm_id":525382610,"building":"yes","source_height_m":null,"source_levels":null,"display_height_m":14.0,"height_basis":"visual_fallback"},"geometry":{"type":"Polygon","coordinates":[[[139.767624,35.671726],[139.767535,35.671771],[139.767501,35.671727],[139.767591,35.671682],[139.767624,35.671726]]]}},{"type":"Feature","properties":{"osm_type":"way","osm_id":525382614,"building":"yes","source_height_m":null,"source_levels":null,"display_height_m":26.0,"height_basis":"visual_fallback"},"geometry":{"type":"Polygon","coordinates":[[[139.767672,35.671968],[139.767621,35.671994],[139.767591,35.671955],[139.767642,35.671929],[139.767672,35.671968]]]}},{"type":"Feature","properties":{"osm_type":"way","osm_id":525382615,"building":"yes","source_height_m":null,"source_levels":null,"display_height_m":14.0,"height_basis":"visual_fallback"},"geometry":{"type":"Polygon","coordinates":[[[139.767714,35.672022],[139.767662,35.672049],[139.767622,35.671998],[139.767675,35.671972],[139.767714,35.672022]]]}},{"type":"Feature","properties":{"osm_type":"way","osm_id":525382616,"building":"yes","source_height_m":null,"source_levels":null,"display_height_m":17.0,"height_basis":"visual_fallback"},"geometry":{"type":"Polygon","coordinates":[[[139.767769,35.672086],[139.767713,35.672114],[139.767669,35.672055],[139.767725,35.672028],[139.767769,35.672086]]]}},{"type":"Feature","properties":{"osm_type":"way","osm_id":525382617,"building":"yes","source_height_m":null,"source_levels":null,"display_height_m":20.0,"height_basis":"visual_fallback"},"geometry":{"type":"Polygon","coordinates":[[[139.767803,35.672138],[139.767758,35.672164],[139.767718,35.672116],[139.767763,35.672091],[139.767803,35.672138]]]}},{"type":"Feature","properties":{"osm_type":"way","osm_id":525382618,"building":"yes","source_height_m":null,"source_levels":7.0,"display_height_m":22.4,"height_basis":"osm_levels_x_3.2m"},"geometry":{"type":"Polygon","coordinates":[[[139.767937,35.672112],[139.767843,35.672165],[139.767787,35.672099],[139.767881,35.672046],[139.767937,35.672112]]]}},{"type":"Feature","properties":{"osm_type":"way","osm_id":525382619,"building":"yes","source_height_m":null,"source_levels":null,"display_height_m":26.0,"height_basis":"visual_fallback"},"geometry":{"type":"Polygon","coordinates":[[[139.767831,35.672179],[139.767788,35.67221],[139.767759,35.67217],[139.767802,35.672146],[139.767831,35.672179]]]}},{"type":"Feature","properties":{"osm_type":"way","osm_id":543223046,"building":"yes","source_height_m":null,"source_levels":null,"display_height_m":17.0,"height_basis":"visual_fallback"},"geometry":{"type":"Polygon","coordinates":[[[139.762625,35.668056],[139.762692,35.668112],[139.762799,35.668026],[139.762732,35.667971],[139.762625,35.668056]]]}},{"type":"Feature","properties":{"osm_type":"way","osm_id":543223047,"building":"yes","source_height_m":null,"source_levels":null,"display_height_m":20.0,"height_basis":"visual_fallback"},"geometry":{"type":"Polygon","coordinates":[[[139.762625,35.66806],[139.762688,35.668113],[139.762645,35.668147],[139.762582,35.668094],[139.762625,35.66806]]]}},{"type":"Feature","properties":{"osm_type":"way","osm_id":552375388,"building":"yes","source_height_m":null,"source_levels":null,"display_height_m":23.0,"height_basis":"visual_fallback"},"geometry":{"type":"Polygon","coordinates":[[[139.765218,35.670945],[139.76521,35.670938],[139.765201,35.67093],[139.765142,35.670977],[139.765159,35.670992],[139.765218,35.670945]]]}},{"type":"Feature","properties":{"osm_type":"way","osm_id":552375389,"building":"yes","source_height_m":null,"source_levels":null,"display_height_m":26.0,"height_basis":"visual_fallback"},"geometry":{"type":"Polygon","coordinates":[[[139.765187,35.671483],[139.765171,35.671495],[139.765224,35.671543],[139.765233,35.671537],[139.76524,35.671531],[139.765187,35.671483]]]}},{"type":"Feature","properties":{"osm_type":"way","osm_id":556675047,"building":"yes","source_height_m":null,"source_levels":null,"display_height_m":20.0,"height_basis":"visual_fallback"},"geometry":{"type":"Polygon","coordinates":[[[139.76846,35.667433],[139.768513,35.667473],[139.768569,35.667428],[139.768513,35.667387],[139.76846,35.667433]]]}},{"type":"Feature","properties":{"osm_type":"way","osm_id":566225275,"building":"yes","source_height_m":null,"source_levels":null,"display_height_m":14.0,"height_basis":"visual_fallback"},"geometry":{"type":"Polygon","coordinates":[[[139.764915,35.666952],[139.764979,35.667005],[139.765108,35.666903],[139.765044,35.66685],[139.764915,35.666952]]]}},{"type":"Feature","properties":{"osm_type":"way","osm_id":566225276,"building":"yes","source_height_m":null,"source_levels":null,"display_height_m":17.0,"height_basis":"visual_fallback"},"geometry":{"type":"Polygon","coordinates":[[[139.764784,35.666933],[139.764858,35.666991],[139.765026,35.66685],[139.764952,35.666792],[139.764784,35.666933]]]}},{"type":"Feature","properties":{"osm_type":"way","osm_id":566225277,"building":"yes","source_height_m":null,"source_levels":null,"display_height_m":20.0,"height_basis":"visual_fallback"},"geometry":{"type":"Polygon","coordinates":[[[139.764668,35.666878],[139.764749,35.666943],[139.764806,35.666896],[139.764725,35.666831],[139.764668,35.666878]]]}},{"type":"Feature","properties":{"osm_type":"way","osm_id":566225278,"building":"yes","source_height_m":null,"source_levels":null,"display_height_m":23.0,"height_basis":"visual_fallback"},"geometry":{"type":"Polygon","coordinates":[[[139.76473,35.666821],[139.764814,35.666891],[139.764872,35.666844],[139.764788,35.666775],[139.76473,35.666821]]]}},{"type":"Feature","properties":{"osm_type":"way","osm_id":566225279,"building":"yes","source_height_m":null,"source_levels":null,"display_height_m":26.0,"height_basis":"visual_fallback"},"geometry":{"type":"Polygon","coordinates":[[[139.76479,35.66677],[139.764878,35.666843],[139.764905,35.666821],[139.764817,35.666748],[139.76479,35.66677]]]}},{"type":"Feature","properties":{"osm_type":"way","osm_id":566225280,"building":"yes","source_height_m":null,"source_levels":null,"display_height_m":14.0,"height_basis":"visual_fallback"},"geometry":{"type":"Polygon","coordinates":[[[139.764822,35.666745],[139.76491,35.666816],[139.764961,35.666775],[139.764873,35.666703],[139.764822,35.666745]]]}},{"type":"Feature","properties":{"osm_type":"way","osm_id":566225281,"building":"yes","source_height_m":null,"source_levels":null,"display_height_m":17.0,"height_basis":"visual_fallback"},"geometry":{"type":"Polygon","coordinates":[[[139.76406,35.666681],[139.764114,35.666725],[139.764243,35.666618],[139.76419,35.666575],[139.76406,35.666681]]]}},{"type":"Feature","properties":{"osm_type":"way","osm_id":566229652,"building":"yes","source_height_m":null,"source_levels":null,"display_height_m":20.0,"height_basis":"visual_fallback"},"geometry":{"type":"Polygon","coordinates":[[[139.762263,35.667921],[139.762358,35.667849],[139.762387,35.667875],[139.762292,35.667946],[139.762263,35.667921]]]}},{"type":"Feature","properties":{"osm_type":"way","osm_id":566229653,"building":"yes","source_height_m":null,"source_levels":null,"display_height_m":23.0,"height_basis":"visual_fallback"},"geometry":{"type":"Polygon","coordinates":[[[139.762297,35.667955],[139.76239,35.66788],[139.762417,35.667902],[139.762324,35.667976],[139.762297,35.667955]]]}},{"type":"Feature","properties":{"osm_type":"way","osm_id":566229654,"building":"yes","source_height_m":null,"source_levels":null,"display_height_m":26.0,"height_basis":"visual_fallback"},"geometry":{"type":"Polygon","coordinates":[[[139.762332,35.667981],[139.762422,35.667908],[139.762454,35.667934],[139.762364,35.668007],[139.762332,35.667981]]]}},{"type":"Feature","properties":{"osm_type":"way","osm_id":584353707,"building":"yes","source_height_m":null,"source_levels":null,"display_height_m":20.0,"height_basis":"visual_fallback"},"geometry":{"type":"Polygon","coordinates":[[[139.766033,35.665131],[139.766271,35.664962],[139.766337,35.664915],[139.766575,35.664747],[139.76631,35.6645],[139.765594,35.6645],[139.765459,35.664596],[139.766033,35.665131]]]}},{"type":"Feature","properties":{"osm_type":"way","osm_id":584353709,"building":"yes","source_height_m":null,"source_levels":null,"display_height_m":26.0,"height_basis":"visual_fallback"},"geometry":{"type":"Polygon","coordinates":[[[139.765905,35.665894],[139.765943,35.665861],[139.765924,35.665846],[139.765885,35.665879],[139.765905,35.665894]]]}},{"type":"Feature","properties":{"osm_type":"way","osm_id":584353710,"building":"yes","source_height_m":null,"source_levels":null,"display_height_m":14.0,"height_basis":"visual_fallback"},"geometry":{"type":"Polygon","coordinates":[[[139.766007,35.665774],[139.766058,35.665816],[139.766076,35.665802],[139.766025,35.665759],[139.766007,35.665774]]]}},{"type":"Feature","properties":{"osm_type":"way","osm_id":584353713,"building":"yes","source_height_m":null,"source_levels":null,"display_height_m":23.0,"height_basis":"visual_fallback"},"geometry":{"type":"Polygon","coordinates":[[[139.768722,35.666024],[139.768771,35.665975],[139.768754,35.665963],[139.768705,35.666012],[139.768722,35.666024]]]}},{"type":"Feature","properties":{"osm_type":"way","osm_id":599978625,"building":"yes","source_height_m":null,"source_levels":6.0,"display_height_m":19.2,"height_basis":"osm_levels_x_3.2m"},"geometry":{"type":"Polygon","coordinates":[[[139.764293,35.668515],[139.764346,35.668476],[139.764292,35.668429],[139.764239,35.668468],[139.764293,35.668515]]]}},{"type":"Feature","properties":{"osm_type":"way","osm_id":608331102,"building":"retail","source_height_m":null,"source_levels":12.0,"display_height_m":38.4,"height_basis":"osm_levels_x_3.2m"},"geometry":{"type":"Polygon","coordinates":[[[139.767728,35.672945],[139.767794,35.673013],[139.767936,35.672922],[139.76787,35.672854],[139.767728,35.672945]]]}},{"type":"Feature","properties":{"osm_type":"way","osm_id":614601481,"building":"yes","source_height_m":null,"source_levels":null,"display_height_m":17.0,"height_basis":"visual_fallback"},"geometry":{"type":"Polygon","coordinates":[[[139.770318,35.6755],[139.770468,35.6755],[139.770416,35.675414],[139.770296,35.675464],[139.770318,35.6755]]]}},{"type":"Feature","properties":{"osm_type":"way","osm_id":617992031,"building":"yes","source_height_m":null,"source_levels":null,"display_height_m":17.0,"height_basis":"visual_fallback"},"geometry":{"type":"Polygon","coordinates":[[[139.771733,35.667137],[139.771847,35.667221],[139.771874,35.667226],[139.771902,35.667225],[139.771927,35.66722],[139.771952,35.667212],[139.77198,35.667186],[139.771945,35.667162],[139.771932,35.667172],[139.77192,35.667178],[139.771905,35.66718],[139.771906,35.667167],[139.771903,35.667155],[139.771889,35.667145],[139.771871,35.667137],[139.771852,35.667135],[139.771833,35.667142],[139.771782,35.667108],[139.771772,35.667102],[139.771733,35.667137]]]}},{"type":"Feature","properties":{"osm_type":"way","osm_id":617992033,"building":"yes","source_height_m":null,"source_levels":null,"display_height_m":23.0,"height_basis":"visual_fallback"},"geometry":{"type":"Polygon","coordinates":[[[139.772,35.667351],[139.771994,35.667356],[139.771978,35.667369],[139.772,35.667387],[139.772,35.667351]]]}},{"type":"Feature","properties":{"osm_type":"way","osm_id":618016537,"building":"yes","source_height_m":null,"source_levels":null,"display_height_m":20.0,"height_basis":"visual_fallback"},"geometry":{"type":"Polygon","coordinates":[[[139.770081,35.675286],[139.770199,35.675237],[139.770175,35.675198],[139.770056,35.675247],[139.770081,35.675286]]]}},{"type":"Feature","properties":{"osm_type":"way","osm_id":618016538,"building":"yes","source_height_m":null,"source_levels":null,"display_height_m":23.0,"height_basis":"visual_fallback"},"geometry":{"type":"Polygon","coordinates":[[[139.769876,35.675311],[139.769903,35.675354],[139.770068,35.675286],[139.770041,35.675243],[139.769876,35.675311]]]}},{"type":"Feature","properties":{"osm_type":"way","osm_id":618133086,"building":"yes","source_height_m":null,"source_levels":null,"display_height_m":17.0,"height_basis":"visual_fallback"},"geometry":{"type":"Polygon","coordinates":[[[139.771815,35.674466],[139.771866,35.674553],[139.771947,35.674522],[139.771895,35.674435],[139.771815,35.674466]]]}},{"type":"Feature","properties":{"osm_type":"way","osm_id":618133087,"building":"yes","source_height_m":null,"source_levels":null,"display_height_m":20.0,"height_basis":"visual_fallback"},"geometry":{"type":"Polygon","coordinates":[[[139.771941,35.674481],[139.772,35.674457],[139.772,35.674507],[139.771965,35.674521],[139.771941,35.674481]]]}},{"type":"Feature","properties":{"osm_type":"way","osm_id":618133088,"building":"yes","source_height_m":null,"source_levels":null,"display_height_m":23.0,"height_basis":"visual_fallback"},"geometry":{"type":"Polygon","coordinates":[[[139.771907,35.674431],[139.771995,35.674396],[139.772,35.674404],[139.772,35.674441],[139.77193,35.674469],[139.771907,35.674431]]]}},{"type":"Feature","properties":{"osm_type":"way","osm_id":618133089,"building":"yes","source_height_m":null,"source_levels":null,"display_height_m":26.0,"height_basis":"visual_fallback"},"geometry":{"type":"Polygon","coordinates":[[[139.772,35.674637],[139.771982,35.674608],[139.772,35.674601],[139.772,35.674637]]]}},{"type":"Feature","properties":{"osm_type":"way","osm_id":626514225,"building":"yes","source_height_m":null,"source_levels":null,"display_height_m":14.0,"height_basis":"visual_fallback"},"geometry":{"type":"Polygon","coordinates":[[[139.770249,35.666004],[139.77031,35.66595],[139.770245,35.665901],[139.770264,35.665884],[139.770165,35.66581],[139.770084,35.66588],[139.770249,35.666004]]]}},{"type":"Feature","properties":{"osm_type":"way","osm_id":658511536,"building":"roof","source_height_m":null,"source_levels":null,"display_height_m":17.0,"height_basis":"visual_fallback"},"geometry":{"type":"Polygon","coordinates":[[[139.760589,35.674497],[139.760558,35.674471],[139.760628,35.674416],[139.760658,35.674442],[139.760589,35.674497]]]}},{"type":"Feature","properties":{"osm_type":"way","osm_id":658518706,"building":"roof","source_height_m":null,"source_levels":null,"display_height_m":17.0,"height_basis":"visual_fallback"},"geometry":{"type":"Polygon","coordinates":[[[139.764092,35.675281],[139.764027,35.675219],[139.764035,35.675203],[139.76405,35.675195],[139.764061,35.675199],[139.764124,35.675258],[139.764092,35.675281]]]}},{"type":"Feature","properties":{"osm_type":"way","osm_id":662901403,"building":"commercial","source_height_m":null,"source_levels":null,"display_height_m":23.0,"height_basis":"visual_fallback"},"geometry":{"type":"Polygon","coordinates":[[[139.767839,35.670069],[139.767643,35.669847],[139.767764,35.669738],[139.768157,35.669382],[139.76844,35.669603],[139.768071,35.669926],[139.767839,35.670069]]]}},{"type":"Feature","properties":{"osm_type":"way","osm_id":669790923,"building":"yes","source_height_m":null,"source_levels":null,"display_height_m":23.0,"height_basis":"visual_fallback"},"geometry":{"type":"Polygon","coordinates":[[[139.762949,35.673181],[139.762969,35.673144],[139.762988,35.673108],[139.762799,35.673052],[139.762981,35.672922],[139.763711,35.673103],[139.763951,35.67321],[139.764135,35.673331],[139.764289,35.67348],[139.763974,35.673626],[139.763942,35.67359],[139.763882,35.673529],[139.763798,35.673463],[139.763638,35.673384],[139.763097,35.673222],[139.762949,35.673181]]]}},{"type":"Feature","properties":{"osm_type":"way","osm_id":669814223,"building":"roof","source_height_m":null,"source_levels":null,"display_height_m":23.0,"height_basis":"visual_fallback"},"geometry":{"type":"Polygon","coordinates":[[[139.765663,35.674933],[139.765623,35.67488],[139.76564,35.674872],[139.76568,35.674924],[139.765663,35.674933]]]}},{"type":"Feature","properties":{"osm_type":"way","osm_id":669814225,"building":"roof","source_height_m":null,"source_levels":null,"display_height_m":14.0,"height_basis":"visual_fallback"},"geometry":{"type":"Polygon","coordinates":[[[139.765954,35.675325],[139.765923,35.675283],[139.765929,35.67528],[139.76594,35.675275],[139.765971,35.675316],[139.765954,35.675325]]]}},{"type":"Feature","properties":{"osm_type":"way","osm_id":670586100,"building":"roof","source_height_m":null,"source_levels":null,"display_height_m":14.0,"height_basis":"visual_fallback"},"geometry":{"type":"Polygon","coordinates":[[[139.771781,35.667601],[139.771726,35.667556],[139.771741,35.667544],[139.771796,35.667588],[139.771781,35.667601]]]}},{"type":"Feature","properties":{"osm_type":"way","osm_id":672089231,"building":"roof","source_height_m":null,"source_levels":null,"display_height_m":17.0,"height_basis":"visual_fallback"},"geometry":{"type":"Polygon","coordinates":[[[139.766578,35.669836],[139.766609,35.66981],[139.766629,35.669826],[139.766597,35.669852],[139.76659,35.669846],[139.766578,35.669836]]]}},{"type":"Feature","properties":{"osm_type":"way","osm_id":672089232,"building":"roof","source_height_m":null,"source_levels":null,"display_height_m":20.0,"height_basis":"visual_fallback"},"geometry":{"type":"Polygon","coordinates":[[[139.766827,35.669992],[139.766801,35.669973],[139.766842,35.669937],[139.766867,35.669956],[139.766827,35.669992]]]}},{"type":"Feature","properties":{"osm_type":"way","osm_id":676259335,"building":"roof","source_height_m":null,"source_levels":null,"display_height_m":14.0,"height_basis":"visual_fallback"},"geometry":{"type":"Polygon","coordinates":[[[139.765609,35.675379],[139.765578,35.675337],[139.765584,35.675334],[139.765595,35.675329],[139.765626,35.67537],[139.765609,35.675379]]]}},{"type":"Feature","properties":{"osm_type":"way","osm_id":681291773,"building":"yes","source_height_m":null,"source_levels":null,"display_height_m":23.0,"height_basis":"visual_fallback"},"geometry":{"type":"Polygon","coordinates":[[[139.766888,35.670005],[139.766996,35.67013],[139.767155,35.67004],[139.767078,35.669952],[139.766954,35.669944],[139.766888,35.670005]]]}},{"type":"Feature","properties":{"osm_type":"way","osm_id":681291774,"building":"yes","source_height_m":null,"source_levels":null,"display_height_m":26.0,"height_basis":"visual_fallback"},"geometry":{"type":"Polygon","coordinates":[[[139.767042,35.670168],[139.767197,35.670085],[139.767163,35.670043],[139.767008,35.670127],[139.767042,35.670168]]]}},{"type":"Feature","properties":{"osm_type":"way","osm_id":681291775,"building":"yes","source_height_m":null,"source_levels":null,"display_height_m":14.0,"height_basis":"visual_fallback"},"geometry":{"type":"Polygon","coordinates":[[[139.766885,35.67018],[139.766953,35.670141],[139.766919,35.6701],[139.76685,35.670139],[139.766885,35.67018]]]}},{"type":"Feature","properties":{"osm_type":"way","osm_id":681291776,"building":"yes","source_height_m":null,"source_levels":null,"display_height_m":17.0,"height_basis":"visual_fallback"},"geometry":{"type":"Polygon","coordinates":[[[139.766907,35.67019],[139.766943,35.670226],[139.767023,35.670173],[139.766987,35.670137],[139.766907,35.67019]]]}},{"type":"Feature","properties":{"osm_type":"way","osm_id":681291777,"building":"yes","source_height_m":null,"source_levels":null,"display_height_m":20.0,"height_basis":"visual_fallback"},"geometry":{"type":"Polygon","coordinates":[[[139.767009,35.670312],[139.767194,35.670206],[139.767151,35.670156],[139.767133,35.670166],[139.76711,35.670139],[139.766942,35.670234],[139.767009,35.670312]]]}},{"type":"Feature","properties":{"osm_type":"way","osm_id":681291778,"building":"yes","source_height_m":null,"source_levels":null,"display_height_m":23.0,"height_basis":"visual_fallback"},"geometry":{"type":"Polygon","coordinates":[[[139.767166,35.670161],[139.76723,35.670123],[139.767203,35.670094],[139.767139,35.670131],[139.767166,35.670161]]]}},{"type":"Feature","properties":{"osm_type":"way","osm_id":681291779,"building":"yes","source_height_m":null,"source_levels":null,"display_height_m":26.0,"height_basis":"visual_fallback"},"geometry":{"type":"Polygon","coordinates":[[[139.76717,35.670165],[139.767221,35.670222],[139.767288,35.670182],[139.767238,35.670125],[139.76717,35.670165]]]}},{"type":"Feature","properties":{"osm_type":"way","osm_id":681291780,"building":"yes","source_height_m":null,"source_levels":null,"display_height_m":14.0,"height_basis":"visual_fallback"},"geometry":{"type":"Polygon","coordinates":[[[139.767213,35.670233],[139.767233,35.670257],[139.767312,35.670214],[139.767292,35.67019],[139.767213,35.670233]]]}},{"type":"Feature","properties":{"osm_type":"way","osm_id":681291781,"building":"yes","source_height_m":null,"source_levels":null,"display_height_m":17.0,"height_basis":"visual_fallback"},"geometry":{"type":"Polygon","coordinates":[[[139.767153,35.670284],[139.767207,35.670345],[139.767356,35.670258],[139.767318,35.670216],[139.767231,35.670267],[139.767214,35.670248],[139.767153,35.670284]]]}},{"type":"Feature","properties":{"osm_type":"way","osm_id":681291782,"building":"yes","source_height_m":null,"source_levels":null,"display_height_m":20.0,"height_basis":"visual_fallback"},"geometry":{"type":"Polygon","coordinates":[[[139.767028,35.670313],[139.767087,35.670365],[139.767159,35.670311],[139.767113,35.670271],[139.767068,35.670305],[139.767054,35.670293],[139.767028,35.670313]]]}},{"type":"Feature","properties":{"osm_type":"way","osm_id":681291783,"building":"yes","source_height_m":null,"source_levels":null,"display_height_m":23.0,"height_basis":"visual_fallback"},"geometry":{"type":"Polygon","coordinates":[[[139.767091,35.670369],[139.767138,35.670424],[139.767264,35.670352],[139.767244,35.67033],[139.767193,35.670359],[139.767166,35.670327],[139.767091,35.670369]]]}},{"type":"Feature","properties":{"osm_type":"way","osm_id":681291785,"building":"hotel","source_height_m":null,"source_levels":null,"display_height_m":14.0,"height_basis":"visual_fallback"},"geometry":{"type":"Polygon","coordinates":[[[139.767243,35.670378],[139.767263,35.6704],[139.767299,35.670377],[139.767349,35.670429],[139.767234,35.670502],[139.767294,35.670564],[139.767503,35.670433],[139.76735,35.670273],[139.767259,35.67033],[139.767282,35.670354],[139.767243,35.670378]]]}},{"type":"Feature","properties":{"osm_type":"way","osm_id":681291786,"building":"yes","source_height_m":null,"source_levels":null,"display_height_m":17.0,"height_basis":"visual_fallback"},"geometry":{"type":"Polygon","coordinates":[[[139.767154,35.67043],[139.767177,35.670455],[139.767252,35.67041],[139.76723,35.670385],[139.767154,35.67043]]]}},{"type":"Feature","properties":{"osm_type":"way","osm_id":681291787,"building":"yes","source_height_m":null,"source_levels":null,"display_height_m":20.0,"height_basis":"visual_fallback"},"geometry":{"type":"Polygon","coordinates":[[[139.767186,35.670466],[139.767214,35.670495],[139.767317,35.670429],[139.767289,35.6704],[139.767186,35.670466]]]}},{"type":"Feature","properties":{"osm_type":"way","osm_id":681291789,"building":"yes","source_height_m":null,"source_levels":null,"display_height_m":26.0,"height_basis":"visual_fallback"},"geometry":{"type":"Polygon","coordinates":[[[139.767307,35.670578],[139.767353,35.670627],[139.767568,35.670494],[139.767523,35.670445],[139.767307,35.670578]]]}},{"type":"Feature","properties":{"osm_type":"way","osm_id":681291790,"building":"yes","source_height_m":null,"source_levels":null,"display_height_m":14.0,"height_basis":"visual_fallback"},"geometry":{"type":"Polygon","coordinates":[[[139.767367,35.670631],[139.767473,35.670743],[139.767679,35.670613],[139.767572,35.670501],[139.767367,35.670631]]]}},{"type":"Feature","properties":{"osm_type":"way","osm_id":681291792,"building":"yes","source_height_m":null,"source_levels":null,"display_height_m":20.0,"height_basis":"visual_fallback"},"geometry":{"type":"Polygon","coordinates":[[[139.767481,35.670758],[139.767547,35.670819],[139.767598,35.670782],[139.767533,35.670721],[139.767481,35.670758]]]}},{"type":"Feature","properties":{"osm_type":"way","osm_id":681291793,"building":"yes","source_height_m":null,"source_levels":null,"display_height_m":23.0,"height_basis":"visual_fallback"},"geometry":{"type":"Polygon","coordinates":[[[139.767539,35.670709],[139.767609,35.670781],[139.767665,35.670745],[139.767595,35.670673],[139.767539,35.670709]]]}},{"type":"Feature","properties":{"osm_type":"way","osm_id":681291794,"building":"yes","source_height_m":null,"source_levels":null,"display_height_m":26.0,"height_basis":"visual_fallback"},"geometry":{"type":"Polygon","coordinates":[[[139.767606,35.670668],[139.767669,35.670739],[139.767726,35.670705],[139.767725,35.67067],[139.767683,35.670623],[139.767606,35.670668]]]}},{"type":"Feature","properties":{"osm_type":"way","osm_id":687793534,"building":"roof","source_height_m":null,"source_levels":null,"display_height_m":26.0,"height_basis":"visual_fallback"},"geometry":{"type":"Polygon","coordinates":[[[139.761106,35.666254],[139.761081,35.666255],[139.761058,35.666249],[139.761038,35.666237],[139.761024,35.666221],[139.761017,35.666202],[139.761018,35.666182],[139.761026,35.666165],[139.76104,35.66615],[139.761059,35.666139],[139.76108,35.666134],[139.761096,35.666133],[139.761111,35.666135],[139.761125,35.666139],[139.761137,35.666146],[139.761154,35.66616],[139.761164,35.666179],[139.761167,35.666199],[139.761161,35.666218],[139.761148,35.666235],[139.761129,35.666247],[139.761106,35.666254]]]}},{"type":"Feature","properties":{"osm_type":"way","osm_id":687794334,"building":"roof","source_height_m":null,"source_levels":null,"display_height_m":26.0,"height_basis":"visual_fallback"},"geometry":{"type":"Polygon","coordinates":[[[139.762006,35.665782],[139.761913,35.665629],[139.761968,35.665607],[139.762061,35.665761],[139.762006,35.665782]]]}},{"type":"Feature","properties":{"osm_type":"way","osm_id":687794335,"building":"roof","source_height_m":null,"source_levels":null,"display_height_m":14.0,"height_basis":"visual_fallback"},"geometry":{"type":"Polygon","coordinates":[[[139.761894,35.665336],[139.761924,35.665322],[139.761875,35.665252],[139.761859,35.66526],[139.761845,35.665267],[139.761894,35.665336]]]}},{"type":"Feature","properties":{"osm_type":"way","osm_id":687794337,"building":"roof","source_height_m":null,"source_levels":null,"display_height_m":20.0,"height_basis":"visual_fallback"},"geometry":{"type":"Polygon","coordinates":[[[139.761984,35.665472],[139.761995,35.665467],[139.762015,35.665458],[139.761966,35.665388],[139.761935,35.665402],[139.761984,35.665472]]]}},{"type":"Feature","properties":{"osm_type":"way","osm_id":687794338,"building":"roof","source_height_m":null,"source_levels":null,"display_height_m":23.0,"height_basis":"visual_fallback"},"geometry":{"type":"Polygon","coordinates":[[[139.762262,35.665342],[139.762271,35.665337],[139.762292,35.665328],[139.762243,35.665258],[139.762213,35.665273],[139.762262,35.665342]]]}},{"type":"Feature","properties":{"osm_type":"way","osm_id":687794339,"building":"roof","source_height_m":null,"source_levels":null,"display_height_m":26.0,"height_basis":"visual_fallback"},"geometry":{"type":"Polygon","coordinates":[[[139.762182,35.665214],[139.762212,35.6652],[139.762163,35.66513],[139.762143,35.66514],[139.762133,35.665144],[139.762182,35.665214]]]}},{"type":"Feature","properties":{"osm_type":"way","osm_id":723855285,"building":"yes","source_height_m":null,"source_levels":null,"display_height_m":14.0,"height_basis":"visual_fallback"},"geometry":{"type":"Polygon","coordinates":[[[139.766187,35.6707],[139.766223,35.670672],[139.766187,35.67064],[139.766151,35.670668],[139.766187,35.6707]]]}},{"type":"Feature","properties":{"osm_type":"way","osm_id":723855286,"building":"commercial","source_height_m":null,"source_levels":null,"display_height_m":17.0,"height_basis":"visual_fallback"},"geometry":{"type":"Polygon","coordinates":[[[139.765742,35.67108],[139.765772,35.671059],[139.765686,35.670979],[139.765657,35.671],[139.765742,35.67108]]]}},{"type":"Feature","properties":{"osm_type":"way","osm_id":723855287,"building":"commercial","source_height_m":null,"source_levels":null,"display_height_m":20.0,"height_basis":"visual_fallback"},"geometry":{"type":"Polygon","coordinates":[[[139.765686,35.671124],[139.765728,35.671093],[139.765639,35.671013],[139.765596,35.671044],[139.765686,35.671124]]]}},{"type":"Feature","properties":{"osm_type":"way","osm_id":723855288,"building":"yes","source_height_m":null,"source_levels":null,"display_height_m":23.0,"height_basis":"visual_fallback"},"geometry":{"type":"Polygon","coordinates":[[[139.765565,35.671241],[139.765682,35.671156],[139.76558,35.671065],[139.765464,35.67115],[139.765565,35.671241]]]}},{"type":"Feature","properties":{"osm_type":"way","osm_id":734875057,"building":"yes","source_height_m":null,"source_levels":null,"display_height_m":20.0,"height_basis":"visual_fallback"},"geometry":{"type":"Polygon","coordinates":[[[139.760245,35.673666],[139.760299,35.67364],[139.760274,35.673615],[139.760268,35.673599],[139.760267,35.673585],[139.760271,35.673571],[139.760281,35.673555],[139.760306,35.673538],[139.760269,35.673505],[139.760245,35.673528],[139.76023,35.673554],[139.760224,35.673582],[139.760228,35.67361],[139.760238,35.673635],[139.760224,35.673643],[139.760245,35.673666]]]}},{"type":"Feature","properties":{"osm_type":"way","osm_id":734887842,"building":"yes","source_height_m":null,"source_levels":null,"display_height_m":20.0,"height_basis":"visual_fallback"},"geometry":{"type":"Polygon","coordinates":[[[139.759111,35.674063],[139.759068,35.674094],[139.759056,35.674098],[139.759015,35.674111],[139.759,35.674106],[139.759,35.674123],[139.759147,35.67427],[139.759193,35.67424],[139.75925,35.674203],[139.759111,35.674063]]]}},{"type":"Feature","properties":{"osm_type":"way","osm_id":734887846,"building":"yes","source_height_m":null,"source_levels":null,"display_height_m":17.0,"height_basis":"visual_fallback"},"geometry":{"type":"Polygon","coordinates":[[[139.759801,35.674099],[139.759798,35.674097],[139.759783,35.674096],[139.759767,35.674084],[139.759762,35.674066],[139.759763,35.674063],[139.759715,35.674017],[139.759634,35.673938],[139.759425,35.674081],[139.75925,35.674203],[139.759193,35.67424],[139.759147,35.67427],[139.759312,35.674435],[139.759595,35.674241],[139.759801,35.674099]]]}},{"type":"Feature","properties":{"osm_type":"way","osm_id":736377660,"building":"yes","source_height_m":null,"source_levels":null,"display_height_m":14.0,"height_basis":"visual_fallback"},"geometry":{"type":"Polygon","coordinates":[[[139.75979,35.674041],[139.759803,35.67404],[139.759814,35.674043],[139.759824,35.674049],[139.759832,35.67406],[139.759833,35.674072],[139.759824,35.674089],[139.759805,35.674098],[139.759798,35.674097],[139.759783,35.674096],[139.759767,35.674084],[139.759762,35.674066],[139.759763,35.674063],[139.759771,35.67405],[139.75979,35.674041]]]}},{"type":"Feature","properties":{"osm_type":"way","osm_id":744237869,"building":"yes","source_height_m":null,"source_levels":null,"display_height_m":26.0,"height_basis":"visual_fallback"},"geometry":{"type":"Polygon","coordinates":[[[139.759553,35.666681],[139.759579,35.666672],[139.759552,35.666618],[139.759526,35.666626],[139.759553,35.666681]]]}},{"type":"Feature","properties":{"osm_type":"way","osm_id":744237870,"building":"yes","source_height_m":null,"source_levels":null,"display_height_m":14.0,"height_basis":"visual_fallback"},"geometry":{"type":"Polygon","coordinates":[[[139.759525,35.66669],[139.759552,35.666681],[139.759525,35.666627],[139.759499,35.666636],[139.759525,35.66669]]]}},{"type":"Feature","properties":{"osm_type":"way","osm_id":744237871,"building":"yes","source_height_m":null,"source_levels":null,"display_height_m":17.0,"height_basis":"visual_fallback"},"geometry":{"type":"Polygon","coordinates":[[[139.759498,35.666699],[139.759524,35.666691],[139.759497,35.666636],[139.759471,35.666645],[139.759498,35.666699]]]}},{"type":"Feature","properties":{"osm_type":"way","osm_id":762174899,"building":"yes","source_height_m":null,"source_levels":null,"display_height_m":26.0,"height_basis":"visual_fallback"},"geometry":{"type":"Polygon","coordinates":[[[139.765406,35.672028],[139.765292,35.672107],[139.765191,35.672012],[139.765306,35.671932],[139.765406,35.672028]]]}},{"type":"Feature","properties":{"osm_type":"way","osm_id":762205772,"building":"yes","source_height_m":null,"source_levels":null,"display_height_m":20.0,"height_basis":"visual_fallback"},"geometry":{"type":"Polygon","coordinates":[[[139.76263,35.668748],[139.762718,35.668831],[139.76289,35.668706],[139.762948,35.668752],[139.763026,35.668696],[139.762886,35.668571],[139.76263,35.668748]]]}},{"type":"Feature","properties":{"osm_type":"way","osm_id":762579547,"building":"yes","source_height_m":null,"source_levels":null,"display_height_m":20.0,"height_basis":"visual_fallback"},"geometry":{"type":"Polygon","coordinates":[[[139.762766,35.668876],[139.762935,35.668754],[139.762891,35.668716],[139.762721,35.668835],[139.762766,35.668876]]]}},{"type":"Feature","properties":{"osm_type":"way","osm_id":795471755,"building":"yes","source_height_m":null,"source_levels":null,"display_height_m":14.0,"height_basis":"visual_fallback"},"geometry":{"type":"Polygon","coordinates":[[[139.764413,35.672068],[139.764488,35.672016],[139.76441,35.671941],[139.764386,35.671943],[139.764326,35.671984],[139.764413,35.672068]]]}},{"type":"Feature","properties":{"osm_type":"way","osm_id":795471756,"building":"commercial","source_height_m":null,"source_levels":null,"display_height_m":17.0,"height_basis":"visual_fallback"},"geometry":{"type":"Polygon","coordinates":[[[139.76435,35.672117],[139.764411,35.672075],[139.764326,35.671993],[139.764265,35.672035],[139.76435,35.672117]]]}},{"type":"Feature","properties":{"osm_type":"way","osm_id":795471757,"building":"commercial","source_height_m":null,"source_levels":null,"display_height_m":20.0,"height_basis":"visual_fallback"},"geometry":{"type":"Polygon","coordinates":[[[139.764255,35.6722],[139.764316,35.672158],[139.764223,35.672069],[139.764118,35.67214],[139.764148,35.672169],[139.764192,35.672139],[139.764255,35.6722]]]}},{"type":"Feature","properties":{"osm_type":"way","osm_id":795471758,"building":"commercial","source_height_m":null,"source_levels":null,"display_height_m":23.0,"height_basis":"visual_fallback"},"geometry":{"type":"Polygon","coordinates":[[[139.764261,35.672274],[139.764154,35.672173],[139.764194,35.672145],[139.764258,35.672206],[139.764366,35.672131],[139.764409,35.672171],[139.764261,35.672274]]]}},{"type":"Feature","properties":{"osm_type":"way","osm_id":795471759,"building":"commercial","source_height_m":null,"source_levels":null,"display_height_m":26.0,"height_basis":"visual_fallback"},"geometry":{"type":"Polygon","coordinates":[[[139.764887,35.67266],[139.764593,35.672373],[139.764541,35.672397],[139.764608,35.672454],[139.764508,35.67252],[139.764762,35.672749],[139.764887,35.67266]]]}},{"type":"Feature","properties":{"osm_type":"way","osm_id":795473155,"building":"yes","source_height_m":null,"source_levels":null,"display_height_m":14.0,"height_basis":"visual_fallback"},"geometry":{"type":"Polygon","coordinates":[[[139.764839,35.672012],[139.764958,35.671924],[139.764938,35.671897],[139.764812,35.671988],[139.764839,35.672012]]]}},{"type":"Feature","properties":{"osm_type":"way","osm_id":795473156,"building":"commercial","source_height_m":null,"source_levels":null,"display_height_m":17.0,"height_basis":"visual_fallback"},"geometry":{"type":"Polygon","coordinates":[[[139.765158,35.672295],[139.765131,35.672267],[139.765121,35.672276],[139.765085,35.672241],[139.765213,35.67215],[139.765276,35.672215],[139.765158,35.672295]]]}},{"type":"Feature","properties":{"osm_type":"way","osm_id":813658723,"building":"roof","source_height_m":null,"source_levels":null,"display_height_m":23.0,"height_basis":"visual_fallback"},"geometry":{"type":"Polygon","coordinates":[[[139.763237,35.673565],[139.763225,35.673528],[139.763344,35.673506],[139.763321,35.673551],[139.763237,35.673565]]]}},{"type":"Feature","properties":{"osm_type":"way","osm_id":813659885,"building":"roof","source_height_m":null,"source_levels":null,"display_height_m":14.0,"height_basis":"visual_fallback"},"geometry":{"type":"Polygon","coordinates":[[[139.763387,35.673415],[139.763402,35.673384],[139.763177,35.673323],[139.763191,35.673359],[139.763387,35.673415]]]}},{"type":"Feature","properties":{"osm_type":"way","osm_id":817880412,"building":"yes","source_height_m":null,"source_levels":null,"display_height_m":20.0,"height_basis":"visual_fallback"},"geometry":{"type":"Polygon","coordinates":[[[139.767481,35.674535],[139.767416,35.674478],[139.767471,35.674439],[139.767469,35.674397],[139.767535,35.674354],[139.767581,35.674402],[139.767515,35.674448],[139.767553,35.674486],[139.767481,35.674535]]]}},{"type":"Feature","properties":{"osm_type":"way","osm_id":817881222,"building":"yes","source_height_m":null,"source_levels":null,"display_height_m":20.0,"height_basis":"visual_fallback"},"geometry":{"type":"Polygon","coordinates":[[[139.765663,35.674834],[139.765609,35.674759],[139.765708,35.674712],[139.765715,35.674722],[139.765753,35.674705],[139.765799,35.674771],[139.765663,35.674834]]]}},{"type":"Feature","properties":{"osm_type":"way","osm_id":817890465,"building":"yes","source_height_m":null,"source_levels":null,"display_height_m":14.0,"height_basis":"visual_fallback"},"geometry":{"type":"Polygon","coordinates":[[[139.766662,35.669694],[139.766631,35.669671],[139.76668,35.669623],[139.766722,35.669621],[139.766729,35.669663],[139.766691,35.669665],[139.766662,35.669694]]]}},{"type":"Feature","properties":{"osm_type":"way","osm_id":825981254,"building":"yes","source_height_m":62.0,"source_levels":12.0,"display_height_m":62.0,"height_basis":"osm_height"},"geometry":{"type":"Polygon","coordinates":[[[139.769022,35.674784],[139.769138,35.67491],[139.769243,35.674847],[139.769267,35.674872],[139.769744,35.674701],[139.769843,35.67465],[139.76985,35.6746],[139.769778,35.674523],[139.769775,35.674504],[139.769657,35.674387],[139.769022,35.674784]]]}},{"type":"Feature","properties":{"osm_type":"way","osm_id":847361874,"building":"yes","source_height_m":192.0,"source_levels":35.0,"display_height_m":120.0,"height_basis":"osm_height"},"geometry":{"type":"Polygon","coordinates":[[[139.759,35.673319],[139.759474,35.67315],[139.759538,35.673195],[139.759572,35.673267],[139.759579,35.673386],[139.759597,35.673469],[139.75962,35.673508],[139.759699,35.673584],[139.759716,35.673625],[139.759721,35.673655],[139.759707,35.673677],[139.759552,35.673741],[139.759111,35.674063],[139.759068,35.674094],[139.759056,35.674098],[139.759015,35.674111],[139.759,35.674106],[139.759,35.673319]]]}},{"type":"Feature","properties":{"osm_type":"way","osm_id":892948909,"building":"roof","source_height_m":null,"source_levels":null,"display_height_m":26.0,"height_basis":"visual_fallback"},"geometry":{"type":"Polygon","coordinates":[[[139.766394,35.665076],[139.76646,35.66503],[139.766337,35.664915],[139.766271,35.664962],[139.766394,35.665076]]]}},{"type":"Feature","properties":{"osm_type":"way","osm_id":895771507,"building":"yes","source_height_m":null,"source_levels":null,"display_height_m":20.0,"height_basis":"visual_fallback"},"geometry":{"type":"Polygon","coordinates":[[[139.760351,35.673258],[139.76043,35.673226],[139.760394,35.673169],[139.760315,35.673201],[139.760351,35.673258]]]}},{"type":"Feature","properties":{"osm_type":"way","osm_id":951594093,"building":"yes","source_height_m":null,"source_levels":null,"display_height_m":23.0,"height_basis":"visual_fallback"},"geometry":{"type":"Polygon","coordinates":[[[139.76278,35.666776],[139.762783,35.666781],[139.762783,35.666786],[139.76278,35.666791],[139.762776,35.666795],[139.762771,35.666798],[139.762764,35.666799],[139.762758,35.666798],[139.762753,35.666796],[139.762748,35.666793],[139.762746,35.666788],[139.762745,35.666784],[139.762745,35.666779],[139.762748,35.666774],[139.762753,35.666771],[139.762758,35.666769],[139.762764,35.666768],[139.762771,35.666769],[139.762776,35.666772],[139.76278,35.666776]]]}},{"type":"Feature","properties":{"osm_type":"way","osm_id":951594100,"building":"yes","source_height_m":null,"source_levels":null,"display_height_m":14.0,"height_basis":"visual_fallback"},"geometry":{"type":"Polygon","coordinates":[[[139.763412,35.66751],[139.763423,35.667511],[139.763434,35.667509],[139.763443,35.667504],[139.763451,35.667496],[139.763455,35.667488],[139.763455,35.667479],[139.763452,35.66747],[139.763445,35.667462],[139.763436,35.667456],[139.763424,35.667453],[139.763412,35.667454],[139.763401,35.667457],[139.763392,35.667464],[139.763386,35.667473],[139.763384,35.667482],[139.763386,35.667492],[139.763392,35.667501],[139.763401,35.667507],[139.763412,35.66751]]]}},{"type":"Feature","properties":{"osm_type":"way","osm_id":969310179,"building":"yes","source_height_m":null,"source_levels":null,"display_height_m":26.0,"height_basis":"visual_fallback"},"geometry":{"type":"Polygon","coordinates":[[[139.766432,35.674862],[139.766518,35.674949],[139.766569,35.674915],[139.766483,35.674828],[139.766432,35.674862]]]}},{"type":"Feature","properties":{"osm_type":"way","osm_id":980767184,"building":"yes","source_height_m":null,"source_levels":null,"display_height_m":26.0,"height_basis":"visual_fallback"},"geometry":{"type":"Polygon","coordinates":[[[139.771467,35.674308],[139.771406,35.674211],[139.771463,35.674186],[139.771416,35.674107],[139.771563,35.67405],[139.771602,35.674124],[139.771561,35.674141],[139.771614,35.674251],[139.771467,35.674308]]]}},{"type":"Feature","properties":{"osm_type":"way","osm_id":1032775767,"building":"yes","source_height_m":null,"source_levels":null,"display_height_m":20.0,"height_basis":"visual_fallback"},"geometry":{"type":"Polygon","coordinates":[[[139.768082,35.666121],[139.768129,35.66608],[139.768138,35.666086],[139.768234,35.666],[139.767845,35.665711],[139.767677,35.665859],[139.767773,35.66593],[139.767797,35.665909],[139.768082,35.666121]]]}},{"type":"Feature","properties":{"osm_type":"way","osm_id":1032775768,"building":"office","source_height_m":80.0,"source_levels":14.0,"display_height_m":80.0,"height_basis":"osm_height"},"geometry":{"type":"Polygon","coordinates":[[[139.767566,35.665837],[139.768032,35.666187],[139.767693,35.666485],[139.767227,35.666134],[139.767566,35.665837]]]}},{"type":"Feature","properties":{"osm_type":"way","osm_id":1032775774,"building":"yes","source_height_m":null,"source_levels":null,"display_height_m":26.0,"height_basis":"visual_fallback"},"geometry":{"type":"Polygon","coordinates":[[[139.766512,35.665341],[139.766613,35.665261],[139.766636,35.665243],[139.766669,35.665271],[139.76666,35.665278],[139.766671,35.665286],[139.766588,35.665351],[139.766578,35.665343],[139.766546,35.665368],[139.766512,35.665341]]]}},{"type":"Feature","properties":{"osm_type":"way","osm_id":1151127537,"building":"roof","source_height_m":null,"source_levels":null,"display_height_m":20.0,"height_basis":"visual_fallback"},"geometry":{"type":"Polygon","coordinates":[[[139.763278,35.673735],[139.763268,35.673691],[139.763355,35.673676],[139.763367,35.67372],[139.763278,35.673735]]]}},{"type":"Feature","properties":{"osm_type":"way","osm_id":1174517164,"building":"commercial","source_height_m":null,"source_levels":null,"display_height_m":26.0,"height_basis":"visual_fallback"},"geometry":{"type":"Polygon","coordinates":[[[139.760509,35.673915],[139.760576,35.673983],[139.760618,35.673986],[139.760661,35.673958],[139.760577,35.673871],[139.760509,35.673915]]]}},{"type":"Feature","properties":{"osm_type":"way","osm_id":1176915916,"building":"commercial","source_height_m":null,"source_levels":null,"display_height_m":17.0,"height_basis":"visual_fallback"},"geometry":{"type":"Polygon","coordinates":[[[139.764824,35.6694],[139.764875,35.669358],[139.764833,35.669325],[139.764783,35.669367],[139.764824,35.6694]]]}},{"type":"Feature","properties":{"osm_type":"way","osm_id":1177244881,"building":"yes","source_height_m":65.844,"source_levels":15.0,"display_height_m":65.8,"height_basis":"osm_height"},"geometry":{"type":"Polygon","coordinates":[[[139.765368,35.668484],[139.765048,35.668752],[139.765273,35.66893],[139.765593,35.668662],[139.765368,35.668484]]]}},{"type":"Feature","properties":{"osm_type":"way","osm_id":1177254413,"building":"commercial","source_height_m":null,"source_levels":null,"display_height_m":23.0,"height_basis":"visual_fallback"},"geometry":{"type":"Polygon","coordinates":[[[139.76344,35.6712],[139.763493,35.671251],[139.763595,35.671181],[139.763549,35.671136],[139.763488,35.671178],[139.763481,35.671172],[139.76344,35.6712]]]}},{"type":"Feature","properties":{"osm_type":"way","osm_id":1177254414,"building":"yes","source_height_m":null,"source_levels":null,"display_height_m":26.0,"height_basis":"visual_fallback"},"geometry":{"type":"Polygon","coordinates":[[[139.763749,35.671788],[139.76385,35.671886],[139.763915,35.671841],[139.763814,35.671744],[139.763749,35.671788]]]}},{"type":"Feature","properties":{"osm_type":"way","osm_id":1178514445,"building":"yes","source_height_m":null,"source_levels":null,"display_height_m":14.0,"height_basis":"visual_fallback"},"geometry":{"type":"Polygon","coordinates":[[[139.771861,35.674365],[139.771948,35.67433],[139.771898,35.674249],[139.771812,35.674284],[139.771861,35.674365]]]}},{"type":"Feature","properties":{"osm_type":"way","osm_id":1178514446,"building":"hotel","source_height_m":null,"source_levels":null,"display_height_m":17.0,"height_basis":"visual_fallback"},"geometry":{"type":"Polygon","coordinates":[[[139.771689,35.674421],[139.771649,35.674346],[139.771797,35.674294],[139.771838,35.674368],[139.771689,35.674421]]]}},{"type":"Feature","properties":{"osm_type":"way","osm_id":1178579360,"building":"yes","source_height_m":null,"source_levels":null,"display_height_m":14.0,"height_basis":"visual_fallback"},"geometry":{"type":"Polygon","coordinates":[[[139.760339,35.669571],[139.760422,35.669512],[139.760475,35.669561],[139.760393,35.66962],[139.760339,35.669571]]]}},{"type":"Feature","properties":{"osm_type":"way","osm_id":1181162211,"building":"commercial","source_height_m":68.05,"source_levels":13.0,"display_height_m":68.0,"height_basis":"osm_height"},"geometry":{"type":"Polygon","coordinates":[[[139.761174,35.672885],[139.761694,35.673035],[139.761698,35.673028],[139.76189,35.673084],[139.761892,35.67308],[139.761931,35.673092],[139.761947,35.673054],[139.761934,35.673051],[139.761975,35.672958],[139.761236,35.672743],[139.761174,35.672885]]]}},{"type":"Feature","properties":{"osm_type":"way","osm_id":1181164347,"building":"yes","source_height_m":null,"source_levels":null,"display_height_m":20.0,"height_basis":"visual_fallback"},"geometry":{"type":"Polygon","coordinates":[[[139.765703,35.674888],[139.76573,35.674922],[139.765898,35.674833],[139.765871,35.674799],[139.765703,35.674888]]]}},{"type":"Feature","properties":{"osm_type":"way","osm_id":1181165365,"building":"yes","source_height_m":null,"source_levels":null,"display_height_m":14.0,"height_basis":"visual_fallback"},"geometry":{"type":"Polygon","coordinates":[[[139.764027,35.671152],[139.764054,35.671178],[139.76412,35.67113],[139.764095,35.671103],[139.764027,35.671152]]]}},{"type":"Feature","properties":{"osm_type":"way","osm_id":1181400348,"building":"yes","source_height_m":null,"source_levels":null,"display_height_m":23.0,"height_basis":"visual_fallback"},"geometry":{"type":"Polygon","coordinates":[[[139.766683,35.670379],[139.766639,35.670473],[139.76702,35.670869],[139.767107,35.670811],[139.766683,35.670379]]]}},{"type":"Feature","properties":{"osm_type":"way","osm_id":1181400349,"building":"yes","source_height_m":null,"source_levels":null,"display_height_m":26.0,"height_basis":"visual_fallback"},"geometry":{"type":"Polygon","coordinates":[[[139.76833,35.674161],[139.768353,35.674183],[139.76844,35.674124],[139.768417,35.674101],[139.76833,35.674161]]]}},{"type":"Feature","properties":{"osm_type":"way","osm_id":1181400350,"building":"yes","source_height_m":null,"source_levels":null,"display_height_m":14.0,"height_basis":"visual_fallback"},"geometry":{"type":"Polygon","coordinates":[[[139.768411,35.67393],[139.76848,35.673884],[139.768421,35.673826],[139.768352,35.673872],[139.768411,35.67393]]]}},{"type":"Feature","properties":{"osm_type":"way","osm_id":1181400351,"building":"yes","source_height_m":null,"source_levels":null,"display_height_m":17.0,"height_basis":"visual_fallback"},"geometry":{"type":"Polygon","coordinates":[[[139.768364,35.674183],[139.768677,35.674486],[139.768809,35.674396],[139.768849,35.674435],[139.768954,35.674363],[139.768671,35.674088],[139.768579,35.674151],[139.768486,35.67406],[139.768423,35.674103],[139.768447,35.674126],[139.768364,35.674183]]]}},{"type":"Feature","properties":{"osm_type":"way","osm_id":1181400352,"building":"yes","source_height_m":null,"source_levels":null,"display_height_m":20.0,"height_basis":"visual_fallback"},"geometry":{"type":"Polygon","coordinates":[[[139.767781,35.672078],[139.767866,35.672032],[139.767626,35.671737],[139.76754,35.671784],[139.767781,35.672078]]]}},{"type":"Feature","properties":{"osm_type":"way","osm_id":1181400353,"building":"yes","source_height_m":null,"source_levels":null,"display_height_m":23.0,"height_basis":"visual_fallback"},"geometry":{"type":"Polygon","coordinates":[[[139.767124,35.671838],[139.76723,35.671967],[139.767363,35.671895],[139.767278,35.671793],[139.767252,35.671805],[139.767229,35.671778],[139.767124,35.671838]]]}},{"type":"Feature","properties":{"osm_type":"way","osm_id":1181400354,"building":"yes","source_height_m":null,"source_levels":null,"display_height_m":26.0,"height_basis":"visual_fallback"},"geometry":{"type":"Polygon","coordinates":[[[139.76861,35.670966],[139.768671,35.671028],[139.768786,35.670955],[139.768728,35.67089],[139.76861,35.670966]]]}},{"type":"Feature","properties":{"osm_type":"way","osm_id":1181400355,"building":"yes","source_height_m":null,"source_levels":null,"display_height_m":14.0,"height_basis":"visual_fallback"},"geometry":{"type":"Polygon","coordinates":[[[139.767854,35.671039],[139.767978,35.671171],[139.767898,35.671221],[139.767998,35.671329],[139.7681,35.671266],[139.768047,35.67121],[139.768156,35.671143],[139.767984,35.670959],[139.767854,35.671039]]]}},{"type":"Feature","properties":{"osm_type":"way","osm_id":1181754405,"building":"yes","source_height_m":null,"source_levels":null,"display_height_m":14.0,"height_basis":"visual_fallback"},"geometry":{"type":"Polygon","coordinates":[[[139.759282,35.667936],[139.759342,35.667917],[139.759296,35.66782],[139.759235,35.667839],[139.759282,35.667936]]]}},{"type":"Feature","properties":{"osm_type":"way","osm_id":1181754406,"building":"yes","source_height_m":null,"source_levels":null,"display_height_m":17.0,"height_basis":"visual_fallback"},"geometry":{"type":"Polygon","coordinates":[[[139.759343,35.667917],[139.759426,35.66789],[139.75938,35.667793],[139.759297,35.66782],[139.759343,35.667917]]]}},{"type":"Feature","properties":{"osm_type":"way","osm_id":1181754407,"building":"yes","source_height_m":null,"source_levels":null,"display_height_m":20.0,"height_basis":"visual_fallback"},"geometry":{"type":"Polygon","coordinates":[[[139.760296,35.667599],[139.760335,35.667588],[139.760297,35.667502],[139.760258,35.667513],[139.760296,35.667599]]]}},{"type":"Feature","properties":{"osm_type":"way","osm_id":1181754408,"building":"yes","source_height_m":null,"source_levels":null,"display_height_m":23.0,"height_basis":"visual_fallback"},"geometry":{"type":"Polygon","coordinates":[[[139.760345,35.667584],[139.760379,35.667573],[139.760339,35.66749],[139.760304,35.667502],[139.760345,35.667584]]]}},{"type":"Feature","properties":{"osm_type":"way","osm_id":1181762766,"building":"yes","source_height_m":null,"source_levels":null,"display_height_m":17.0,"height_basis":"visual_fallback"},"geometry":{"type":"Polygon","coordinates":[[[139.767983,35.671842],[139.768054,35.671925],[139.768144,35.671875],[139.768195,35.671934],[139.76829,35.671882],[139.768168,35.671738],[139.767983,35.671842]]]}},{"type":"Feature","properties":{"osm_type":"way","osm_id":1181762767,"building":"yes","source_height_m":null,"source_levels":null,"display_height_m":20.0,"height_basis":"visual_fallback"},"geometry":{"type":"Polygon","coordinates":[[[139.767865,35.671683],[139.767894,35.671719],[139.768068,35.671626],[139.76804,35.67159],[139.767865,35.671683]]]}},{"type":"Feature","properties":{"osm_type":"way","osm_id":1181762768,"building":"yes","source_height_m":null,"source_levels":null,"display_height_m":23.0,"height_basis":"visual_fallback"},"geometry":{"type":"Polygon","coordinates":[[[139.768126,35.671982],[139.768196,35.671941],[139.768142,35.67188],[139.768072,35.671921],[139.768126,35.671982]]]}},{"type":"Feature","properties":{"osm_type":"way","osm_id":1181762769,"building":"yes","source_height_m":null,"source_levels":null,"display_height_m":26.0,"height_basis":"visual_fallback"},"geometry":{"type":"Polygon","coordinates":[[[139.768324,35.671515],[139.76835,35.671544],[139.768458,35.671479],[139.768431,35.671451],[139.768324,35.671515]]]}},{"type":"Feature","properties":{"osm_type":"way","osm_id":1181762770,"building":"commercial","source_height_m":null,"source_levels":null,"display_height_m":14.0,"height_basis":"visual_fallback"},"geometry":{"type":"Polygon","coordinates":[[[139.766763,35.671004],[139.766838,35.670954],[139.76663,35.670749],[139.766555,35.6708],[139.766763,35.671004]]]}},{"type":"Feature","properties":{"osm_type":"way","osm_id":1181762771,"building":"commercial","source_height_m":null,"source_levels":null,"display_height_m":17.0,"height_basis":"visual_fallback"},"geometry":{"type":"Polygon","coordinates":[[[139.766855,35.671097],[139.766926,35.671048],[139.766838,35.670957],[139.766764,35.671009],[139.766855,35.671097]]]}},{"type":"Feature","properties":{"osm_type":"way","osm_id":1181762772,"building":"commercial","source_height_m":null,"source_levels":null,"display_height_m":20.0,"height_basis":"visual_fallback"},"geometry":{"type":"Polygon","coordinates":[[[139.76691,35.671155],[139.76698,35.67111],[139.766926,35.671055],[139.766857,35.6711],[139.76691,35.671155]]]}},{"type":"Feature","properties":{"osm_type":"way","osm_id":1181762773,"building":"commercial","source_height_m":null,"source_levels":null,"display_height_m":23.0,"height_basis":"visual_fallback"},"geometry":{"type":"Polygon","coordinates":[[[139.76698,35.671115],[139.767026,35.67116],[139.766961,35.671203],[139.766916,35.671158],[139.76698,35.671115]]]}},{"type":"Feature","properties":{"osm_type":"way","osm_id":1181762774,"building":"commercial","source_height_m":null,"source_levels":null,"display_height_m":26.0,"height_basis":"visual_fallback"},"geometry":{"type":"Polygon","coordinates":[[[139.767037,35.671011],[139.766944,35.671071],[139.767029,35.671157],[139.767122,35.671097],[139.767037,35.671011]]]}},{"type":"Feature","properties":{"osm_type":"way","osm_id":1181762775,"building":"commercial","source_height_m":null,"source_levels":null,"display_height_m":14.0,"height_basis":"visual_fallback"},"geometry":{"type":"Polygon","coordinates":[[[139.766744,35.670717],[139.766662,35.67077],[139.766947,35.671062],[139.767029,35.671009],[139.766744,35.670717]]]}},{"type":"Feature","properties":{"osm_type":"way","osm_id":1181766170,"building":"yes","source_height_m":null,"source_levels":null,"display_height_m":14.0,"height_basis":"visual_fallback"},"geometry":{"type":"Polygon","coordinates":[[[139.765763,35.671721],[139.765807,35.671764],[139.765966,35.671656],[139.765921,35.671613],[139.765763,35.671721]]]}},{"type":"Feature","properties":{"osm_type":"way","osm_id":1181766171,"building":"yes","source_height_m":null,"source_levels":null,"display_height_m":17.0,"height_basis":"visual_fallback"},"geometry":{"type":"Polygon","coordinates":[[[139.765812,35.671766],[139.765875,35.671827],[139.766033,35.671718],[139.76597,35.671658],[139.765812,35.671766]]]}},{"type":"Feature","properties":{"osm_type":"way","osm_id":1182060078,"building":"yes","source_height_m":null,"source_levels":null,"display_height_m":23.0,"height_basis":"visual_fallback"},"geometry":{"type":"Polygon","coordinates":[[[139.766821,35.674246],[139.766679,35.674113],[139.766506,35.674235],[139.766426,35.67416],[139.766399,35.674179],[139.766429,35.674207],[139.766347,35.674265],[139.766459,35.674369],[139.766593,35.674275],[139.766623,35.674302],[139.76667,35.674269],[139.766696,35.674294],[139.766721,35.674276],[139.766746,35.674299],[139.766821,35.674246]]]}},{"type":"Feature","properties":{"osm_type":"way","osm_id":1182060079,"building":"yes","source_height_m":null,"source_levels":2.0,"display_height_m":6.4,"height_basis":"osm_levels_x_3.2m"},"geometry":{"type":"Polygon","coordinates":[[[139.766437,35.674154],[139.766487,35.674202],[139.766655,35.674086],[139.766606,35.674039],[139.766437,35.674154]]]}},{"type":"Feature","properties":{"osm_type":"way","osm_id":1182060080,"building":"retail","source_height_m":null,"source_levels":9.0,"display_height_m":28.8,"height_basis":"osm_levels_x_3.2m"},"geometry":{"type":"Polygon","coordinates":[[[139.766147,35.673834],[139.765999,35.673938],[139.766311,35.674231],[139.766597,35.674031],[139.766344,35.673793],[139.766206,35.67389],[139.766147,35.673834]]]}},{"type":"Feature","properties":{"osm_type":"way","osm_id":1182060081,"building":"hotel","source_height_m":null,"source_levels":null,"display_height_m":17.0,"height_basis":"visual_fallback"},"geometry":{"type":"Polygon","coordinates":[[[139.769862,35.673687],[139.769971,35.673629],[139.769935,35.673583],[139.769991,35.673555],[139.769905,35.673452],[139.769729,35.673519],[139.769797,35.673605],[139.769862,35.673687]]]}},{"type":"Feature","properties":{"osm_type":"way","osm_id":1210009067,"building":"yes","source_height_m":null,"source_levels":null,"display_height_m":20.0,"height_basis":"visual_fallback"},"geometry":{"type":"Polygon","coordinates":[[[139.76856,35.666573],[139.768654,35.66665],[139.768692,35.666619],[139.768598,35.666542],[139.76856,35.666573]]]}},{"type":"Feature","properties":{"osm_type":"way","osm_id":1232063837,"building":"yes","source_height_m":null,"source_levels":null,"display_height_m":20.0,"height_basis":"visual_fallback"},"geometry":{"type":"Polygon","coordinates":[[[139.764819,35.668707],[139.764542,35.668503],[139.764429,35.668604],[139.764705,35.668808],[139.764819,35.668707]]]}},{"type":"Feature","properties":{"osm_type":"way","osm_id":1232063839,"building":"yes","source_height_m":null,"source_levels":null,"display_height_m":26.0,"height_basis":"visual_fallback"},"geometry":{"type":"Polygon","coordinates":[[[139.765304,35.669278],[139.765355,35.669316],[139.765419,35.669259],[139.765368,35.669221],[139.765304,35.669278]]]}},{"type":"Feature","properties":{"osm_type":"way","osm_id":1232063840,"building":"yes","source_height_m":null,"source_levels":null,"display_height_m":14.0,"height_basis":"visual_fallback"},"geometry":{"type":"Polygon","coordinates":[[[139.765274,35.669045],[139.765235,35.669016],[139.765117,35.66912],[139.765157,35.66915],[139.765274,35.669045]]]}},{"type":"Feature","properties":{"osm_type":"way","osm_id":1232063841,"building":"yes","source_height_m":null,"source_levels":null,"display_height_m":17.0,"height_basis":"visual_fallback"},"geometry":{"type":"Polygon","coordinates":[[[139.765235,35.669016],[139.765155,35.668956],[139.765034,35.669064],[139.765029,35.669069],[139.765109,35.669128],[139.765117,35.66912],[139.765235,35.669016]]]}},{"type":"Feature","properties":{"osm_type":"way","osm_id":1232063842,"building":"yes","source_height_m":null,"source_levels":null,"display_height_m":20.0,"height_basis":"visual_fallback"},"geometry":{"type":"Polygon","coordinates":[[[139.765155,35.668956],[139.765105,35.66892],[139.764984,35.669027],[139.765034,35.669064],[139.765155,35.668956]]]}},{"type":"Feature","properties":{"osm_type":"way","osm_id":1232063843,"building":"yes","source_height_m":null,"source_levels":null,"display_height_m":23.0,"height_basis":"visual_fallback"},"geometry":{"type":"Polygon","coordinates":[[[139.765105,35.66892],[139.765012,35.66885],[139.764891,35.668958],[139.764984,35.669027],[139.765105,35.66892]]]}},{"type":"Feature","properties":{"osm_type":"way","osm_id":1232063844,"building":"yes","source_height_m":null,"source_levels":null,"display_height_m":26.0,"height_basis":"visual_fallback"},"geometry":{"type":"Polygon","coordinates":[[[139.765012,35.66885],[139.764902,35.668769],[139.764803,35.668858],[139.764842,35.668887],[139.764821,35.668906],[139.764891,35.668958],[139.765012,35.66885]]]}},{"type":"Feature","properties":{"osm_type":"way","osm_id":1232063845,"building":"yes","source_height_m":null,"source_levels":null,"display_height_m":14.0,"height_basis":"visual_fallback"},"geometry":{"type":"Polygon","coordinates":[[[139.764902,35.668769],[139.764819,35.668707],[139.764705,35.668808],[139.764789,35.66887],[139.764803,35.668858],[139.764902,35.668769]]]}},{"type":"Feature","properties":{"osm_type":"way","osm_id":1232063846,"building":"yes","source_height_m":null,"source_levels":null,"display_height_m":17.0,"height_basis":"visual_fallback"},"geometry":{"type":"Polygon","coordinates":[[[139.765339,35.669093],[139.765274,35.669045],[139.765157,35.66915],[139.765145,35.66916],[139.76521,35.669208],[139.765339,35.669093]]]}},{"type":"Feature","properties":{"osm_type":"way","osm_id":1234173063,"building":"yes","source_height_m":null,"source_levels":null,"display_height_m":23.0,"height_basis":"visual_fallback"},"geometry":{"type":"Polygon","coordinates":[[[139.771074,35.675067],[139.771314,35.674971],[139.771247,35.674855],[139.77109,35.674919],[139.771081,35.674903],[139.771001,35.674931],[139.771007,35.674946],[139.771002,35.674948],[139.771074,35.675067]]]}},{"type":"Feature","properties":{"osm_type":"way","osm_id":1234173064,"building":"yes","source_height_m":null,"source_levels":12.0,"display_height_m":38.4,"height_basis":"osm_levels_x_3.2m"},"geometry":{"type":"Polygon","coordinates":[[[139.770877,35.674712],[139.770843,35.674643],[139.770704,35.674689],[139.770745,35.674762],[139.770877,35.674712]]]}},{"type":"Feature","properties":{"osm_type":"way","osm_id":1234173065,"building":"yes","source_height_m":null,"source_levels":null,"display_height_m":14.0,"height_basis":"visual_fallback"},"geometry":{"type":"Polygon","coordinates":[[[139.770686,35.674283],[139.770633,35.67416],[139.770327,35.674264],[139.770381,35.674341],[139.770418,35.674356],[139.770466,35.674362],[139.770486,35.674359],[139.770686,35.674283]]]}},{"type":"Feature","properties":{"osm_type":"way","osm_id":1234173066,"building":"yes","source_height_m":null,"source_levels":null,"display_height_m":17.0,"height_basis":"visual_fallback"},"geometry":{"type":"Polygon","coordinates":[[[139.771491,35.674003],[139.771535,35.673988],[139.771501,35.673927],[139.771454,35.67394],[139.771491,35.674003]]]}},{"type":"Feature","properties":{"osm_type":"way","osm_id":1234173067,"building":"apartments","source_height_m":null,"source_levels":13.0,"display_height_m":41.6,"height_basis":"osm_levels_x_3.2m"},"geometry":{"type":"Polygon","coordinates":[[[139.77085,35.672886],[139.770782,35.67282],[139.770657,35.6729],[139.770698,35.672943],[139.770707,35.672938],[139.770715,35.672948],[139.770723,35.672943],[139.770732,35.67295],[139.770759,35.672931],[139.770771,35.672934],[139.77085,35.672886]]]}},{"type":"Feature","properties":{"osm_type":"way","osm_id":1238271464,"building":"yes","source_height_m":null,"source_levels":null,"display_height_m":26.0,"height_basis":"visual_fallback"},"geometry":{"type":"Polygon","coordinates":[[[139.771152,35.66572],[139.771111,35.665759],[139.771133,35.665778],[139.771176,35.665739],[139.771152,35.66572]]]}},{"type":"Feature","properties":{"osm_type":"way","osm_id":1242847649,"building":"yes","source_height_m":null,"source_levels":null,"display_height_m":26.0,"height_basis":"visual_fallback"},"geometry":{"type":"Polygon","coordinates":[[[139.762307,35.665126],[139.762603,35.665634],[139.762709,35.665411],[139.762772,35.665196],[139.762307,35.665126]]]}},{"type":"Feature","properties":{"osm_type":"way","osm_id":1322004367,"building":"public","source_height_m":null,"source_levels":2.0,"display_height_m":6.4,"height_basis":"osm_levels_x_3.2m"},"geometry":{"type":"Polygon","coordinates":[[[139.763908,35.675144],[139.763948,35.675112],[139.763892,35.675066],[139.763871,35.675083],[139.763852,35.675098],[139.763908,35.675144]]]}},{"type":"Feature","properties":{"osm_type":"way","osm_id":1358134733,"building":"roof","source_height_m":null,"source_levels":null,"display_height_m":23.0,"height_basis":"visual_fallback"},"geometry":{"type":"Polygon","coordinates":[[[139.764155,35.675286],[139.764135,35.675286],[139.764123,35.675294],[139.76412,35.675306],[139.764137,35.675323],[139.764119,35.675336],[139.764153,35.675366],[139.76417,35.675352],[139.764189,35.67537],[139.764223,35.675344],[139.764155,35.675286]]]}},{"type":"Feature","properties":{"osm_type":"way","osm_id":1359849091,"building":"yes","source_height_m":null,"source_levels":null,"display_height_m":17.0,"height_basis":"visual_fallback"},"geometry":{"type":"Polygon","coordinates":[[[139.764926,35.666175],[139.765008,35.666244],[139.765037,35.666221],[139.764953,35.666152],[139.764926,35.666175]]]}},{"type":"Feature","properties":{"osm_type":"way","osm_id":1359849092,"building":"yes","source_height_m":null,"source_levels":null,"display_height_m":20.0,"height_basis":"visual_fallback"},"geometry":{"type":"Polygon","coordinates":[[[139.764934,35.666302],[139.764909,35.666322],[139.764829,35.666254],[139.764853,35.666234],[139.764934,35.666302]]]}},{"type":"Feature","properties":{"osm_type":"way","osm_id":1375153693,"building":"commercial","source_height_m":null,"source_levels":null,"display_height_m":23.0,"height_basis":"visual_fallback"},"geometry":{"type":"Polygon","coordinates":[[[139.761331,35.667519],[139.761181,35.667319],[139.761691,35.667115],[139.761845,35.667109],[139.762001,35.667024],[139.762088,35.666956],[139.762148,35.66689],[139.762211,35.666797],[139.762241,35.666745],[139.762507,35.666751],[139.762469,35.666825],[139.762395,35.666911],[139.762304,35.667001],[139.762171,35.667103],[139.762101,35.667148],[139.762153,35.667192],[139.761992,35.667274],[139.76175,35.66737],[139.761331,35.667519]]]}},{"type":"Feature","properties":{"osm_type":"way","osm_id":1375153694,"building":"commercial","source_height_m":null,"source_levels":null,"display_height_m":26.0,"height_basis":"visual_fallback"},"geometry":{"type":"Polygon","coordinates":[[[139.761022,35.667603],[139.759856,35.667989],[139.759793,35.667826],[139.76091,35.667453],[139.761022,35.667603]]]}},{"type":"Feature","properties":{"osm_type":"way","osm_id":1375153695,"building":"commercial","source_height_m":null,"source_levels":null,"display_height_m":14.0,"height_basis":"visual_fallback"},"geometry":{"type":"Polygon","coordinates":[[[139.759653,35.668056],[139.759,35.668267],[139.759,35.668083],[139.759593,35.667894],[139.759653,35.668056]]]}},{"type":"Feature","properties":{"osm_type":"way","osm_id":1375153696,"building":"commercial","source_height_m":null,"source_levels":null,"display_height_m":17.0,"height_basis":"visual_fallback"},"geometry":{"type":"Polygon","coordinates":[[[139.759,35.669249],[139.759052,35.66934],[139.759,35.669358],[139.759,35.669249]]]}},{"type":"Feature","properties":{"osm_type":"way","osm_id":1375153697,"building":"commercial","source_height_m":null,"source_levels":null,"display_height_m":20.0,"height_basis":"visual_fallback"},"geometry":{"type":"Polygon","coordinates":[[[139.759134,35.669492],[139.760516,35.671941],[139.76039,35.671983],[139.75901,35.669531],[139.759134,35.669492]]]}},{"type":"Feature","properties":{"osm_type":"way","osm_id":1375153698,"building":"commercial","source_height_m":null,"source_levels":null,"display_height_m":23.0,"height_basis":"visual_fallback"},"geometry":{"type":"Polygon","coordinates":[[[139.760615,35.672111],[139.760709,35.672228],[139.760867,35.672355],[139.761063,35.672458],[139.761289,35.672528],[139.761801,35.672649],[139.76223,35.672751],[139.762233,35.672741],[139.7625,35.672806],[139.762349,35.672906],[139.762186,35.672868],[139.762189,35.672852],[139.761597,35.672717],[139.761249,35.672632],[139.761047,35.67257],[139.760915,35.672514],[139.760823,35.672466],[139.760674,35.672366],[139.760566,35.67225],[139.76049,35.672145],[139.760615,35.672111]]]}},{"type":"Feature","properties":{"osm_type":"way","osm_id":1375153699,"building":"commercial","source_height_m":null,"source_levels":null,"display_height_m":26.0,"height_basis":"visual_fallback"},"geometry":{"type":"Polygon","coordinates":[[[139.77062,35.674626],[139.770518,35.674438],[139.770884,35.674302],[139.770988,35.674495],[139.77062,35.674626]]]}},{"type":"Feature","properties":{"osm_type":"way","osm_id":1375153700,"building":"commercial","source_height_m":null,"source_levels":null,"display_height_m":14.0,"height_basis":"visual_fallback"},"geometry":{"type":"Polygon","coordinates":[[[139.770325,35.674509],[139.770425,35.674697],[139.769647,35.674961],[139.769667,35.675007],[139.769353,35.675114],[139.769235,35.674905],[139.769957,35.674664],[139.769948,35.674625],[139.769963,35.674589],[139.770095,35.674612],[139.770215,35.674597],[139.770197,35.674556],[139.770325,35.674509]]]}},{"type":"Feature","properties":{"osm_type":"way","osm_id":1375153701,"building":"commercial","source_height_m":null,"source_levels":null,"display_height_m":17.0,"height_basis":"visual_fallback"},"geometry":{"type":"Polygon","coordinates":[[[139.768793,35.675056],[139.768919,35.675251],[139.768785,35.675291],[139.768698,35.675304],[139.768385,35.675304],[139.768182,35.675311],[139.768014,35.675347],[139.767808,35.675411],[139.767716,35.675267],[139.767867,35.675222],[139.768097,35.675129],[139.768095,35.675103],[139.768211,35.675092],[139.76848,35.675086],[139.768711,35.675072],[139.768793,35.675056]]]}},{"type":"Feature","properties":{"osm_type":"way","osm_id":1375153702,"building":"commercial","source_height_m":null,"source_levels":null,"display_height_m":20.0,"height_basis":"visual_fallback"},"geometry":{"type":"Polygon","coordinates":[[[139.766955,35.6755],[139.767432,35.675354],[139.767513,35.675481],[139.767447,35.6755],[139.766759,35.6755],[139.766863,35.675468],[139.76688,35.6755],[139.766955,35.6755]]]}},{"type":"Feature","properties":{"osm_type":"way","osm_id":1375153703,"building":"commercial","source_height_m":null,"source_levels":null,"display_height_m":23.0,"height_basis":"visual_fallback"},"geometry":{"type":"Polygon","coordinates":[[[139.765272,35.6755],[139.765183,35.675365],[139.765554,35.675288],[139.765695,35.6755],[139.765272,35.6755]]]}},{"type":"Feature","properties":{"osm_type":"way","osm_id":1375153704,"building":"commercial","source_height_m":null,"source_levels":null,"display_height_m":26.0,"height_basis":"visual_fallback"},"geometry":{"type":"Polygon","coordinates":[[[139.76507,35.675213],[139.764579,35.674508],[139.764902,35.674362],[139.765441,35.67513],[139.76507,35.675213]]]}},{"type":"Feature","properties":{"osm_type":"way","osm_id":1375153705,"building":"commercial","source_height_m":null,"source_levels":null,"display_height_m":14.0,"height_basis":"visual_fallback"},"geometry":{"type":"Polygon","coordinates":[[[139.764471,35.674336],[139.764074,35.673753],[139.764385,35.673613],[139.764786,35.674196],[139.764471,35.674336]]]}},{"type":"Feature","properties":{"osm_type":"way","osm_id":1382972318,"building":"yes","source_height_m":null,"source_levels":null,"display_height_m":23.0,"height_basis":"visual_fallback"},"geometry":{"type":"Polygon","coordinates":[[[139.759432,35.66935],[139.759535,35.669446],[139.759578,35.669416],[139.759475,35.66932],[139.759432,35.66935]]]}},{"type":"Feature","properties":{"osm_type":"way","osm_id":1382972319,"building":"yes","source_height_m":null,"source_levels":null,"display_height_m":26.0,"height_basis":"visual_fallback"},"geometry":{"type":"Polygon","coordinates":[[[139.760347,35.669189],[139.760372,35.669213],[139.760467,35.669148],[139.760442,35.669123],[139.760347,35.669189]]]}},{"type":"Feature","properties":{"osm_type":"way","osm_id":1382972320,"building":"yes","source_height_m":null,"source_levels":null,"display_height_m":14.0,"height_basis":"visual_fallback"},"geometry":{"type":"Polygon","coordinates":[[[139.760341,35.669185],[139.760435,35.66912],[139.760403,35.66909],[139.760309,35.669154],[139.760341,35.669185]]]}},{"type":"Feature","properties":{"osm_type":"way","osm_id":1382972321,"building":"yes","source_height_m":null,"source_levels":null,"display_height_m":17.0,"height_basis":"visual_fallback"},"geometry":{"type":"Polygon","coordinates":[[[139.760305,35.669151],[139.760401,35.669085],[139.760365,35.669051],[139.760269,35.669117],[139.760305,35.669151]]]}},{"type":"Feature","properties":{"osm_type":"way","osm_id":1382972322,"building":"yes","source_height_m":null,"source_levels":null,"display_height_m":20.0,"height_basis":"visual_fallback"},"geometry":{"type":"Polygon","coordinates":[[[139.760267,35.669113],[139.760347,35.669058],[139.76032,35.669031],[139.76024,35.669086],[139.760267,35.669113]]]}},{"type":"Feature","properties":{"osm_type":"way","osm_id":1382972323,"building":"yes","source_height_m":null,"source_levels":null,"display_height_m":23.0,"height_basis":"visual_fallback"},"geometry":{"type":"Polygon","coordinates":[[[139.760237,35.669077],[139.760299,35.669034],[139.760255,35.668992],[139.760192,35.669035],[139.760237,35.669077]]]}},{"type":"Feature","properties":{"osm_type":"way","osm_id":1382972324,"building":"yes","source_height_m":null,"source_levels":null,"display_height_m":26.0,"height_basis":"visual_fallback"},"geometry":{"type":"Polygon","coordinates":[[[139.760306,35.668936],[139.760226,35.668859],[139.760101,35.668945],[139.760181,35.669022],[139.760306,35.668936]]]}},{"type":"Feature","properties":{"osm_type":"way","osm_id":1382972325,"building":"yes","source_height_m":null,"source_levels":null,"display_height_m":14.0,"height_basis":"visual_fallback"},"geometry":{"type":"Polygon","coordinates":[[[139.760348,35.668778],[139.760233,35.668858],[139.76026,35.668884],[139.760376,35.668805],[139.760348,35.668778]]]}},{"type":"Feature","properties":{"osm_type":"way","osm_id":1382972326,"building":"yes","source_height_m":null,"source_levels":null,"display_height_m":17.0,"height_basis":"visual_fallback"},"geometry":{"type":"Polygon","coordinates":[[[139.760581,35.6692],[139.760706,35.669117],[139.760671,35.669082],[139.760546,35.669166],[139.760581,35.6692]]]}},{"type":"Feature","properties":{"osm_type":"way","osm_id":1382972327,"building":"yes","source_height_m":null,"source_levels":null,"display_height_m":20.0,"height_basis":"visual_fallback"},"geometry":{"type":"Polygon","coordinates":[[[139.760509,35.669126],[139.760544,35.66916],[139.76067,35.669076],[139.760635,35.669041],[139.760509,35.669126]]]}},{"type":"Feature","properties":{"osm_type":"way","osm_id":1382999344,"building":"yes","source_height_m":null,"source_levels":null,"display_height_m":26.0,"height_basis":"visual_fallback"},"geometry":{"type":"Polygon","coordinates":[[[139.765725,35.672519],[139.765998,35.672333],[139.765942,35.672279],[139.765669,35.672465],[139.765725,35.672519]]]}},{"type":"Feature","properties":{"osm_type":"way","osm_id":1382999345,"building":"yes","source_height_m":null,"source_levels":null,"display_height_m":14.0,"height_basis":"visual_fallback"},"geometry":{"type":"Polygon","coordinates":[[[139.762697,35.674121],[139.76277,35.674153],[139.762743,35.674071],[139.762685,35.674082],[139.762697,35.674121]]]}},{"type":"Feature","properties":{"osm_type":"way","osm_id":1382999346,"building":"yes","source_height_m":null,"source_levels":null,"display_height_m":17.0,"height_basis":"visual_fallback"},"geometry":{"type":"Polygon","coordinates":[[[139.762645,35.674265],[139.762734,35.674325],[139.762757,35.674301],[139.762668,35.674242],[139.762645,35.674265]]]}},{"type":"Feature","properties":{"osm_type":"way","osm_id":1382999347,"building":"yes","source_height_m":null,"source_levels":null,"display_height_m":20.0,"height_basis":"visual_fallback"},"geometry":{"type":"Polygon","coordinates":[[[139.762649,35.674226],[139.762756,35.674295],[139.762771,35.67428],[139.762818,35.67431],[139.762842,35.674286],[139.762772,35.674241],[139.762784,35.674226],[139.762667,35.674195],[139.762649,35.674226]]]}},{"type":"Feature","properties":{"osm_type":"way","osm_id":1382999348,"building":"yes","source_height_m":null,"source_levels":null,"display_height_m":23.0,"height_basis":"visual_fallback"},"geometry":{"type":"Polygon","coordinates":[[[139.762782,35.674351],[139.762831,35.674386],[139.762869,35.674352],[139.76282,35.674317],[139.762782,35.674351]]]}},{"type":"Feature","properties":{"osm_type":"way","osm_id":1382999349,"building":"yes","source_height_m":null,"source_levels":null,"display_height_m":26.0,"height_basis":"visual_fallback"},"geometry":{"type":"Polygon","coordinates":[[[139.762865,35.674404],[139.762966,35.674474],[139.763002,35.674443],[139.762986,35.674393],[139.762934,35.674405],[139.762923,35.674371],[139.762893,35.674377],[139.762865,35.674404]]]}},{"type":"Feature","properties":{"osm_type":"way","osm_id":1382999350,"building":"yes","source_height_m":null,"source_levels":null,"display_height_m":14.0,"height_basis":"visual_fallback"},"geometry":{"type":"Polygon","coordinates":[[[139.762969,35.674479],[139.763029,35.674519],[139.763032,35.674516],[139.763005,35.674446],[139.762969,35.674479]]]}},{"type":"Feature","properties":{"osm_type":"way","osm_id":1382999351,"building":"yes","source_height_m":null,"source_levels":null,"display_height_m":17.0,"height_basis":"visual_fallback"},"geometry":{"type":"Polygon","coordinates":[[[139.762983,35.674389],[139.762933,35.674249],[139.762876,35.674262],[139.762823,35.674312],[139.762903,35.674372],[139.762928,35.674367],[139.762939,35.674399],[139.762983,35.674389]]]}},{"type":"Feature","properties":{"osm_type":"way","osm_id":1382999352,"building":"yes","source_height_m":null,"source_levels":null,"display_height_m":20.0,"height_basis":"visual_fallback"},"geometry":{"type":"Polygon","coordinates":[[[139.762792,35.674225],[139.762779,35.674241],[139.762844,35.674282],[139.762872,35.674254],[139.762931,35.67424],[139.762915,35.674196],[139.762792,35.674225]]]}},{"type":"Feature","properties":{"osm_type":"way","osm_id":1382999353,"building":"yes","source_height_m":null,"source_levels":null,"display_height_m":23.0,"height_basis":"visual_fallback"},"geometry":{"type":"Polygon","coordinates":[[[139.762807,35.674176],[139.762698,35.674124],[139.762667,35.674191],[139.762787,35.674221],[139.762911,35.674192],[139.762897,35.674155],[139.762807,35.674176]]]}},{"type":"Feature","properties":{"osm_type":"way","osm_id":1382999354,"building":"yes","source_height_m":null,"source_levels":null,"display_height_m":26.0,"height_basis":"visual_fallback"},"geometry":{"type":"Polygon","coordinates":[[[139.764134,35.672942],[139.764239,35.672866],[139.764196,35.672827],[139.764306,35.672748],[139.764231,35.67268],[139.763989,35.672857],[139.764134,35.672942]]]}},{"type":"Feature","properties":{"osm_type":"way","osm_id":1382999355,"building":"yes","source_height_m":null,"source_levels":null,"display_height_m":14.0,"height_basis":"visual_fallback"},"geometry":{"type":"Polygon","coordinates":[[[139.763248,35.67132],[139.763413,35.671203],[139.76333,35.671125],[139.76327,35.671168],[139.763288,35.671185],[139.763219,35.671233],[139.763227,35.671241],[139.763191,35.671266],[139.763248,35.67132]]]}},{"type":"Feature","properties":{"osm_type":"way","osm_id":1382999356,"building":"yes","source_height_m":null,"source_levels":null,"display_height_m":17.0,"height_basis":"visual_fallback"},"geometry":{"type":"Polygon","coordinates":[[[139.763589,35.670266],[139.763724,35.67017],[139.763692,35.670141],[139.763557,35.670237],[139.763589,35.670266]]]}},{"type":"Feature","properties":{"osm_type":"way","osm_id":1383239204,"building":"yes","source_height_m":null,"source_levels":null,"display_height_m":26.0,"height_basis":"visual_fallback"},"geometry":{"type":"Polygon","coordinates":[[[139.769851,35.671169],[139.769894,35.67114],[139.769847,35.671094],[139.769804,35.671123],[139.769851,35.671169]]]}},{"type":"Feature","properties":{"osm_type":"way","osm_id":1383239205,"building":"yes","source_height_m":null,"source_levels":null,"display_height_m":14.0,"height_basis":"visual_fallback"},"geometry":{"type":"Polygon","coordinates":[[[139.770232,35.671204],[139.77026,35.671233],[139.770308,35.671203],[139.770281,35.671174],[139.770232,35.671204]]]}},{"type":"Feature","properties":{"osm_type":"way","osm_id":1383239206,"building":"yes","source_height_m":null,"source_levels":null,"display_height_m":17.0,"height_basis":"visual_fallback"},"geometry":{"type":"Polygon","coordinates":[[[139.771619,35.672683],[139.771565,35.672593],[139.77154,35.672603],[139.771594,35.672693],[139.771619,35.672683]]]}},{"type":"Feature","properties":{"osm_type":"way","osm_id":1383239207,"building":"yes","source_height_m":null,"source_levels":null,"display_height_m":20.0,"height_basis":"visual_fallback"},"geometry":{"type":"Polygon","coordinates":[[[139.771662,35.672668],[139.771605,35.672573],[139.771569,35.672588],[139.771626,35.672682],[139.771662,35.672668]]]}},{"type":"Feature","properties":{"osm_type":"way","osm_id":1383239208,"building":"yes","source_height_m":null,"source_levels":null,"display_height_m":23.0,"height_basis":"visual_fallback"},"geometry":{"type":"Polygon","coordinates":[[[139.771485,35.674322],[139.771521,35.67437],[139.771901,35.674231],[139.771858,35.674183],[139.771485,35.674322]]]}},{"type":"Feature","properties":{"osm_type":"way","osm_id":1383239209,"building":"yes","source_height_m":null,"source_levels":null,"display_height_m":26.0,"height_basis":"visual_fallback"},"geometry":{"type":"Polygon","coordinates":[[[139.770201,35.674453],[139.770001,35.674212],[139.769817,35.674303],[139.769815,35.674335],[139.769918,35.674456],[139.769944,35.674476],[139.770003,35.674503],[139.77002,35.674493],[139.770035,35.674512],[139.770099,35.674486],[139.770201,35.674453]]]}},{"type":"Feature","properties":{"osm_type":"way","osm_id":1383239210,"building":"yes","source_height_m":null,"source_levels":null,"display_height_m":14.0,"height_basis":"visual_fallback"},"geometry":{"type":"Polygon","coordinates":[[[139.766917,35.671957],[139.766944,35.671985],[139.76704,35.671923],[139.767013,35.671896],[139.766917,35.671957]]]}},{"type":"Feature","properties":{"osm_type":"way","osm_id":1383239211,"building":"yes","source_height_m":null,"source_levels":null,"display_height_m":17.0,"height_basis":"visual_fallback"},"geometry":{"type":"Polygon","coordinates":[[[139.767084,35.671838],[139.767116,35.671824],[139.767068,35.671756],[139.767036,35.67177],[139.767084,35.671838]]]}},{"type":"Feature","properties":{"osm_type":"way","osm_id":1383239212,"building":"yes","source_height_m":null,"source_levels":null,"display_height_m":20.0,"height_basis":"visual_fallback"},"geometry":{"type":"Polygon","coordinates":[[[139.767038,35.671898],[139.767094,35.67186],[139.767075,35.671841],[139.767019,35.671879],[139.767038,35.671898]]]}},{"type":"Feature","properties":{"osm_type":"way","osm_id":1383239213,"building":"yes","source_height_m":null,"source_levels":null,"display_height_m":23.0,"height_basis":"visual_fallback"},"geometry":{"type":"Polygon","coordinates":[[[139.766974,35.671639],[139.766894,35.671561],[139.766853,35.671589],[139.766933,35.671667],[139.766974,35.671639]]]}},{"type":"Feature","properties":{"osm_type":"way","osm_id":1383239214,"building":"yes","source_height_m":null,"source_levels":null,"display_height_m":26.0,"height_basis":"visual_fallback"},"geometry":{"type":"Polygon","coordinates":[[[139.76685,35.671585],[139.766898,35.671552],[139.766837,35.671492],[139.766788,35.671525],[139.76685,35.671585]]]}},{"type":"Feature","properties":{"osm_type":"way","osm_id":1383239215,"building":"yes","source_height_m":null,"source_levels":null,"display_height_m":14.0,"height_basis":"visual_fallback"},"geometry":{"type":"Polygon","coordinates":[[[139.765793,35.6693],[139.765876,35.66923],[139.765786,35.66916],[139.765721,35.669215],[139.765723,35.669245],[139.765793,35.6693]]]}},{"type":"Feature","properties":{"osm_type":"way","osm_id":1383239216,"building":"yes","source_height_m":null,"source_levels":null,"display_height_m":17.0,"height_basis":"visual_fallback"},"geometry":{"type":"Polygon","coordinates":[[[139.765419,35.668967],[139.765468,35.669007],[139.765538,35.668949],[139.765489,35.66891],[139.765419,35.668967]]]}},{"type":"Feature","properties":{"osm_type":"way","osm_id":1383239217,"building":"yes","source_height_m":null,"source_levels":null,"display_height_m":20.0,"height_basis":"visual_fallback"},"geometry":{"type":"Polygon","coordinates":[[[139.765983,35.667715],[139.766077,35.667633],[139.766047,35.667611],[139.765953,35.667693],[139.765983,35.667715]]]}},{"type":"Feature","properties":{"osm_type":"way","osm_id":1383239218,"building":"yes","source_height_m":null,"source_levels":null,"display_height_m":23.0,"height_basis":"visual_fallback"},"geometry":{"type":"Polygon","coordinates":[[[139.765949,35.667685],[139.76604,35.667605],[139.766007,35.66758],[139.765916,35.66766],[139.765949,35.667685]]]}},{"type":"Feature","properties":{"osm_type":"way","osm_id":1383239219,"building":"yes","source_height_m":null,"source_levels":null,"display_height_m":26.0,"height_basis":"visual_fallback"},"geometry":{"type":"Polygon","coordinates":[[[139.765933,35.667634],[139.765996,35.667578],[139.765935,35.667533],[139.765872,35.667588],[139.765933,35.667634]]]}},{"type":"Feature","properties":{"osm_type":"way","osm_id":1383239220,"building":"yes","source_height_m":null,"source_levels":null,"display_height_m":14.0,"height_basis":"visual_fallback"},"geometry":{"type":"Polygon","coordinates":[[[139.765867,35.667584],[139.76593,35.66753],[139.765883,35.667495],[139.76582,35.667549],[139.765867,35.667584]]]}},{"type":"Feature","properties":{"osm_type":"way","osm_id":1383239221,"building":"yes","source_height_m":null,"source_levels":null,"display_height_m":17.0,"height_basis":"visual_fallback"},"geometry":{"type":"Polygon","coordinates":[[[139.765818,35.667541],[139.765875,35.667491],[139.76583,35.667457],[139.765773,35.667507],[139.765818,35.667541]]]}},{"type":"Feature","properties":{"osm_type":"way","osm_id":1383239222,"building":"yes","source_height_m":null,"source_levels":null,"display_height_m":20.0,"height_basis":"visual_fallback"},"geometry":{"type":"Polygon","coordinates":[[[139.765302,35.667382],[139.765393,35.667451],[139.765478,35.667377],[139.765387,35.667308],[139.765302,35.667382]]]}},{"type":"Feature","properties":{"osm_type":"way","osm_id":1383239223,"building":"yes","source_height_m":null,"source_levels":null,"display_height_m":23.0,"height_basis":"visual_fallback"},"geometry":{"type":"Polygon","coordinates":[[[139.765021,35.667442],[139.765102,35.667374],[139.765023,35.667312],[139.764942,35.667379],[139.765021,35.667442]]]}},{"type":"Feature","properties":{"osm_type":"way","osm_id":1383239224,"building":"yes","source_height_m":null,"source_levels":null,"display_height_m":26.0,"height_basis":"visual_fallback"},"geometry":{"type":"Polygon","coordinates":[[[139.765175,35.667281],[139.765266,35.667205],[139.765387,35.6673],[139.765483,35.66722],[139.765182,35.666982],[139.764994,35.667138],[139.765175,35.667281]]]}},{"type":"Feature","properties":{"osm_type":"way","osm_id":1383239225,"building":"yes","source_height_m":null,"source_levels":null,"display_height_m":14.0,"height_basis":"visual_fallback"},"geometry":{"type":"Polygon","coordinates":[[[139.765229,35.667322],[139.765311,35.667254],[139.765268,35.66722],[139.765187,35.667288],[139.765229,35.667322]]]}},{"type":"Feature","properties":{"osm_type":"way","osm_id":1383239226,"building":"yes","source_height_m":null,"source_levels":null,"display_height_m":17.0,"height_basis":"visual_fallback"},"geometry":{"type":"Polygon","coordinates":[[[139.765463,35.666835],[139.765506,35.6668],[139.765464,35.666766],[139.765512,35.666727],[139.765421,35.666655],[139.765331,35.666731],[139.765463,35.666835]]]}},{"type":"Feature","properties":{"osm_type":"way","osm_id":1383239227,"building":"yes","source_height_m":null,"source_levels":null,"display_height_m":20.0,"height_basis":"visual_fallback"},"geometry":{"type":"Polygon","coordinates":[[[139.765211,35.66684],[139.765346,35.666946],[139.765467,35.666845],[139.765332,35.666739],[139.765211,35.66684]]]}},{"type":"Feature","properties":{"osm_type":"way","osm_id":1383253026,"building":"yes","source_height_m":null,"source_levels":null,"display_height_m":17.0,"height_basis":"visual_fallback"},"geometry":{"type":"Polygon","coordinates":[[[139.771176,35.665508],[139.771074,35.665436],[139.771096,35.665413],[139.7712,35.665486],[139.771176,35.665508]]]}},{"type":"Feature","properties":{"osm_type":"way","osm_id":1391162949,"building":"yes","source_height_m":null,"source_levels":null,"display_height_m":26.0,"height_basis":"visual_fallback"},"geometry":{"type":"Polygon","coordinates":[[[139.768818,35.66851],[139.768837,35.668555],[139.768868,35.668545],[139.768898,35.668546],[139.768898,35.668496],[139.768853,35.668498],[139.768818,35.66851]]]}},{"type":"Feature","properties":{"osm_type":"way","osm_id":1391162950,"building":"yes","source_height_m":null,"source_levels":null,"display_height_m":14.0,"height_basis":"visual_fallback"},"geometry":{"type":"Polygon","coordinates":[[[139.768683,35.668663],[139.768748,35.668666],[139.76875,35.668637],[139.768765,35.668607],[139.768703,35.668595],[139.768686,35.668629],[139.768683,35.668663]]]}},{"type":"Feature","properties":{"osm_type":"way","osm_id":1415103515,"building":"yes","source_height_m":null,"source_levels":null,"display_height_m":14.0,"height_basis":"visual_fallback"},"geometry":{"type":"Polygon","coordinates":[[[139.759,35.671505],[139.759003,35.671505],[139.759,35.6715],[139.759,35.671505]]]}},{"type":"Feature","properties":{"osm_type":"way","osm_id":1415103516,"building":"yes","source_height_m":null,"source_levels":null,"display_height_m":17.0,"height_basis":"visual_fallback"},"geometry":{"type":"Polygon","coordinates":[[[139.760729,35.672197],[139.760739,35.672215],[139.760808,35.672247],[139.7609,35.672281],[139.760903,35.67228],[139.760877,35.672076],[139.760734,35.672089],[139.760725,35.672096],[139.760721,35.672107],[139.760721,35.672125],[139.760729,35.672197]]]}},{"type":"Feature","properties":{"osm_type":"way","osm_id":1415103517,"building":"yes","source_height_m":null,"source_levels":null,"display_height_m":20.0,"height_basis":"visual_fallback"},"geometry":{"type":"Polygon","coordinates":[[[139.760729,35.672197],[139.760721,35.672125],[139.760655,35.672129],[139.760647,35.672142],[139.760707,35.672199],[139.760729,35.672197]]]}},{"type":"Feature","properties":{"osm_type":"way","osm_id":1415103518,"building":"yes","source_height_m":null,"source_levels":null,"display_height_m":23.0,"height_basis":"visual_fallback"},"geometry":{"type":"Polygon","coordinates":[[[139.759185,35.667729],[139.759148,35.667658],[139.75911,35.667671],[139.759146,35.667742],[139.759185,35.667729]]]}},{"type":"Feature","properties":{"osm_type":"way","osm_id":1415105507,"building":"yes","source_height_m":null,"source_levels":null,"display_height_m":20.0,"height_basis":"visual_fallback"},"geometry":{"type":"Polygon","coordinates":[[[139.769186,35.673248],[139.769218,35.673289],[139.769346,35.673223],[139.769314,35.673182],[139.769186,35.673248]]]}},{"type":"Feature","properties":{"osm_type":"way","osm_id":1415105508,"building":"yes","source_height_m":null,"source_levels":null,"display_height_m":23.0,"height_basis":"visual_fallback"},"geometry":{"type":"Polygon","coordinates":[[[139.76551,35.67041],[139.76567,35.670294],[139.765636,35.670263],[139.765476,35.670379],[139.76551,35.67041]]]}},{"type":"Feature","properties":{"osm_type":"way","osm_id":1415105509,"building":"yes","source_height_m":null,"source_levels":null,"display_height_m":26.0,"height_basis":"visual_fallback"},"geometry":{"type":"Polygon","coordinates":[[[139.768518,35.669287],[139.768563,35.669325],[139.76867,35.669243],[139.768625,35.669204],[139.768518,35.669287]]]}},{"type":"Feature","properties":{"osm_type":"way","osm_id":1416537194,"building":"yes","source_height_m":null,"source_levels":null,"display_height_m":26.0,"height_basis":"visual_fallback"},"geometry":{"type":"Polygon","coordinates":[[[139.771061,35.666633],[139.771166,35.666539],[139.771073,35.66647],[139.771022,35.666515],[139.771071,35.666551],[139.771017,35.6666],[139.771061,35.666633]]]}},{"type":"Feature","properties":{"osm_type":"way","osm_id":1423463429,"building":"yes","source_height_m":null,"source_levels":null,"display_height_m":26.0,"height_basis":"visual_fallback"},"geometry":{"type":"Polygon","coordinates":[[[139.769386,35.666999],[139.769556,35.666858],[139.769798,35.66705],[139.769638,35.667183],[139.769603,35.667177],[139.769386,35.666999]]]}},{"type":"Feature","properties":{"osm_type":"way","osm_id":1427087055,"building":"yes","source_height_m":null,"source_levels":null,"display_height_m":14.0,"height_basis":"visual_fallback"},"geometry":{"type":"Polygon","coordinates":[[[139.769572,35.666469],[139.769662,35.666391],[139.769601,35.666344],[139.76951,35.666422],[139.769572,35.666469]]]}},{"type":"Feature","properties":{"osm_type":"way","osm_id":1427087060,"building":"yes","source_height_m":null,"source_levels":null,"display_height_m":14.0,"height_basis":"visual_fallback"},"geometry":{"type":"Polygon","coordinates":[[[139.763419,35.666554],[139.763512,35.666478],[139.763461,35.666437],[139.763437,35.666457],[139.763431,35.666452],[139.763362,35.666508],[139.763419,35.666554]]]}},{"type":"Feature","properties":{"osm_type":"way","osm_id":1427087061,"building":"yes","source_height_m":null,"source_levels":null,"display_height_m":17.0,"height_basis":"visual_fallback"},"geometry":{"type":"Polygon","coordinates":[[[139.763519,35.666469],[139.763573,35.666424],[139.763523,35.666384],[139.763469,35.666428],[139.763519,35.666469]]]}},{"type":"Feature","properties":{"osm_type":"way","osm_id":1427230768,"building":"yes","source_height_m":null,"source_levels":null,"display_height_m":23.0,"height_basis":"visual_fallback"},"geometry":{"type":"Polygon","coordinates":[[[139.75929,35.667692],[139.759254,35.667615],[139.759204,35.667631],[139.75924,35.667708],[139.75929,35.667692]]]}},{"type":"Feature","properties":{"osm_type":"way","osm_id":1427230769,"building":"yes","source_height_m":null,"source_levels":null,"display_height_m":26.0,"height_basis":"visual_fallback"},"geometry":{"type":"Polygon","coordinates":[[[139.759342,35.667679],[139.759409,35.667658],[139.759366,35.667568],[139.759299,35.667589],[139.759342,35.667679]]]}},{"type":"Feature","properties":{"osm_type":"way","osm_id":1427230770,"building":"yes","source_height_m":null,"source_levels":null,"display_height_m":14.0,"height_basis":"visual_fallback"},"geometry":{"type":"Polygon","coordinates":[[[139.761241,35.674448],[139.761543,35.674383],[139.761517,35.674304],[139.761214,35.674365],[139.761241,35.674448]]]}},{"type":"Feature","properties":{"osm_type":"way","osm_id":1427231403,"building":"yes","source_height_m":null,"source_levels":null,"display_height_m":23.0,"height_basis":"visual_fallback"},"geometry":{"type":"Polygon","coordinates":[[[139.771332,35.668287],[139.771411,35.668351],[139.771441,35.668327],[139.771362,35.668263],[139.771332,35.668287]]]}},{"type":"Feature","properties":{"osm_type":"way","osm_id":1427231404,"building":"yes","source_height_m":null,"source_levels":null,"display_height_m":26.0,"height_basis":"visual_fallback"},"geometry":{"type":"Polygon","coordinates":[[[139.771926,35.672475],[139.771941,35.672519],[139.771964,35.672514],[139.772,35.672472],[139.772,35.672458],[139.771926,35.672475]]]}},{"type":"Feature","properties":{"osm_type":"way","osm_id":1427231405,"building":"yes","source_height_m":null,"source_levels":null,"display_height_m":14.0,"height_basis":"visual_fallback"},"geometry":{"type":"Polygon","coordinates":[[[139.766046,35.667433],[139.766125,35.667366],[139.766167,35.667399],[139.766345,35.667248],[139.766314,35.667224],[139.766443,35.667114],[139.766526,35.667178],[139.766984,35.667533],[139.767039,35.667575],[139.766653,35.667903],[139.766603,35.667865],[139.766144,35.667509],[139.766046,35.667433]]]}},{"type":"Feature","properties":{"osm_type":"way","osm_id":1434671685,"building":"roof","source_height_m":null,"source_levels":null,"display_height_m":14.0,"height_basis":"visual_fallback"},"geometry":{"type":"Polygon","coordinates":[[[139.759,35.665954],[139.759002,35.665956],[139.759013,35.665999],[139.759,35.666039],[139.759,35.665954]]]}},{"type":"Feature","properties":{"osm_type":"way","osm_id":1447149804,"building":"yes","source_height_m":null,"source_levels":2.0,"display_height_m":6.4,"height_basis":"osm_levels_x_3.2m"},"geometry":{"type":"Polygon","coordinates":[[[139.771563,35.67405],[139.771729,35.67399],[139.771765,35.674043],[139.771849,35.674166],[139.771614,35.674251],[139.771561,35.674141],[139.771602,35.674124],[139.771563,35.67405]]]}},{"type":"Feature","properties":{"osm_type":"way","osm_id":1447149806,"building":"yes","source_height_m":null,"source_levels":2.0,"display_height_m":6.4,"height_basis":"osm_levels_x_3.2m"},"geometry":{"type":"Polygon","coordinates":[[[139.772,35.673881],[139.772,35.674149],[139.771892,35.674],[139.771847,35.673939],[139.772,35.673881]]]}},{"type":"Feature","properties":{"osm_type":"way","osm_id":1504466946,"building":"yes","source_height_m":null,"source_levels":null,"display_height_m":17.0,"height_basis":"visual_fallback"},"geometry":{"type":"Polygon","coordinates":[[[139.770257,35.665874],[139.770328,35.665811],[139.770239,35.665745],[139.770168,35.665807],[139.770257,35.665874]]]}},{"type":"Feature","properties":{"osm_type":"way","osm_id":1504466947,"building":"yes","source_height_m":null,"source_levels":null,"display_height_m":20.0,"height_basis":"visual_fallback"},"geometry":{"type":"Polygon","coordinates":[[[139.770324,35.666065],[139.770384,35.666012],[139.770312,35.665958],[139.770252,35.66601],[139.770324,35.666065]]]}}]}
